Customer ID,Recency,Frequency,Monetary,R_Score,F_Score,M_Score,Asset_Tier,Is_Liquidated,Liquidation_Probability,Projected_Asset_Yield,CELR
15098.0,182,3,39916.5,3,3,5,High-Yield Volatile,1,0.99,14602.80913139227,14456.781040078347
15749.0,235,3,44534.3,2,3,5,Distressed Equity,1,0.99,6758.293561875092,6690.710626256341
12346.0,326,12,77556.46,2,5,5,Distressed Equity,1,0.99,2541.5254331167193,2516.1101787855523
13631.0,100,11,3070.42,3,5,5,High-Yield Volatile,1,1.0,2224.343185905029,2224.343185905029
16446.0,1,2,168472.5,5,2,5,Dormant Capital,0,0.02,103647.48667095642,2072.9497334191283
12980.0,158,21,16245.78,3,5,5,High-Yield Volatile,1,1.0,2024.9181434850216,2024.9181434850216
14045.0,109,16,11313.03,3,5,5,High-Yield Volatile,1,0.96,1963.025466818051,1884.5044481453288
13027.0,114,19,17335.2,3,5,5,High-Yield Volatile,1,1.0,1560.9703967892954,1560.9703967892954
17723.0,127,7,3378.4000000000005,3,4,5,High-Yield Volatile,1,0.98,1289.23718035657,1263.4524367494384
18087.0,98,17,14761.52,3,5,5,High-Yield Volatile,1,0.98,1136.6723765341007,1113.9389290034187
17553.0,130,4,3757.6,3,4,5,High-Yield Volatile,1,1.0,1077.0072855778863,1077.0072855778863
13848.0,92,8,3335.0,3,4,5,High-Yield Volatile,1,0.97,962.444782630741,933.5714391518187
15389.0,172,5,2733.8,3,4,4,High-Yield Volatile,1,0.99,899.6456391961989,890.649182804237
12643.0,128,12,8350.42,3,5,5,High-Yield Volatile,1,0.97,874.6201750987985,848.3815698458345
17876.0,400,3,3424.02,2,3,5,Distressed Equity,1,1.0,776.2595515155604,776.2595515155604
12908.0,176,5,1776.0,3,4,4,High-Yield Volatile,1,1.0,747.9152138825689,747.9152138825689
15760.0,631,2,13916.34,1,2,5,Dormant Capital,1,1.0,700.3780105429038,700.3780105429038
16692.0,256,4,1914.7,2,4,4,Distressed Equity,1,1.0,687.0763632531008,687.0763632531008
15797.0,113,6,2821.08,3,4,4,High-Yield Volatile,1,1.0,580.8810189906583,580.8810189906583
17457.0,127,14,5984.81,3,5,5,High-Yield Volatile,1,1.0,515.0254703386616,515.0254703386616
14566.0,111,4,4092.0,3,3,5,High-Yield Volatile,1,0.99,499.0702001846903,494.0794981828434
17616.0,174,4,1060.8,3,4,3,High-Yield Volatile,1,0.99,454.1906164878892,449.6487103230103
13082.0,126,21,7335.75,3,5,5,High-Yield Volatile,1,0.98,450.9169523647788,441.89861331748324
14828.0,197,13,9839.46,2,5,5,Distressed Equity,1,1.0,429.61891301591675,429.61891301591675
13802.0,139,19,26259.11,3,5,5,High-Yield Volatile,1,1.0,423.0225015731737,423.0225015731737
14195.0,202,6,2615.6,2,4,4,Distressed Equity,1,0.99,406.90534101186114,402.8362876017425
17353.0,129,4,3242.0,3,4,5,High-Yield Volatile,1,1.0,392.260618483002,392.260618483002
16698.0,227,2,1998.0,2,2,4,Dormant Capital,1,1.0,363.60278863425003,363.60278863425003
16027.0,92,15,2048.36,3,5,4,High-Yield Volatile,1,0.97,369.98723233633484,358.8876153662448
15372.0,137,8,6017.06,3,4,5,High-Yield Volatile,1,0.98,358.292894981517,351.12703708188667
15653.0,93,2,877.44,3,2,3,Dormant Capital,1,1.0,338.9630007599517,338.9630007599517
12875.0,143,5,1356.9900000000002,3,4,4,High-Yield Volatile,1,1.0,333.1818668327234,333.1818668327234
16180.0,100,13,16249.87,3,5,5,High-Yield Volatile,1,0.97,338.7264807723896,328.56468634921794
12755.0,281,11,9030.66,2,5,5,Distressed Equity,1,1.0,328.45193534719624,328.45193534719624
12891.0,186,11,840.5,3,5,3,High-Yield Volatile,1,1.0,326.7727110238051,326.7727110238051
13452.0,259,3,729.8,2,3,3,Distressed Equity,1,1.0,326.0573958623963,326.0573958623963
14364.0,109,8,3717.35,3,4,5,High-Yield Volatile,1,1.0,320.41563303862443,320.41563303862443
18064.0,133,11,4495.03,3,5,5,High-Yield Volatile,1,1.0,319.98600774594775,319.98600774594775
17308.0,393,2,4511.76,2,3,5,Distressed Equity,1,1.0,317.89679137481534,317.89679137481534
17941.0,131,4,1433.28,3,4,4,High-Yield Volatile,1,1.0,312.5501073442572,312.5501073442572
12737.0,499,2,3710.5,1,2,5,Dormant Capital,1,1.0,310.3123585090451,310.3123585090451
15100.0,334,7,2894.7,2,4,4,Distressed Equity,1,1.0,301.9998075920336,301.9998075920336
17310.0,387,2,1025.1,2,3,3,Distressed Equity,1,1.0,299.70938350649806,299.70938350649806
16716.0,267,3,2149.6800000000003,2,3,4,Distressed Equity,1,1.0,299.38121789419097,299.38121789419097
15032.0,256,8,13780.65,2,4,5,Distressed Equity,1,0.99,298.732745563583,295.7454181079472
17409.0,185,10,7793.51,3,5,5,High-Yield Volatile,1,0.99,280.65438054273244,277.8478367373051
17152.0,195,4,2016.5,2,4,4,Distressed Equity,1,1.0,272.76732429066215,272.76732429066215
13929.0,169,11,3494.1,3,5,5,High-Yield Volatile,1,1.0,264.6727031284492,264.6727031284492
18093.0,93,8,4452.71,3,5,5,High-Yield Volatile,1,0.98,269.6958063682938,264.30189024092795
17268.0,108,11,1733.89,3,5,4,High-Yield Volatile,1,1.0,254.61000925398693,254.61000925398693
13162.0,122,16,9275.49,3,5,5,High-Yield Volatile,1,0.98,244.9295869347172,240.03099519602287
13791.0,128,2,1516.0,3,2,4,Dormant Capital,1,1.0,238.60417153808947,238.60417153808947
16087.0,389,5,1739.92,2,4,4,Distressed Equity,1,1.0,231.54462181997505,231.54462181997505
15202.0,420,3,6001.49,1,3,5,Distressed Equity,1,1.0,228.90962352804533,228.90962352804533
14616.0,243,5,527.78,2,4,2,Distressed Equity,1,1.0,226.90784896412788,226.90784896412788
17029.0,111,7,2137.3,3,4,4,High-Yield Volatile,1,1.0,220.947143731807,220.947143731807
15260.0,100,25,9188.23,3,5,5,High-Yield Volatile,1,0.97,224.95015873678608,218.2016539746825
13217.0,122,4,666.48,3,3,3,High-Yield Volatile,1,1.0,217.19550357901596,217.19550357901596
16696.0,135,4,657.9,3,4,3,High-Yield Volatile,1,1.0,216.9630041960155,216.9630041960155
14463.0,98,4,786.5699999999999,3,3,3,High-Yield Volatile,1,1.0,205.39337357168904,205.39337357168904
12422.0,96,17,5231.8,3,5,5,High-Yield Volatile,1,0.97,211.73995053378653,205.38775201777293
17391.0,164,2,508.8,3,3,2,High-Yield Volatile,1,1.0,203.2579745205133,203.2579745205133
15812.0,107,12,5201.47,3,5,5,High-Yield Volatile,1,1.0,202.74598557282116,202.74598557282116
12917.0,128,6,4359.2,3,4,5,High-Yield Volatile,1,1.0,202.50420321613746,202.50420321613746
17923.0,282,3,497.0,2,3,2,Distressed Equity,1,1.0,200.58882759717739,200.58882759717739
14403.0,130,6,1880.51,3,4,4,High-Yield Volatile,1,1.0,196.38411049591372,196.38411049591372
15400.0,92,8,1302.3,3,4,4,High-Yield Volatile,1,1.0,194.93083905343602,194.93083905343602
16998.0,150,5,402.0,3,4,2,High-Yield Volatile,1,1.0,191.24971315344163,191.24971315344163
17281.0,374,6,797.85,2,4,3,Distressed Equity,1,1.0,187.62503300475322,187.62503300475322
14063.0,438,9,22710.2,1,5,5,Distressed Equity,1,0.99,183.2411645065403,181.40875286147488
13223.0,200,6,969.12,2,4,3,Distressed Equity,1,1.0,180.16563460741685,180.16563460741685
13249.0,92,9,1608.9299999999998,3,5,4,High-Yield Volatile,1,1.0,176.20672437122175,176.20672437122175
14918.0,116,9,5955.81,3,5,5,High-Yield Volatile,1,0.99,176.96556583315538,175.19591017482384
16927.0,116,3,543.05,3,3,2,High-Yield Volatile,1,1.0,175.1502449107668,175.1502449107668
17715.0,201,2,489.6,2,3,2,Distressed Equity,1,1.0,173.12431056384725,173.12431056384725
15381.0,214,5,1890.57,2,4,4,Distressed Equity,1,1.0,171.8141685757478,171.8141685757478
18220.0,227,6,1921.76,2,4,4,Distressed Equity,1,1.0,169.9864305904916,169.9864305904916
14802.0,438,2,1502.98,1,2,4,Dormant Capital,1,1.0,165.04434958151887,165.04434958151887
13135.0,197,2,3371.45,2,2,5,Dormant Capital,1,1.0,154.61932478796962,154.61932478796962
16990.0,219,2,344.0,2,3,2,Distressed Equity,1,0.99,154.16267323705355,152.62104650468302
14407.0,107,6,2157.73,3,4,4,High-Yield Volatile,1,0.99,150.49577817805937,148.99082039627876
14091.0,654,2,9530.08,1,2,5,Dormant Capital,1,1.0,139.73274756007567,139.73274756007567
17083.0,109,9,4049.79,3,5,5,High-Yield Volatile,1,1.0,137.22623880829448,137.22623880829448
13748.0,96,9,2268.35,3,5,4,High-Yield Volatile,1,0.99,137.94754647432575,136.5680710095825
14053.0,124,4,572.3,3,3,2,High-Yield Volatile,1,1.0,135.08528194234623,135.08528194234623
13762.0,219,5,2472.48,2,4,4,Distressed Equity,1,1.0,134.30591029885667,134.30591029885667
13722.0,132,10,5635.41,3,5,5,High-Yield Volatile,1,0.99,131.3462505401028,130.03278803470178
17588.0,100,7,2939.55,3,4,4,High-Yield Volatile,1,1.0,129.7848578610482,129.7848578610482
17204.0,175,9,5504.6900000000005,3,5,5,High-Yield Volatile,1,1.0,128.68091349730378,128.68091349730378
13559.0,513,2,990.0,1,2,3,Dormant Capital,1,1.0,127.95858544002857,127.95858544002857
12510.0,143,9,5178.02,3,5,5,High-Yield Volatile,1,1.0,126.01490360869587,126.01490360869587
15759.0,218,7,830.9300000000001,2,4,3,Distressed Equity,1,1.0,125.64205854058139,125.64205854058139
13952.0,218,14,12823.521,2,5,5,Distressed Equity,1,1.0,125.25604865259633,125.25604865259633
15777.0,241,7,1762.61,2,4,4,Distressed Equity,1,1.0,124.15860655615897,124.15860655615897
13414.0,134,6,2494.14,3,4,4,High-Yield Volatile,1,0.99,124.95136909715046,123.70185540617895
16276.0,177,3,2629.3900000000003,3,3,4,High-Yield Volatile,1,1.0,123.6196080923055,123.6196080923055
12853.0,135,11,3907.5,3,5,5,High-Yield Volatile,1,1.0,123.15252865605467,123.15252865605467
15768.0,116,34,15601.09,3,5,5,High-Yield Volatile,1,0.98,124.80968803466192,122.31349427396867
14439.0,320,5,9443.04,2,4,5,Distressed Equity,1,0.99,123.50794531810541,122.27286586492436
18260.0,173,23,9962.11,3,5,5,High-Yield Volatile,1,0.99,123.19673230462017,121.96476498157396
12590.0,211,2,9864.26,2,2,5,Dormant Capital,1,1.0,121.41593497558003,121.41593497558003
13811.0,184,3,814.5,3,3,3,High-Yield Volatile,1,1.0,121.39008161671237,121.39008161671237
14513.0,101,6,788.01,3,4,3,High-Yield Volatile,1,0.99,122.30839276992555,121.0853088422263
17560.0,95,8,1895.8,3,5,4,High-Yield Volatile,1,1.0,120.92225948871105,120.92225948871105
14210.0,106,16,5861.52,3,5,5,High-Yield Volatile,1,0.99,119.09857288381627,117.90758715497812
15245.0,134,8,4610.84,3,4,5,High-Yield Volatile,1,1.0,117.32843083327704,117.32843083327704
14973.0,107,3,1314.45,3,3,4,High-Yield Volatile,1,1.0,115.12475735619644,115.12475735619644
15491.0,95,6,3100.09,3,4,5,High-Yield Volatile,1,0.98,117.43411269178306,115.0854304379474
17312.0,139,3,644.3,3,3,3,High-Yield Volatile,1,1.0,112.91390753358107,112.91390753358107
16174.0,126,7,2246.75,3,4,4,High-Yield Volatile,1,1.0,112.73383677251908,112.73383677251908
13851.0,96,8,4606.46,3,4,5,High-Yield Volatile,1,1.0,112.62245954147487,112.62245954147487
14414.0,92,8,2399.33,3,4,4,High-Yield Volatile,1,0.97,115.97907631146656,112.49970402212256
15569.0,104,10,3586.35,3,5,5,High-Yield Volatile,1,0.99,113.10849153225689,111.97740661693432
14199.0,218,4,1091.7,2,3,3,Distressed Equity,1,1.0,111.8316787497327,111.8316787497327
17460.0,94,16,2228.27,3,5,4,High-Yield Volatile,1,1.0,110.82158356359383,110.82158356359383
14867.0,186,16,2952.06,3,5,4,High-Yield Volatile,1,1.0,110.66442099507572,110.66442099507572
17692.0,127,12,2975.8,3,5,5,High-Yield Volatile,1,1.0,110.45372412648767,110.45372412648767
15182.0,154,11,2998.952,3,5,5,High-Yield Volatile,1,0.99,111.22207488709739,110.10985413822641
14344.0,127,20,3333.7000000000003,3,5,5,High-Yield Volatile,1,0.99,110.46853651662147,109.36385115145525
16568.0,428,2,1020.9,1,2,3,Dormant Capital,1,1.0,109.28085385002623,109.28085385002623
17146.0,106,13,5860.24,3,5,5,High-Yield Volatile,1,1.0,109.1345001363518,109.1345001363518
17742.0,113,11,2098.48,3,5,4,High-Yield Volatile,1,1.0,108.57057612345756,108.57057612345756
14016.0,162,11,11403.41,3,5,5,High-Yield Volatile,1,0.97,111.62740114805946,108.27857911361768
15885.0,93,15,1951.82,3,5,4,High-Yield Volatile,1,0.98,109.80128577005254,107.6052600546515
15095.0,104,10,3141.64,3,5,5,High-Yield Volatile,1,0.99,108.03623963638145,106.95587724001764
15461.0,461,2,429.7,1,2,2,Dormant Capital,1,1.0,106.31582683942017,106.31582683942017
13783.0,488,4,1542.09,1,3,4,Distressed Equity,1,1.0,106.13848346353865,106.13848346353865
13799.0,117,9,2803.57,3,5,4,High-Yield Volatile,1,0.99,106.50959470088327,105.44449875387444
17955.0,199,6,949.9,2,4,3,Distressed Equity,1,1.0,105.19203675660675,105.19203675660675
12502.0,96,5,3723.87,3,4,5,High-Yield Volatile,1,1.0,102.60766415802762,102.60766415802762
13489.0,105,4,449.52,3,3,2,High-Yield Volatile,1,0.98,104.43301285028983,102.34435259328403
16045.0,120,8,3434.93,3,4,5,High-Yield Volatile,1,1.0,102.2927833821817,102.2927833821817
17440.0,157,4,323.58,3,4,2,High-Yield Volatile,1,1.0,102.23871728182203,102.23871728182203
15734.0,115,4,2263.3,3,3,4,High-Yield Volatile,1,1.0,102.08281395747393,102.08281395747393
15122.0,114,11,4497.47,3,5,5,High-Yield Volatile,1,1.0,100.97459026620884,100.97459026620884
12770.0,211,2,3246.45,2,2,5,Dormant Capital,1,1.0,100.56589474007376,100.56589474007376
14855.0,119,7,6520.3,3,4,5,High-Yield Volatile,1,0.98,102.12379908307183,100.08132310141039
15079.0,213,11,3767.35,2,5,5,Distressed Equity,1,1.0,99.4006241851342,99.4006241851342
14745.0,113,12,2571.81,3,5,4,High-Yield Volatile,1,1.0,99.26140851916551,99.26140851916551
16456.0,99,13,6862.91,3,5,5,High-Yield Volatile,1,0.98,100.94138608667066,98.92255836493725
13856.0,169,11,1142.03,3,5,3,High-Yield Volatile,1,1.0,98.73169163361115,98.73169163361115
18142.0,157,2,1019.52,3,3,3,High-Yield Volatile,1,1.0,98.50629470067726,98.50629470067726
16503.0,107,11,3614.34,3,5,5,High-Yield Volatile,1,1.0,98.50125790062819,98.50125790062819
12414.0,217,6,952.41,2,4,3,Distressed Equity,1,1.0,95.57263388254547,95.57263388254547
15133.0,128,5,1806.9,3,4,4,High-Yield Volatile,1,1.0,95.30175538876163,95.30175538876163
15638.0,379,6,2265.2,2,4,4,Distressed Equity,1,0.99,95.22124198301528,94.26902956318513
14460.0,110,9,1093.5,3,5,3,High-Yield Volatile,1,0.99,94.99075940064841,94.04085180664192
15488.0,93,5,431.92,3,4,2,High-Yield Volatile,1,1.0,93.36620700829518,93.36620700829518
15221.0,366,4,2465.45,2,3,4,Distressed Equity,1,1.0,92.55757982088677,92.55757982088677
16545.0,165,2,689.8199999999999,3,2,3,Dormant Capital,1,1.0,90.81360400384645,90.81360400384645
15985.0,123,7,2715.28,3,4,4,High-Yield Volatile,1,0.99,91.15344872621682,90.24191423895465
15596.0,101,9,3130.04,3,5,5,High-Yield Volatile,1,1.0,90.11212006731465,90.11212006731465
13085.0,158,8,2433.28,3,4,4,High-Yield Volatile,1,1.0,89.79855373788364,89.79855373788364
15625.0,104,9,3236.4,3,5,5,High-Yield Volatile,1,1.0,89.46390046008908,89.46390046008908
17504.0,206,18,9565.12,2,5,5,Distressed Equity,1,1.0,88.79492316832992,88.79492316832992
16546.0,291,5,5606.47,2,4,5,Distressed Equity,1,0.99,88.23868485306133,87.35629800453071
16377.0,267,2,1308.48,2,2,4,Dormant Capital,1,1.0,86.9654483344659,86.9654483344659
14006.0,116,7,2196.67,3,4,4,High-Yield Volatile,1,0.99,87.5874762228663,86.71160146063764
15938.0,112,9,734.8100000000001,3,5,3,High-Yield Volatile,1,1.0,86.45837704555517,86.45837704555517
13931.0,96,11,5257.38,3,5,5,High-Yield Volatile,1,1.0,86.36225044866916,86.36225044866916
16163.0,232,6,2849.58,2,4,4,Distressed Equity,1,1.0,85.5101034019848,85.5101034019848
16083.0,101,4,2351.42,3,4,4,High-Yield Volatile,1,0.98,87.16104290317425,85.41782204511077
13925.0,93,4,678.25,3,3,3,High-Yield Volatile,1,1.0,84.95757387552395,84.95757387552395
13593.0,108,14,5523.6900000000005,3,5,5,High-Yield Volatile,1,1.0,84.909646639159,84.909646639159
15045.0,152,2,735.66,3,2,3,Dormant Capital,1,1.0,84.6460040318811,84.6460040318811
18095.0,313,5,2303.09,2,4,4,Distressed Equity,1,1.0,83.88589019791004,83.88589019791004
18178.0,129,11,6103.74,3,5,5,High-Yield Volatile,1,1.0,83.83159854762697,83.83159854762697
12592.0,92,5,2582.66,3,4,4,High-Yield Volatile,1,0.99,84.38567474370238,83.54181799626535
12758.0,117,7,9903.24,3,4,5,High-Yield Volatile,1,0.96,87.01870528712763,83.53795707564252
16565.0,364,4,773.05,2,4,3,Distressed Equity,1,1.0,83.46623527165471,83.46623527165471
15581.0,121,38,7794.59,3,5,5,High-Yield Volatile,1,0.96,86.91493084825898,83.43833361432861
15641.0,105,12,5345.55,3,5,5,High-Yield Volatile,1,0.99,83.72912622039863,82.89183495819464
14915.0,91,11,1811.25,3,5,4,High-Yield Volatile,1,0.92,89.71225651038733,82.53527598955635
14548.0,151,9,2627.49,3,5,4,High-Yield Volatile,1,1.0,82.30349729854113,82.30349729854113
16550.0,109,18,9435.13,3,5,5,High-Yield Volatile,1,0.98,83.41624456926124,81.74791967787601
14885.0,132,3,1598.12,3,3,4,High-Yield Volatile,1,1.0,81.65602562258816,81.65602562258816
18062.0,173,6,1632.67,3,4,4,High-Yield Volatile,1,0.99,82.18656550079781,81.36469984578983
15361.0,362,4,689.07,2,3,3,Distressed Equity,1,1.0,81.03901602967714,81.03901602967714
15057.0,275,5,3255.96,2,4,5,Distressed Equity,1,0.99,81.79226695873493,80.97434428914758
15247.0,122,3,976.06,3,3,3,High-Yield Volatile,1,1.0,80.73849596090048,80.73849596090048
14442.0,205,7,5367.02,2,4,5,Distressed Equity,1,0.99,80.87391539678606,80.0651762428182
15944.0,277,4,2164.24,2,3,4,Distressed Equity,1,1.0,80.01008735199011,80.01008735199011
12693.0,127,7,1703.02,3,4,4,High-Yield Volatile,1,1.0,79.94497922202774,79.94497922202774
13037.0,138,12,3914.95,3,5,5,High-Yield Volatile,1,1.0,79.9407387075007,79.9407387075007
17646.0,219,12,4149.79,2,5,5,Distressed Equity,1,1.0,79.13385560272926,79.13385560272926
13288.0,443,5,927.61,1,4,3,Distressed Equity,1,1.0,79.08244388503418,79.08244388503418
15649.0,336,4,2170.35,2,3,4,Distressed Equity,1,1.0,78.93484921550748,78.93484921550748
14905.0,158,8,1971.39,3,4,4,High-Yield Volatile,1,1.0,78.7978260287382,78.7978260287382
14308.0,549,2,1147.02,1,2,3,Dormant Capital,1,1.0,78.60600316035165,78.60600316035165
16943.0,212,5,1299.49,2,4,4,Distressed Equity,1,1.0,78.22231175352827,78.22231175352827
15379.0,169,8,4877.84,3,4,5,High-Yield Volatile,1,1.0,77.91842723530372,77.91842723530372
17707.0,185,8,609.3,3,5,2,High-Yield Volatile,1,1.0,77.74035718707744,77.74035718707744
14000.0,211,5,2046.34,2,4,4,Distressed Equity,1,1.0,77.01543115957169,77.01543115957169
16553.0,163,33,16644.01,3,5,5,High-Yield Volatile,1,1.0,76.99405388786056,76.99405388786056
18073.0,114,12,3877.52,3,5,5,High-Yield Volatile,1,1.0,76.98707923948142,76.98707923948142
15223.0,226,5,1417.95,2,4,4,Distressed Equity,1,1.0,76.51746045978243,76.51746045978243
16654.0,141,8,1711.47,3,5,4,High-Yield Volatile,1,1.0,76.0366154988331,76.0366154988331
12888.0,214,2,354.12,2,2,2,Dormant Capital,1,1.0,75.33773570037448,75.33773570037448
14740.0,197,11,4161.06,2,5,5,Distressed Equity,1,0.99,75.16619062331175,74.41452871707862
13659.0,206,12,4894.88,2,5,5,Distressed Equity,1,1.0,74.20861312430783,74.20861312430783
13696.0,422,3,2020.4,1,3,4,Distressed Equity,1,1.0,74.05406690829365,74.05406690829365
16172.0,95,8,1884.55,3,5,4,High-Yield Volatile,1,1.0,73.95697871414669,73.95697871414669
12916.0,139,7,4654.02,3,4,5,High-Yield Volatile,1,1.0,73.90378288035723,73.90378288035723
13003.0,106,3,149.05,3,3,1,High-Yield Volatile,1,1.0,73.90296882736655,73.90296882736655
13261.0,269,2,944.1,2,2,3,Dormant Capital,1,1.0,72.50965267658896,72.50965267658896
12857.0,211,6,3688.0,2,4,5,Distressed Equity,1,1.0,72.45026048020887,72.45026048020887
15108.0,142,4,1300.25,3,3,4,High-Yield Volatile,1,1.0,72.25605445182823,72.25605445182823
13776.0,428,2,623.98,1,2,3,Dormant Capital,1,1.0,72.24212805388858,72.24212805388858
17085.0,123,28,7891.41,3,5,5,High-Yield Volatile,1,0.98,73.47822719047666,72.00866264666712
15623.0,141,8,2437.05,3,4,4,High-Yield Volatile,1,1.0,71.76303576912376,71.76303576912376
16551.0,96,7,2237.12,3,4,4,High-Yield Volatile,1,1.0,71.67903591830904,71.67903591830904
14926.0,382,2,359.4,2,2,2,Dormant Capital,1,1.0,71.44082849985594,71.44082849985594
14935.0,297,2,2849.83,2,2,4,Dormant Capital,1,1.0,71.34336245718855,71.34336245718855
12754.0,236,3,3010.74,2,3,5,Distressed Equity,1,1.0,70.72686882769044,70.72686882769044
14565.0,96,5,3859.22,3,4,5,High-Yield Volatile,1,1.0,69.4313346439769,69.4313346439769
12424.0,163,4,3340.03,3,3,5,High-Yield Volatile,1,1.0,69.34984935632683,69.34984935632683
17242.0,108,5,2889.28,3,4,4,High-Yield Volatile,1,0.98,70.73314669032472,69.31848375651822
17969.0,166,20,2369.94,3,5,4,High-Yield Volatile,1,0.99,69.93430777546263,69.234964697708
14352.0,157,4,1078.96,3,3,3,High-Yield Volatile,1,1.0,69.2117534970048,69.2117534970048
17638.0,647,2,842.4000000000001,1,3,3,Distressed Equity,1,1.0,69.01119601461914,69.01119601461914
12507.0,134,4,1844.06,3,3,4,High-Yield Volatile,1,1.0,68.89897610590685,68.89897610590685
17722.0,96,5,4430.36,3,4,5,High-Yield Volatile,1,0.97,71.01068857600565,68.88036791872548
12653.0,149,3,4160.83,3,3,5,High-Yield Volatile,1,1.0,68.72982834010725,68.72982834010725
13492.0,136,3,1269.84,3,3,4,High-Yield Volatile,1,1.0,68.59621184696552,68.59621184696552
14625.0,196,11,4497.88,2,5,5,Distressed Equity,1,1.0,68.56741192567453,68.56741192567453
16199.0,392,7,942.75,2,4,3,Distressed Equity,1,1.0,68.48752660534707,68.48752660534707
14220.0,247,4,1515.0,2,3,4,Distressed Equity,1,1.0,68.46758008545459,68.46758008545459
14377.0,191,2,617.05,2,2,2,Dormant Capital,1,1.0,68.44669141716102,68.44669141716102
12897.0,205,4,514.25,2,3,2,Distressed Equity,1,1.0,68.36013066828379,68.36013066828379
13485.0,233,11,3019.2200000000003,2,5,5,Distressed Equity,1,1.0,68.21236715023744,68.21236715023744
12840.0,144,7,4041.97,3,4,5,High-Yield Volatile,1,1.0,68.04044756217768,68.04044756217768
14758.0,145,7,2864.9700000000003,3,4,4,High-Yield Volatile,1,1.0,67.78907109693813,67.78907109693813
17849.0,218,8,1063.76,2,5,3,Distressed Equity,1,0.99,67.88051358584708,67.20170844998862
13720.0,117,4,799.9,3,3,3,High-Yield Volatile,1,1.0,66.92561734092735,66.92561734092735
16175.0,94,7,1836.44,3,4,4,High-Yield Volatile,1,1.0,66.63825587131446,66.63825587131446
12947.0,144,6,1908.03,3,4,4,High-Yield Volatile,1,1.0,66.54351641749876,66.54351641749876
14423.0,218,3,916.61,2,3,3,Distressed Equity,1,1.0,66.28003913522123,66.28003913522123
16256.0,267,3,1629.37,2,3,4,Distressed Equity,1,0.99,66.54240597790918,65.87698191813008
12649.0,107,8,2294.65,3,4,4,High-Yield Volatile,1,1.0,65.54904078530421,65.54904078530421
16323.0,196,2,353.66,2,2,2,Dormant Capital,1,1.0,65.46058203617885,65.46058203617885
12976.0,212,8,3156.38,2,4,5,Distressed Equity,1,1.0,65.01721755844287,65.01721755844287
12601.0,190,6,681.26,2,4,3,Distressed Equity,1,1.0,64.93640884692577,64.93640884692577
12669.0,151,3,2744.03,3,3,4,High-Yield Volatile,1,1.0,64.7939656312843,64.7939656312843
14465.0,247,11,3946.03,2,5,5,Distressed Equity,1,1.0,64.34465245668655,64.34465245668655
17740.0,389,6,426.9,2,4,2,Distressed Equity,1,1.0,64.17670901869204,64.17670901869204
13711.0,219,9,1792.26,2,5,4,Distressed Equity,1,1.0,64.15892112241487,64.15892112241487
13734.0,509,4,6701.640000000001,1,3,5,Distressed Equity,1,1.0,63.85831592595519,63.85831592595519
15658.0,190,8,2423.4700000000003,2,4,4,Distressed Equity,1,1.0,63.657513659156976,63.657513659156976
14154.0,239,8,6460.7,2,4,5,Distressed Equity,1,0.98,64.60301760293488,63.310957250876186
17050.0,96,11,4691.79,3,5,5,High-Yield Volatile,1,1.0,63.15415360339957,63.15415360339957
14870.0,262,6,1838.95,2,4,4,Distressed Equity,1,1.0,63.07887339188241,63.07887339188241
13330.0,93,6,2806.18,3,4,4,High-Yield Volatile,1,1.0,62.698909721733244,62.698909721733244
17770.0,199,5,1143.27,2,4,3,Distressed Equity,1,1.0,62.633755698145286,62.633755698145286
14267.0,163,3,1516.24,3,3,4,High-Yield Volatile,1,1.0,62.61354559901682,62.61354559901682
14021.0,155,7,1716.58,3,4,4,High-Yield Volatile,1,1.0,62.51314197157008,62.51314197157008
15624.0,117,4,588.13,3,3,2,High-Yield Volatile,1,1.0,62.347953421070876,62.347953421070876
13752.0,124,7,1590.73,3,4,4,High-Yield Volatile,1,1.0,62.0628080710796,62.0628080710796
16801.0,163,4,1619.73,3,4,4,High-Yield Volatile,1,0.99,62.54274647638132,61.9173190116175
14301.0,117,4,1992.18,3,3,4,High-Yield Volatile,1,1.0,61.773808500393436,61.773808500393436
12873.0,282,3,2027.3,2,3,4,Distressed Equity,1,1.0,61.63255868594189,61.63255868594189
16948.0,139,7,868.77,3,4,3,High-Yield Volatile,1,1.0,61.61061392589159,61.61061392589159
13873.0,120,8,1038.92,3,4,3,High-Yield Volatile,1,0.99,62.032139637841034,61.411818241462626
14127.0,123,6,1900.08,3,4,4,High-Yield Volatile,1,1.0,61.23088562003131,61.23088562003131
15480.0,116,5,6279.0,3,4,5,High-Yield Volatile,1,1.0,60.885948250459066,60.885948250459066
15882.0,199,8,1495.98,2,4,4,Distressed Equity,1,1.0,60.82628329934542,60.82628329934542
13253.0,157,4,2951.11,3,3,4,High-Yield Volatile,1,1.0,60.75450646484886,60.75450646484886
13242.0,112,7,699.4,3,4,3,High-Yield Volatile,1,1.0,60.716110545574004,60.716110545574004
13889.0,93,6,1991.23,3,4,4,High-Yield Volatile,1,1.0,60.662590844914504,60.662590844914504
17597.0,214,5,3484.09,2,4,5,Distressed Equity,1,1.0,60.518719781216255,60.518719781216255
17048.0,118,7,2071.68,3,4,4,High-Yield Volatile,1,1.0,60.41231701519985,60.41231701519985
16586.0,249,3,1462.78,2,3,4,Distressed Equity,1,1.0,60.09141048078169,60.09141048078169
15732.0,212,10,1682.07,2,5,4,Distressed Equity,1,0.99,60.1872468921834,59.58537442326157
17990.0,237,6,1527.61,2,4,4,Distressed Equity,1,1.0,59.26938749210426,59.26938749210426
12593.0,109,3,418.1,3,3,2,High-Yield Volatile,1,1.0,59.079177454505526,59.079177454505526
17695.0,132,5,1746.04,3,4,4,High-Yield Volatile,1,1.0,59.045844751364356,59.045844751364356
16226.0,203,5,672.17,2,4,3,Distressed Equity,1,1.0,58.68733873365962,58.68733873365962
14692.0,137,12,1745.09,3,5,4,High-Yield Volatile,1,1.0,58.61104973061332,58.61104973061332
15691.0,252,4,571.3,2,3,2,Distressed Equity,1,1.0,58.29265233890485,58.29265233890485
17931.0,134,14,3437.29,3,5,5,High-Yield Volatile,1,0.99,57.924507328427936,57.34526225514366
13933.0,109,2,608.79,3,2,2,Dormant Capital,1,1.0,57.34217137109737,57.34217137109737
12802.0,187,7,2416.42,3,4,4,High-Yield Volatile,1,1.0,57.28106451374821,57.28106451374821
17408.0,163,3,316.09000000000003,3,3,2,High-Yield Volatile,1,1.0,57.271694702925544,57.271694702925544
16320.0,172,6,5628.99,3,4,5,High-Yield Volatile,1,0.99,57.653380259101866,57.07684645651084
16419.0,113,8,1487.42,3,5,4,High-Yield Volatile,1,1.0,56.659341240073225,56.659341240073225
16955.0,185,6,1309.41,3,4,4,High-Yield Volatile,1,1.0,56.42022932346889,56.42022932346889
14770.0,232,8,3637.64,2,4,5,Distressed Equity,1,1.0,56.391798836809734,56.391798836809734
12383.0,185,5,1850.56,3,4,4,High-Yield Volatile,1,1.0,56.378150078266515,56.378150078266515
17926.0,133,5,1035.49,3,4,3,High-Yield Volatile,1,1.0,56.20308202949201,56.20308202949201
14028.0,550,3,10396.5,1,3,5,Distressed Equity,1,0.99,56.653035907786034,56.086505548708175
12399.0,119,7,1962.3,3,4,4,High-Yield Volatile,1,1.0,55.90862117923382,55.90862117923382
15890.0,395,5,535.65,2,4,2,Distressed Equity,1,1.0,55.88701963935697,55.88701963935697
15876.0,409,2,1449.14,2,2,4,Dormant Capital,1,1.0,55.85826188469955,55.85826188469955
13376.0,99,3,1019.76,3,3,3,High-Yield Volatile,1,1.0,55.84338739341635,55.84338739341635
17239.0,313,4,1189.45,2,4,3,Distressed Equity,1,1.0,55.83067350128891,55.83067350128891
12868.0,186,8,2247.06,3,4,4,High-Yield Volatile,1,1.0,55.35322494942004,55.35322494942004
14875.0,108,3,2862.4,3,3,4,High-Yield Volatile,1,1.0,54.87136859515109,54.87136859515109
18227.0,218,2,388.75,2,3,2,Distressed Equity,1,1.0,54.82529511325195,54.82529511325195
14461.0,148,13,6713.5,3,5,5,High-Yield Volatile,1,0.99,55.105153839305714,54.55410230091265
14835.0,529,2,297.0,1,2,2,Dormant Capital,1,1.0,54.373719051690884,54.373719051690884
16832.0,184,5,417.61,3,4,2,High-Yield Volatile,1,1.0,54.27115816397911,54.27115816397911
16859.0,145,7,1932.41,3,4,4,High-Yield Volatile,1,1.0,54.259557256521276,54.259557256521276
15717.0,234,5,607.0,2,4,2,Distressed Equity,1,1.0,54.246475443852816,54.246475443852816
17505.0,162,5,2435.48,3,4,4,High-Yield Volatile,1,1.0,54.10598185102922,54.10598185102922
14246.0,111,3,1474.06,3,3,4,High-Yield Volatile,1,1.0,54.022620341894616,54.022620341894616
14276.0,99,7,2102.68,3,4,4,High-Yield Volatile,1,1.0,53.8415100328252,53.8415100328252
12461.0,94,2,826.88,3,2,3,Dormant Capital,1,1.0,53.62579154340443,53.62579154340443
13655.0,114,6,2280.51,3,4,4,High-Yield Volatile,1,0.97,55.17807503320355,53.52273278220744
15704.0,140,6,3817.96,3,4,5,High-Yield Volatile,1,1.0,53.14966840229589,53.14966840229589
14930.0,109,6,5246.63,3,4,5,High-Yield Volatile,1,1.0,53.119087073484486,53.119087073484486
13723.0,217,6,1209.2,2,4,3,Distressed Equity,1,1.0,52.75265190056796,52.75265190056796
18268.0,134,6,1490.23,3,4,4,High-Yield Volatile,1,1.0,52.72431140097166,52.72431140097166
14264.0,155,6,1517.36,3,4,4,High-Yield Volatile,1,1.0,52.70130791859812,52.70130791859812
16146.0,157,4,946.38,3,4,3,High-Yield Volatile,1,1.0,52.64152031439275,52.64152031439275
17444.0,148,3,2940.04,3,3,4,High-Yield Volatile,1,1.0,52.379262906129696,52.379262906129696
16835.0,128,6,1538.41,3,4,4,High-Yield Volatile,1,1.0,52.37198240624889,52.37198240624889
13158.0,95,5,1508.18,3,4,4,High-Yield Volatile,1,1.0,52.36939774763997,52.36939774763997
16306.0,214,7,1192.82,2,4,3,Distressed Equity,1,1.0,52.01651943307391,52.01651943307391
14643.0,170,5,1679.89,3,4,4,High-Yield Volatile,1,1.0,52.00879332041536,52.00879332041536
13819.0,302,6,2642.35,2,4,4,Distressed Equity,1,0.99,52.493973245898594,51.969033513439605
12623.0,276,7,3747.84,2,4,5,Distressed Equity,1,0.99,52.469876672049566,51.94517790532907
16092.0,115,6,1587.94,3,4,4,High-Yield Volatile,1,1.0,51.93233013228339,51.93233013228339
16336.0,421,4,3517.69,1,4,5,Distressed Equity,1,1.0,51.86539143163584,51.86539143163584
16034.0,196,6,928.72,2,4,3,Distressed Equity,1,1.0,51.85204057686491,51.85204057686491
12450.0,156,5,688.2,3,4,3,High-Yield Volatile,1,1.0,51.82930621595377,51.82930621595377
15071.0,94,4,1455.5600000000002,3,3,4,High-Yield Volatile,1,1.0,51.65808054443478,51.65808054443478
14817.0,200,7,3959.86,2,4,5,Distressed Equity,1,1.0,51.51908507059777,51.51908507059777
17508.0,281,8,4579.23,2,5,5,Distressed Equity,1,1.0,50.79392717851328,50.79392717851328
18168.0,176,16,3770.27,3,5,5,High-Yield Volatile,1,0.99,51.299024349060375,50.78603410556977
15364.0,96,2,913.19,3,2,3,Dormant Capital,1,1.0,50.563183576613596,50.563183576613596
15795.0,150,8,1979.87,3,4,4,High-Yield Volatile,1,1.0,50.49116664017194,50.49116664017194
14055.0,106,3,1520.96,3,3,4,High-Yield Volatile,1,1.0,50.38725680482867,50.38725680482867
15946.0,503,3,2304.18,1,3,4,Distressed Equity,1,1.0,50.376113526123774,50.376113526123774
17829.0,299,5,4756.74,2,4,5,Distressed Equity,1,0.99,50.70051602034991,50.19351086014641
17230.0,264,18,9924.95,2,5,5,Distressed Equity,1,1.0,50.12899853075298,50.12899853075298
17046.0,157,5,1906.07,3,4,4,High-Yield Volatile,1,1.0,50.028654054849675,50.028654054849675
17578.0,218,7,1047.33,2,4,3,Distressed Equity,1,1.0,49.77814651036018,49.77814651036018
15002.0,116,9,4817.28,3,5,5,High-Yield Volatile,1,1.0,49.73743051683841,49.73743051683841
13564.0,144,37,17249.55,3,5,5,High-Yield Volatile,1,0.98,50.56432743988585,49.55304089108813
13778.0,103,4,1124.49,3,3,3,High-Yield Volatile,1,1.0,49.42096212923494,49.42096212923494
12468.0,188,5,3670.74,3,4,5,High-Yield Volatile,1,1.0,49.39543006309022,49.39543006309022
17045.0,113,5,827.6800000000001,3,4,3,High-Yield Volatile,1,1.0,49.25018321095045,49.25018321095045
14687.0,107,3,1402.06,3,3,4,High-Yield Volatile,1,1.0,49.243577956112404,49.243577956112404
12710.0,97,3,1149.02,3,3,3,High-Yield Volatile,1,1.0,49.09443299045946,49.09443299045946
13493.0,275,2,618.63,2,2,3,Dormant Capital,1,1.0,48.99702923519499,48.99702923519499
15149.0,134,5,1554.61,3,4,4,High-Yield Volatile,1,1.0,48.72725594253458,48.72725594253458
16287.0,170,5,1006.98,3,4,3,High-Yield Volatile,1,1.0,48.42427299859511,48.42427299859511
16636.0,438,4,3802.04,1,4,5,Distressed Equity,1,1.0,48.2341907944525,48.2341907944525
13194.0,136,2,472.78,3,2,2,Dormant Capital,1,1.0,48.169490218358085,48.169490218358085
16756.0,215,7,1312.37,2,4,4,Distressed Equity,1,1.0,48.12334064464238,48.12334064464238
12625.0,212,4,5164.88,2,3,5,Distressed Equity,1,0.98,49.102187795368295,48.120144039460925
16214.0,171,4,2038.25,3,4,4,High-Yield Volatile,1,1.0,48.10967954052746,48.10967954052746
16842.0,101,3,1264.19,3,3,4,High-Yield Volatile,1,1.0,48.101058211158346,48.101058211158346
16997.0,288,3,702.0,2,3,3,Distressed Equity,1,1.0,48.071394869335336,48.071394869335336
17454.0,192,10,1547.94,2,5,4,Distressed Equity,1,1.0,48.00182033413396,48.00182033413396
18239.0,219,6,2150.36,2,4,4,Distressed Equity,1,1.0,47.88811219675298,47.88811219675298
14496.0,312,7,2668.23,2,4,4,Distressed Equity,1,1.0,47.78720804611092,47.78720804611092
15257.0,283,2,685.9,2,2,3,Dormant Capital,1,1.0,47.493322423727264,47.493322423727264
16772.0,423,3,3723.55,1,3,5,Distressed Equity,1,1.0,47.459250821740824,47.459250821740824
17866.0,143,3,1134.95,3,3,3,High-Yield Volatile,1,1.0,47.29921372530331,47.29921372530331
16866.0,141,3,207.74,3,3,1,High-Yield Volatile,1,1.0,47.18744753358576,47.18744753358576
16634.0,223,6,1814.61,2,4,4,Distressed Equity,1,1.0,47.114753072891986,47.114753072891986
14410.0,92,11,2651.14,3,5,4,High-Yield Volatile,1,0.98,48.055779478265876,47.09466388870056
18218.0,211,4,1142.0,2,4,3,Distressed Equity,1,1.0,47.06381203987069,47.06381203987069
18151.0,135,6,1879.44,3,4,4,High-Yield Volatile,1,1.0,47.05006575895082,47.05006575895082
16292.0,122,5,1253.76,3,4,4,High-Yield Volatile,1,1.0,47.03789549847874,47.03789549847874
13291.0,156,11,3320.84,3,5,5,High-Yield Volatile,1,0.99,47.27620096755794,46.80343895788236
14450.0,181,7,1128.44,3,4,3,High-Yield Volatile,1,1.0,46.65768089870758,46.65768089870758
14942.0,402,4,746.56,2,3,3,Distressed Equity,1,1.0,46.52374886574708,46.52374886574708
13425.0,108,5,3403.63,3,4,5,High-Yield Volatile,1,1.0,46.4921265401963,46.4921265401963
14431.0,303,4,2614.2,2,3,4,Distressed Equity,1,1.0,46.43769846231135,46.43769846231135
17398.0,115,3,653.38,3,3,3,High-Yield Volatile,1,1.0,46.34781497622422,46.34781497622422
12982.0,243,8,2744.81,2,4,4,Distressed Equity,1,1.0,45.981460532322245,45.981460532322245
14628.0,91,5,1998.0,3,4,4,High-Yield Volatile,1,0.94,48.647288732709406,45.728451408746835
13707.0,267,5,3365.86,2,4,5,Distressed Equity,1,1.0,45.21961586220724,45.21961586220724
16317.0,120,5,2192.51,3,4,4,High-Yield Volatile,1,1.0,44.98903360470424,44.98903360470424
13900.0,183,6,1610.59,3,4,4,High-Yield Volatile,1,1.0,44.980037291978284,44.980037291978284
16105.0,249,5,2386.19,2,4,4,Distressed Equity,1,0.99,45.30883936057406,44.85575096696832
14114.0,274,7,1364.09,2,4,4,Distressed Equity,1,1.0,44.778938370883985,44.778938370883985
17429.0,128,5,1357.46,3,4,4,High-Yield Volatile,1,1.0,44.597053804903375,44.597053804903375
14078.0,102,9,1692.63,3,5,4,High-Yield Volatile,1,1.0,44.52916276470406,44.52916276470406
17026.0,185,3,208.98,3,3,1,High-Yield Volatile,1,1.0,44.46114671222878,44.46114671222878
13786.0,367,6,3358.94,2,4,5,Distressed Equity,1,1.0,44.39073399427531,44.39073399427531
13302.0,155,2,159.2,3,2,1,Dormant Capital,1,1.0,44.33088266584849,44.33088266584849
17548.0,234,4,731.26,2,4,3,Distressed Equity,1,1.0,44.300373500263646,44.300373500263646
16572.0,127,3,1009.6,3,3,3,High-Yield Volatile,1,1.0,44.2515804198537,44.2515804198537
13874.0,358,7,2049.15,2,4,4,Distressed Equity,1,1.0,44.123440317667125,44.123440317667125
13663.0,179,5,2047.51,3,4,4,High-Yield Volatile,1,1.0,44.10613646398836,44.10613646398836
13531.0,205,6,1738.52,2,4,4,Distressed Equity,1,1.0,44.08183393777833,44.08183393777833
17342.0,380,4,1227.54,2,4,3,Distressed Equity,1,1.0,44.00090202002863,44.00090202002863
14223.0,92,3,991.13,3,3,3,High-Yield Volatile,1,0.98,44.880206553074956,43.98260242201346
14346.0,121,5,2315.75,3,4,4,High-Yield Volatile,1,1.0,43.9595980990676,43.9595980990676
13296.0,137,6,792.51,3,4,3,High-Yield Volatile,1,1.0,43.888444352069804,43.888444352069804
14682.0,188,6,1514.81,3,4,4,High-Yield Volatile,1,1.0,43.869684357518,43.869684357518
12535.0,92,2,716.35,3,2,3,Dormant Capital,1,1.0,43.77866682558136,43.77866682558136
15232.0,113,2,612.06,3,2,2,Dormant Capital,1,1.0,43.72049296334664,43.72049296334664
15973.0,367,3,988.44,2,3,3,Distressed Equity,1,1.0,43.677965104540604,43.677965104540604
14327.0,163,6,1894.93,3,4,4,High-Yield Volatile,1,1.0,43.67065049574446,43.67065049574446
14962.0,271,4,366.91,2,3,2,Distressed Equity,1,1.0,43.51485428298827,43.51485428298827
15462.0,94,4,737.05,3,3,3,High-Yield Volatile,1,1.0,43.50760087880795,43.50760087880795
16473.0,165,4,470.83,3,4,2,High-Yield Volatile,1,0.99,43.84284905778873,43.40442056721084
16828.0,93,2,128.5,3,2,1,Dormant Capital,1,0.98,44.208054581931144,43.32389349029252
14803.0,162,3,845.5500000000001,3,3,3,High-Yield Volatile,1,1.0,43.04037261497384,43.04037261497384
13541.0,427,2,785.25,1,2,3,Dormant Capital,1,1.0,42.83134700739009,42.83134700739009
13470.0,99,2,165.0,3,2,1,Dormant Capital,1,1.0,42.770283385867664,42.770283385867664
13497.0,283,6,1320.3300000000002,2,4,4,Distressed Equity,1,1.0,42.76597033563149,42.76597033563149
12816.0,96,2,572.2,3,2,2,Dormant Capital,1,1.0,42.64028016860321,42.64028016860321
17615.0,130,6,733.2,3,4,3,High-Yield Volatile,1,1.0,42.61567472279256,42.61567472279256
16816.0,103,4,417.06,3,4,2,High-Yield Volatile,1,0.98,43.47475970682166,42.605264512685224
14532.0,236,11,3859.18,2,5,5,Distressed Equity,1,1.0,42.500572493105906,42.500572493105906
17320.0,100,6,2895.77,3,4,4,High-Yield Volatile,1,1.0,42.42807349447141,42.42807349447141
17787.0,153,4,2601.4700000000003,3,4,4,High-Yield Volatile,1,1.0,42.308106863074784,42.308106863074784
17746.0,240,4,904.18,2,4,3,Distressed Equity,1,1.0,42.216875966150575,42.216875966150575
16611.0,186,6,1785.13,3,4,4,High-Yield Volatile,1,1.0,42.20107260487572,42.20107260487572
12791.0,374,6,1056.11,2,4,3,Distressed Equity,1,0.99,42.624825858650425,42.19857760006392
17138.0,276,7,4417.27,2,4,5,Distressed Equity,1,0.99,42.396288531461224,41.97232564614661
14891.0,148,4,1106.73,3,3,3,High-Yield Volatile,1,1.0,41.815697133582894,41.815697133582894
14275.0,396,6,1189.38,2,4,3,Distressed Equity,1,1.0,41.8121326781182,41.8121326781182
16450.0,150,3,1505.73,3,3,4,High-Yield Volatile,1,1.0,41.731675965126264,41.731675965126264
13475.0,191,4,1431.78,2,3,4,Distressed Equity,1,1.0,41.71916068931044,41.71916068931044
13476.0,179,5,2061.4700000000003,3,4,4,High-Yield Volatile,1,1.0,41.704150057687464,41.704150057687464
14512.0,188,7,1223.47,3,4,3,High-Yield Volatile,1,1.0,41.63357778982844,41.63357778982844
16883.0,187,19,2396.59,3,5,4,High-Yield Volatile,1,0.99,41.8856270624799,41.4667707918551
15716.0,146,11,3056.81,3,5,5,High-Yield Volatile,1,1.0,41.32203796942723,41.32203796942723
13888.0,120,7,2169.05,3,4,4,High-Yield Volatile,1,1.0,41.30320343284388,41.30320343284388
16037.0,270,5,1509.34,2,4,4,Distressed Equity,1,1.0,41.29877723086089,41.29877723086089
16400.0,95,9,3159.44,3,5,5,High-Yield Volatile,1,0.99,41.66950535010117,41.25281029660016
17122.0,119,4,570.5,3,4,2,High-Yield Volatile,1,1.0,41.168416983999755,41.168416983999755
16227.0,225,3,1027.22,2,3,3,Distressed Equity,1,1.0,41.15803598167263,41.15803598167263
13814.0,92,3,2257.32,3,3,4,High-Yield Volatile,1,0.97,42.41027312858269,41.137964934725204
12616.0,95,3,1131.1,3,3,3,High-Yield Volatile,1,1.0,41.02278569809877,41.02278569809877
17380.0,434,3,645.0,1,3,3,Distressed Equity,1,1.0,40.97129326791241,40.97129326791241
17704.0,169,2,885.19,3,3,3,High-Yield Volatile,1,1.0,40.9659336017412,40.9659336017412
15643.0,192,3,664.0,2,3,3,Distressed Equity,1,1.0,40.65024097572903,40.65024097572903
16807.0,143,6,2123.88,3,4,4,High-Yield Volatile,1,0.99,41.04616855377537,40.63570686823761
15222.0,319,11,3550.91,2,5,5,Distressed Equity,1,1.0,40.58075210367275,40.58075210367275
16088.0,576,2,1437.43,1,2,4,Dormant Capital,1,1.0,40.50318215824937,40.50318215824937
13192.0,95,6,2558.58,3,4,4,High-Yield Volatile,1,1.0,40.39950846818439,40.39950846818439
13466.0,184,5,1013.35,3,4,3,High-Yield Volatile,1,1.0,40.340964381643175,40.340964381643175
14105.0,239,5,5988.83,2,4,5,Distressed Equity,1,1.0,40.322450854279595,40.322450854279595
12363.0,110,2,552.0,3,2,2,Dormant Capital,1,1.0,40.28478653569319,40.28478653569319
17438.0,254,5,1422.77,2,4,4,Distressed Equity,1,1.0,40.27750444549327,40.27750444549327
13368.0,257,4,1121.5,2,3,3,Distressed Equity,1,1.0,40.08108913395498,40.08108913395498
14231.0,184,4,1235.62,3,3,3,High-Yield Volatile,1,1.0,40.07534164214873,40.07534164214873
13005.0,174,4,999.68,3,3,3,High-Yield Volatile,1,1.0,40.06270734766963,40.06270734766963
15912.0,178,9,1074.7,3,5,3,High-Yield Volatile,1,1.0,40.0035384511625,40.0035384511625
15402.0,149,6,1830.54,3,4,4,High-Yield Volatile,1,1.0,39.98937628391124,39.98937628391124
13106.0,133,2,603.46,3,2,2,Dormant Capital,1,1.0,39.839180196335235,39.839180196335235
13869.0,123,10,8111.57,3,5,5,High-Yield Volatile,1,0.98,40.56327969018831,39.75201409638454
15261.0,135,4,1508.0,3,3,4,High-Yield Volatile,1,1.0,39.74543298691352,39.74543298691352
17980.0,166,4,1033.42,3,4,3,High-Yield Volatile,1,1.0,39.68419996928695,39.68419996928695
18202.0,200,3,1396.99,2,3,4,Distressed Equity,1,1.0,39.67316058158631,39.67316058158631
14316.0,422,5,1370.34,1,4,4,Distressed Equity,1,1.0,39.45077840612782,39.45077840612782
15192.0,120,5,1981.39,3,4,4,High-Yield Volatile,1,1.0,39.32266711932829,39.32266711932829
16282.0,340,3,1307.5800000000002,2,3,4,Distressed Equity,1,1.0,39.28477126278015,39.28477126278015
17492.0,248,3,1122.42,2,3,3,Distressed Equity,1,1.0,39.23557672243452,39.23557672243452
17339.0,94,3,362.36,3,3,2,High-Yield Volatile,1,0.98,39.80859520276106,39.01242329870584
15396.0,113,2,796.38,3,2,3,Dormant Capital,1,1.0,38.955734966780305,38.955734966780305
17869.0,107,7,1036.16,3,4,3,High-Yield Volatile,1,0.99,39.21352219904456,38.82138697705412
16679.0,366,3,793.06,2,3,3,Distressed Equity,1,1.0,38.649820689944455,38.649820689944455
15224.0,358,5,871.36,2,4,3,Distressed Equity,1,1.0,38.600699735803424,38.600699735803424
15855.0,137,6,1052.72,3,4,3,High-Yield Volatile,1,1.0,38.53830997255264,38.53830997255264
14133.0,130,4,911.14,3,3,3,High-Yield Volatile,1,1.0,38.5129412105566,38.5129412105566
17212.0,253,3,794.41,2,3,3,Distressed Equity,1,1.0,38.49010359095245,38.49010359095245
17709.0,170,5,671.01,3,4,3,High-Yield Volatile,1,1.0,38.46159985282299,38.46159985282299
14224.0,110,9,1897.9,3,5,4,High-Yield Volatile,1,1.0,38.44803581727558,38.44803581727558
15652.0,91,5,1420.34,3,4,4,High-Yield Volatile,1,0.97,39.60061121574321,38.41259287927091
17994.0,122,11,2313.32,3,5,4,High-Yield Volatile,1,1.0,38.34067568674827,38.34067568674827
17256.0,107,5,498.93,3,4,2,High-Yield Volatile,1,1.0,38.2195192155942,38.2195192155942
12815.0,148,2,1063.46,3,2,3,Dormant Capital,1,1.0,38.19444531124619,38.19444531124619
16096.0,264,4,1584.97,2,4,4,Distressed Equity,1,1.0,37.9795385517843,37.9795385517843
17165.0,284,6,1794.32,2,4,4,Distressed Equity,1,1.0,37.770096012465565,37.770096012465565
12864.0,138,2,299.57,3,2,2,Dormant Capital,1,1.0,37.69199619852759,37.69199619852759
12817.0,281,3,690.98,2,3,3,Distressed Equity,1,1.0,37.55823704758662,37.55823704758662
13951.0,176,3,674.45,3,3,3,High-Yield Volatile,1,1.0,37.43858141241322,37.43858141241322
15198.0,92,5,571.35,3,4,2,High-Yield Volatile,1,0.97,38.55838358422015,37.401632076693545
14707.0,436,2,139.2,1,2,1,Dormant Capital,1,1.0,37.23043507601125,37.23043507601125
17127.0,429,5,1155.0300000000002,1,4,3,Distressed Equity,1,1.0,37.15873396330879,37.15873396330879
16947.0,236,5,955.21,2,4,3,Distressed Equity,1,1.0,36.91850349314308,36.91850349314308
13753.0,288,4,2094.57,2,3,4,Distressed Equity,1,1.0,36.86466174592212,36.86466174592212
13239.0,262,5,1594.69,2,4,4,Distressed Equity,1,1.0,36.864525412614874,36.864525412614874
18063.0,391,2,186.6,2,3,1,Distressed Equity,1,1.0,36.82766471681703,36.82766471681703
14322.0,429,4,474.1,1,3,2,Distressed Equity,1,0.99,37.14332692522164,36.77189365596943
14024.0,122,3,645.74,3,3,3,High-Yield Volatile,1,1.0,36.74241391626419,36.74241391626419
18071.0,258,6,1428.63,2,4,4,Distressed Equity,1,1.0,36.72978979224702,36.72978979224702
16147.0,134,5,2398.91,3,4,4,High-Yield Volatile,1,0.98,37.362453244219395,36.61520417933501
13754.0,152,3,447.05,3,3,2,High-Yield Volatile,1,1.0,36.606755784706664,36.606755784706664
18143.0,117,2,1000.16,3,3,3,High-Yield Volatile,1,1.0,36.59049140604814,36.59049140604814
15813.0,208,2,1303.91,2,2,4,Dormant Capital,1,1.0,36.58301330214993,36.58301330214993
18009.0,235,8,2155.83,2,5,4,Distressed Equity,1,1.0,36.53101102694506,36.53101102694506
13150.0,484,3,449.97,1,3,2,Distressed Equity,1,1.0,36.482105505657884,36.482105505657884
16331.0,432,6,2037.7,1,4,4,Distressed Equity,1,1.0,36.355829943023465,36.355829943023465
14693.0,265,7,1165.36,2,4,3,Distressed Equity,1,1.0,36.35474007402371,36.35474007402371
16424.0,191,2,443.06,2,2,2,Dormant Capital,1,1.0,36.28375768355913,36.28375768355913
13052.0,212,7,3168.53,2,4,5,Distressed Equity,1,1.0,36.25878995297692,36.25878995297692
15661.0,317,8,1215.95,2,4,3,Distressed Equity,1,1.0,36.20931306771408,36.20931306771408
14013.0,110,5,1084.57,3,4,3,High-Yield Volatile,1,0.99,36.56848651851172,36.2028016533266
15646.0,158,5,974.61,3,4,3,High-Yield Volatile,1,1.0,36.17679399936239,36.17679399936239
12811.0,261,5,1033.9,2,4,3,Distressed Equity,1,1.0,36.094972469188804,36.094972469188804
12624.0,106,2,641.13,3,2,3,Dormant Capital,1,1.0,36.06353422739161,36.06353422739161
15077.0,495,2,2428.08,1,2,4,Dormant Capital,1,0.99,36.2406718319147,35.87826511359555
15074.0,105,3,1566.33,3,3,4,High-Yield Volatile,1,1.0,35.74963780351944,35.74963780351944
16112.0,143,4,195.74,3,4,1,High-Yield Volatile,1,0.99,35.98593105533018,35.62607174477687
13453.0,166,3,781.69,3,3,3,High-Yield Volatile,1,1.0,35.585110132123766,35.585110132123766
15945.0,365,4,827.27,2,4,3,Distressed Equity,1,1.0,35.37343982280755,35.37343982280755
14924.0,246,3,931.01,2,3,3,Distressed Equity,1,1.0,35.282492510678836,35.282492510678836
13280.0,122,7,2322.63,3,4,4,High-Yield Volatile,1,1.0,35.24232768293951,35.24232768293951
12418.0,113,4,2021.2,3,3,4,High-Yield Volatile,1,1.0,35.11456327145913,35.11456327145913
14256.0,260,5,2473.99,2,4,4,Distressed Equity,1,1.0,35.08794273403558,35.08794273403558
13406.0,427,2,568.92,1,2,2,Dormant Capital,1,1.0,35.08464271334118,35.08464271334118
16951.0,135,3,1277.75,3,3,4,High-Yield Volatile,1,1.0,34.995170207027975,34.995170207027975
13248.0,125,2,465.68,3,2,2,Dormant Capital,1,1.0,34.83461981361488,34.83461981361488
13795.0,388,4,836.3,2,3,3,Distressed Equity,1,1.0,34.80070500856025,34.80070500856025
16148.0,296,2,386.62,2,2,2,Dormant Capital,1,1.0,34.74559029893383,34.74559029893383
18190.0,192,5,745.62,2,4,3,Distressed Equity,1,1.0,34.70482880459368,34.70482880459368
13019.0,379,6,1229.95,2,4,3,Distressed Equity,1,1.0,34.676054196025376,34.676054196025376
14061.0,507,3,917.43,1,3,3,Distressed Equity,1,1.0,34.66858363947668,34.66858363947668
13976.0,207,4,1192.36,2,3,3,Distressed Equity,1,1.0,34.44050856123333,34.44050856123333
12377.0,315,4,3426.32,2,3,5,Distressed Equity,1,1.0,34.440042356118944,34.440042356118944
12402.0,323,6,1256.9,2,4,4,Distressed Equity,1,1.0,34.41939510154855,34.41939510154855
14331.0,124,2,462.66,3,2,2,Dormant Capital,1,1.0,34.35886960605189,34.35886960605189
16625.0,275,5,1654.03,2,4,4,Distressed Equity,1,1.0,34.31642959451001,34.31642959451001
16623.0,246,4,1015.24,2,4,3,Distressed Equity,1,1.0,34.30673658973762,34.30673658973762
13070.0,192,4,751.7,2,3,3,Distressed Equity,1,1.0,34.23754229673595,34.23754229673595
13479.0,201,4,851.37,2,3,3,Distressed Equity,1,1.0,34.09574771135699,34.09574771135699
15614.0,438,4,3147.36,1,3,5,Distressed Equity,1,1.0,34.0770689967918,34.0770689967918
13809.0,305,3,679.6999999999999,2,3,3,Distressed Equity,1,1.0,34.03052150525758,34.03052150525758
18248.0,123,2,804.02,3,3,3,High-Yield Volatile,1,1.0,33.9771693559842,33.9771693559842
12582.0,239,4,1980.4,2,3,4,Distressed Equity,1,1.0,33.95147368146553,33.95147368146553
16823.0,227,7,2260.09,2,4,4,Distressed Equity,1,1.0,33.87305385078072,33.87305385078072
13615.0,319,8,6272.53,2,4,5,Distressed Equity,1,0.99,34.20754803496317,33.86547255461353
13074.0,511,4,1378.74,1,3,4,Distressed Equity,1,1.0,33.82572745746782,33.82572745746782
16159.0,282,4,1232.79,2,4,3,Distressed Equity,1,1.0,33.67805391321919,33.67805391321919
16109.0,219,3,939.48,2,3,3,Distressed Equity,1,1.0,33.562595528515516,33.562595528515516
18121.0,149,2,673.1,3,3,3,High-Yield Volatile,1,1.0,33.54671633139794,33.54671633139794
13420.0,150,2,159.85,3,2,1,Dormant Capital,1,1.0,33.52053752861039,33.52053752861039
14459.0,155,2,5375.741,3,2,5,Dormant Capital,1,1.0,33.47290682841327,33.47290682841327
14320.0,207,5,1346.75,2,4,4,Distressed Equity,1,1.0,33.46450936491088,33.46450936491088
16993.0,464,2,1950.95,1,3,4,Distressed Equity,1,1.0,33.36979678996814,33.36979678996814
17642.0,120,5,1824.49,3,4,4,High-Yield Volatile,1,1.0,33.33898035926994,33.33898035926994
13730.0,136,2,752.6,3,2,3,Dormant Capital,1,1.0,33.30644693618918,33.30644693618918
14238.0,326,3,434.23,2,3,2,Distressed Equity,1,1.0,33.27087144629729,33.27087144629729
18085.0,330,4,1645.75,2,4,4,Distressed Equity,1,0.99,33.598231322678345,33.26224900945156
13970.0,386,2,846.55,2,2,3,Dormant Capital,1,1.0,33.174081132962066,33.174081132962066
16889.0,195,6,2530.9,2,4,4,Distressed Equity,1,1.0,33.148824877362365,33.148824877362365
13059.0,250,10,2303.17,2,5,4,Distressed Equity,1,1.0,33.11314418701763,33.11314418701763
17413.0,405,2,560.14,2,3,2,Distressed Equity,1,1.0,33.07314746968444,33.07314746968444
17525.0,360,3,1161.9,2,3,3,Distressed Equity,1,0.99,33.112166128538384,32.781044467253
17774.0,97,9,3328.05,3,5,5,High-Yield Volatile,1,0.99,33.025686648757215,32.69542978226964
14573.0,180,13,2621.42,3,5,4,High-Yield Volatile,1,1.0,32.62391937708005,32.62391937708005
13649.0,257,6,1678.88,2,4,4,Distressed Equity,1,1.0,32.56000384496164,32.56000384496164
14079.0,125,2,618.73,3,2,3,Dormant Capital,1,1.0,32.47065212599132,32.47065212599132
12806.0,435,4,2878.96,1,3,4,Distressed Equity,1,1.0,32.29713380143939,32.29713380143939
16806.0,103,4,801.49,3,4,3,High-Yield Volatile,1,1.0,32.29226263193567,32.29226263193567
16838.0,197,4,1159.61,2,4,3,Distressed Equity,1,1.0,32.269644307971355,32.269644307971355
13965.0,477,3,996.61,1,3,3,Distressed Equity,1,1.0,32.266739914374625,32.266739914374625
16278.0,100,3,1117.84,3,3,3,High-Yield Volatile,1,1.0,32.25051055841312,32.25051055841312
17400.0,126,8,4677.05,3,5,5,High-Yield Volatile,1,1.0,32.227498587415866,32.227498587415866
16647.0,170,4,541.9,3,4,2,High-Yield Volatile,1,0.99,32.52295110219495,32.197721591173
15829.0,99,2,636.14,3,2,3,Dormant Capital,1,1.0,32.18381675647221,32.18381675647221
16614.0,183,3,1179.79,3,3,3,High-Yield Volatile,1,1.0,32.177600277640984,32.177600277640984
16827.0,393,5,392.13,2,4,2,Distressed Equity,1,1.0,32.10994920569718,32.10994920569718
15648.0,204,2,657.35,2,2,3,Dormant Capital,1,1.0,32.08320543894958,32.08320543894958
15724.0,201,3,310.85,2,3,2,Distressed Equity,1,1.0,31.987176793431356,31.987176793431356
14265.0,109,4,1373.35,3,3,4,High-Yield Volatile,1,1.0,31.86378894622773,31.86378894622773
15780.0,184,3,475.28,3,3,2,High-Yield Volatile,1,1.0,31.86319092982614,31.86319092982614
14481.0,165,5,2311.49,3,4,4,High-Yield Volatile,1,1.0,31.838747617508997,31.838747617508997
14958.0,147,6,957.94,3,4,3,High-Yield Volatile,1,1.0,31.723895996421064,31.723895996421064
13300.0,169,3,1285.51,3,3,4,High-Yield Volatile,1,1.0,31.676597123997816,31.676597123997816
17897.0,173,9,2585.0,3,5,4,High-Yield Volatile,1,1.0,31.662306081239787,31.662306081239787
15384.0,170,4,2027.79,3,3,4,High-Yield Volatile,1,1.0,31.61511245709089,31.61511245709089
17098.0,382,3,591.07,2,3,2,Distressed Equity,1,1.0,31.602118936392614,31.602118936392614
12410.0,309,3,1013.71,2,3,3,Distressed Equity,1,1.0,31.558412658615474,31.558412658615474
13402.0,127,4,1535.13,3,3,4,High-Yield Volatile,1,1.0,31.397375800810455,31.397375800810455
15266.0,338,5,852.21,2,4,3,Distressed Equity,1,1.0,31.39645764930065,31.39645764930065
13512.0,261,4,713.39,2,3,3,Distressed Equity,1,1.0,31.378364541532424,31.378364541532424
16398.0,154,2,1705.8,3,2,4,Dormant Capital,1,0.99,31.639023743164564,31.32263350573292
13740.0,241,5,1597.77,2,4,4,Distressed Equity,1,1.0,31.28420635316875,31.28420635316875
12805.0,382,4,1434.95,2,3,4,Distressed Equity,1,1.0,31.2705739332642,31.2705739332642
13501.0,288,3,2885.11,2,3,4,Distressed Equity,1,1.0,31.22579636788904,31.22579636788904
16529.0,190,4,2012.0,2,4,4,Distressed Equity,1,1.0,31.160243357735155,31.160243357735155
16054.0,145,4,2111.88,3,4,4,High-Yield Volatile,1,1.0,31.1318858356164,31.1318858356164
14501.0,184,2,251.21,3,2,1,Dormant Capital,1,1.0,31.082887467644074,31.082887467644074
17123.0,162,3,977.17,3,3,3,High-Yield Volatile,1,1.0,30.999491530945665,30.999491530945665
15665.0,168,5,4015.12,3,4,5,High-Yield Volatile,1,1.0,30.93976883879485,30.93976883879485
17298.0,101,5,957.56,3,4,3,High-Yield Volatile,1,1.0,30.911082239256153,30.911082239256153
13967.0,146,2,166.3,3,2,1,Dormant Capital,1,1.0,30.821986880444157,30.821986880444157
13551.0,319,2,244.2,2,2,1,Dormant Capital,1,1.0,30.80641701513705,30.80641701513705
16860.0,453,3,1610.62,1,3,4,Distressed Equity,1,1.0,30.66340904177038,30.66340904177038
13561.0,216,11,1820.72,2,5,4,Distressed Equity,1,1.0,30.64383073466447,30.64383073466447
17134.0,107,3,637.1,3,3,3,High-Yield Volatile,1,1.0,30.619863135647883,30.619863135647883
13863.0,248,4,1239.55,2,3,3,Distressed Equity,1,1.0,30.61042399619269,30.61042399619269
16344.0,158,4,842.42,3,4,3,High-Yield Volatile,1,1.0,30.46238369090214,30.46238369090214
13122.0,94,2,922.39,3,2,3,Dormant Capital,1,1.0,30.4303085746488,30.4303085746488
12493.0,166,2,433.74,3,2,2,Dormant Capital,1,1.0,30.417621530309997,30.417621530309997
17464.0,158,3,1000.94,3,3,3,High-Yield Volatile,1,1.0,30.40880420443212,30.40880420443212
13462.0,253,5,1153.85,2,4,3,Distressed Equity,1,1.0,30.378099169815243,30.378099169815243
12999.0,196,3,455.88,2,3,2,Distressed Equity,1,1.0,30.3579473203619,30.3579473203619
13338.0,158,4,2445.62,3,3,4,High-Yield Volatile,1,1.0,30.329854719585494,30.329854719585494
17935.0,138,7,686.14,3,4,3,High-Yield Volatile,1,1.0,30.324361607235183,30.324361607235183
14847.0,149,3,1348.95,3,3,4,High-Yield Volatile,1,1.0,30.29278670717549,30.29278670717549
12915.0,149,4,1174.75,3,3,3,High-Yield Volatile,1,1.0,30.21314820696193,30.21314820696193
16471.0,275,4,1189.98,2,4,3,Distressed Equity,1,1.0,30.08798253086373,30.08798253086373
15729.0,213,3,192.55,2,3,1,Distressed Equity,1,1.0,30.068203386087937,30.068203386087937
16124.0,317,4,1772.49,2,4,4,Distressed Equity,1,1.0,29.952706837036587,29.952706837036587
16309.0,106,2,706.57,3,2,3,Dormant Capital,1,1.0,29.8929989401276,29.8929989401276
18191.0,262,2,529.4,2,3,2,Distressed Equity,1,1.0,29.85012046317403,29.85012046317403
13202.0,394,7,1580.3,2,4,4,Distressed Equity,1,1.0,29.701915931641434,29.701915931641434
17374.0,219,3,727.11,2,3,3,Distressed Equity,1,1.0,29.700848609405416,29.700848609405416
14323.0,115,2,605.0600000000001,3,2,2,Dormant Capital,1,1.0,29.61695979642414,29.61695979642414
18193.0,165,3,1207.35,3,3,3,High-Yield Volatile,1,1.0,29.59166680663072,29.59166680663072
12831.0,262,3,451.11,2,3,2,Distressed Equity,1,1.0,29.553296356939853,29.553296356939853
14400.0,149,3,1732.47,3,3,4,High-Yield Volatile,1,0.99,29.834553015355954,29.536207485202393
13948.0,361,4,548.76,2,3,2,Distressed Equity,1,0.99,29.77932595341361,29.481532693879476
13045.0,99,3,808.9200000000001,3,3,3,High-Yield Volatile,1,1.0,29.474663958697686,29.474663958697686
12745.0,487,3,925.41,1,3,3,Distressed Equity,1,1.0,29.428396455947105,29.428396455947105
15695.0,267,4,1131.04,2,3,3,Distressed Equity,1,1.0,29.41565249878062,29.41565249878062
17694.0,142,3,1695.97,3,3,4,High-Yield Volatile,1,1.0,29.415100490543583,29.415100490543583
14778.0,127,2,730.86,3,2,3,Dormant Capital,1,1.0,29.38997461902576,29.38997461902576
16091.0,155,2,315.06,3,2,2,Dormant Capital,1,1.0,29.360885262328487,29.360885262328487
15970.0,304,2,1017.32,2,2,3,Dormant Capital,1,1.0,29.3555111708399,29.3555111708399
14202.0,381,3,847.76,2,3,3,Distressed Equity,1,1.0,29.353026368063585,29.353026368063585
17630.0,170,2,503.6,3,3,2,High-Yield Volatile,1,1.0,29.251652951707193,29.251652951707193
16567.0,194,2,865.6,2,2,3,Dormant Capital,1,1.0,29.19644829532676,29.19644829532676
13382.0,281,5,1387.58,2,4,4,Distressed Equity,1,1.0,29.183585468932307,29.183585468932307
16858.0,369,10,4668.28,2,5,5,Distressed Equity,1,1.0,29.173971745557893,29.173971745557893
14161.0,216,7,3318.88,2,4,5,Distressed Equity,1,1.0,28.965588257388212,28.965588257388212
13140.0,108,5,1215.68,3,4,3,High-Yield Volatile,1,1.0,28.958577076925668,28.958577076925668
15447.0,331,5,492.88,2,4,2,Distressed Equity,1,1.0,28.86520368438011,28.86520368438011
18037.0,154,15,167.42,3,5,1,High-Yield Volatile,1,0.98,29.385435920522955,28.797727202112494
17182.0,423,2,321.3,1,3,2,Distressed Equity,1,0.99,29.07600414811727,28.785244106636096
12763.0,138,2,814.16,3,2,3,Dormant Capital,1,1.0,28.735468558770126,28.735468558770126
13922.0,352,3,865.2,2,3,3,Distressed Equity,1,1.0,28.54905072363869,28.54905072363869
17708.0,188,4,887.9300000000001,3,4,3,High-Yield Volatile,1,1.0,28.503233844183832,28.503233844183832
16167.0,414,5,1386.12,1,4,4,Distressed Equity,1,1.0,28.478157284238527,28.478157284238527
13936.0,180,3,939.66,3,3,3,High-Yield Volatile,1,1.0,28.462694860467753,28.462694860467753
18024.0,153,2,389.78,3,3,2,High-Yield Volatile,1,1.0,28.42643784997021,28.42643784997021
14420.0,99,4,1639.17,3,3,4,High-Yield Volatile,1,0.98,28.996840462662718,28.416903653409463
15258.0,169,2,623.16,3,2,3,Dormant Capital,1,1.0,28.266543376245203,28.266543376245203
15535.0,173,6,1087.82,3,4,3,High-Yield Volatile,1,1.0,28.254107060890277,28.254107060890277
15689.0,120,3,521.03,3,3,2,High-Yield Volatile,1,1.0,28.25386107523326,28.25386107523326
13675.0,151,2,486.8200000000001,3,2,2,Dormant Capital,1,1.0,28.233233794439247,28.233233794439247
17179.0,178,6,1507.26,3,4,4,High-Yield Volatile,1,1.0,28.223228186438444,28.223228186438444
18146.0,141,2,160.35,3,3,1,High-Yield Volatile,1,1.0,28.20709093357581,28.20709093357581
12644.0,130,4,1918.49,3,3,4,High-Yield Volatile,1,1.0,28.185654602727304,28.185654602727304
17550.0,197,9,2547.64,2,5,4,Distressed Equity,1,1.0,28.17528306116826,28.17528306116826
14279.0,521,2,191.86,1,2,1,Dormant Capital,1,0.99,28.4387639223125,28.154376283089373
13240.0,96,8,1738.52,3,4,4,High-Yield Volatile,1,1.0,27.99986989401181,27.99986989401181
16176.0,421,4,2052.69,1,4,4,Distressed Equity,1,1.0,27.98304576352556,27.98304576352556
15314.0,199,3,820.45,2,3,3,Distressed Equity,1,1.0,27.912603674081822,27.912603674081822
12389.0,403,3,1433.33,2,3,4,Distressed Equity,1,1.0,27.885477375058734,27.885477375058734
17282.0,130,5,2339.66,3,4,4,High-Yield Volatile,1,0.99,28.030670209556565,27.750363507461
14489.0,207,4,1574.93,2,3,4,Distressed Equity,1,1.0,27.73567936734392,27.73567936734392
14584.0,169,8,1747.91,3,4,4,High-Yield Volatile,1,1.0,27.73466601823526,27.73466601823526
14699.0,214,4,702.6,2,3,3,Distressed Equity,1,1.0,27.724875056382817,27.724875056382817
17531.0,190,3,1266.82,2,3,4,Distressed Equity,1,1.0,27.701609446322376,27.701609446322376
13301.0,104,4,618.09,3,3,2,High-Yield Volatile,1,1.0,27.696892424369242,27.696892424369242
16048.0,373,4,1075.23,2,4,3,Distressed Equity,1,1.0,27.68114190896648,27.68114190896648
17343.0,355,6,1259.94,2,4,4,Distressed Equity,1,1.0,27.571482911904432,27.571482911904432
16178.0,138,2,612.6,3,2,2,Dormant Capital,1,1.0,27.52912535833536,27.52912535833536
12648.0,155,4,1112.0,3,3,3,High-Yield Volatile,1,1.0,27.465602714679292,27.465602714679292
17035.0,246,4,613.59,2,4,2,Distressed Equity,1,1.0,27.379384703091795,27.379384703091795
12547.0,198,3,383.58,2,3,2,Distressed Equity,1,0.99,27.65367754164805,27.37714076623157
16202.0,361,9,2501.99,2,5,4,Distressed Equity,1,0.99,27.585768097923886,27.309910416944646
15092.0,215,3,776.46,2,3,3,Distressed Equity,1,1.0,27.212497481344304,27.212497481344304
14338.0,161,3,928.1,3,3,3,High-Yield Volatile,1,1.0,27.143740889281016,27.143740889281016
14206.0,239,3,1185.01,2,3,3,Distressed Equity,1,1.0,27.09839243903597,27.09839243903597
13958.0,380,8,4709.2300000000005,2,4,5,Distressed Equity,1,1.0,27.047147340335815,27.047147340335815
16489.0,380,2,303.7,2,2,2,Dormant Capital,1,0.99,27.2599151578384,26.987316006260016
15076.0,173,3,1447.74,3,3,4,High-Yield Volatile,1,1.0,26.97752462066407,26.97752462066407
15268.0,479,3,961.9,1,3,3,Distressed Equity,1,1.0,26.899560731939197,26.899560731939197
14248.0,318,3,1032.95,2,3,3,Distressed Equity,1,1.0,26.87317936507722,26.87317936507722
17649.0,138,3,1578.89,3,3,4,High-Yield Volatile,1,1.0,26.865584660808093,26.865584660808093
15422.0,323,7,1619.97,2,4,4,Distressed Equity,1,1.0,26.802180571470018,26.802180571470018
15424.0,254,3,597.78,2,3,2,Distressed Equity,1,1.0,26.791166253384368,26.791166253384368
14148.0,234,2,466.29,2,2,2,Dormant Capital,1,1.0,26.78508469683946,26.78508469683946
16467.0,509,7,2869.16,1,4,4,Distressed Equity,1,1.0,26.73957761457108,26.73957761457108
16913.0,290,3,423.91,2,3,2,Distressed Equity,1,1.0,26.73845333894682,26.73845333894682
13080.0,179,4,280.73,3,3,1,High-Yield Volatile,1,1.0,26.73457381652743,26.73457381652743
17871.0,205,5,1118.99,2,4,3,Distressed Equity,1,1.0,26.71816751983072,26.71816751983072
15042.0,199,2,315.45,2,2,2,Dormant Capital,1,1.0,26.690108304593462,26.690108304593462
15279.0,355,5,1580.54,2,4,4,Distressed Equity,1,1.0,26.68824118002959,26.68824118002959
12361.0,287,4,511.25,2,3,2,Distressed Equity,1,1.0,26.662924349649483,26.662924349649483
16619.0,264,4,1938.33,2,4,4,Distressed Equity,1,1.0,26.62090909362538,26.62090909362538
16050.0,174,3,300.7,3,3,2,High-Yield Volatile,1,1.0,26.61925713276713,26.61925713276713
17536.0,177,3,364.83,3,3,2,High-Yield Volatile,1,1.0,26.615046330718283,26.615046330718283
15265.0,151,4,3345.64,3,3,5,High-Yield Volatile,1,1.0,26.59901160238619,26.59901160238619
14472.0,104,9,2228.22,3,5,4,High-Yield Volatile,1,0.99,26.71810064604814,26.450919639587656
17496.0,359,4,1412.89,2,4,4,Distressed Equity,1,1.0,26.394360468376494,26.394360468376494
13299.0,268,3,1218.7,2,3,3,Distressed Equity,1,1.0,26.393935668880427,26.393935668880427
12809.0,178,3,1755.94,3,3,4,High-Yield Volatile,1,0.99,26.599380809003197,26.333387000913163
18139.0,18,6,8438.34,5,4,5,Tier 1 Alpha Asset,0,0.02,1316.1368737250048,26.322737474500094
13000.0,107,4,1032.5,3,3,3,High-Yield Volatile,1,1.0,26.317018155770807,26.317018155770807
14988.0,212,7,2066.6,2,4,4,Distressed Equity,1,1.0,26.29337873160658,26.29337873160658
12813.0,502,3,1687.8,1,3,4,Distressed Equity,1,1.0,26.202112419169644,26.202112419169644
15325.0,104,8,1602.01,3,4,4,High-Yield Volatile,1,1.0,26.17710284269842,26.17710284269842
12866.0,283,3,1227.35,2,3,3,Distressed Equity,1,1.0,26.154707867927698,26.154707867927698
17714.0,321,5,1410.18,2,4,4,Distressed Equity,1,1.0,26.110255516226793,26.110255516226793
16957.0,239,2,416.64,2,3,2,Distressed Equity,1,1.0,26.088102313554593,26.088102313554593
15935.0,239,2,416.86,2,2,2,Dormant Capital,1,1.0,25.998195757495893,25.998195757495893
14304.0,223,3,1725.01,2,3,4,Distressed Equity,1,0.99,26.19132324611633,25.929410013655165
12725.0,371,4,2694.56,2,3,4,Distressed Equity,1,1.0,25.90653784127646,25.90653784127646
17749.0,178,3,1026.18,3,3,3,High-Yield Volatile,1,1.0,25.815051804922934,25.815051804922934
13395.0,185,3,1180.23,3,3,3,High-Yield Volatile,1,1.0,25.81376386313108,25.81376386313108
14491.0,175,2,468.13,3,2,2,Dormant Capital,1,1.0,25.77814389581949,25.77814389581949
14122.0,406,3,362.42,2,3,2,Distressed Equity,1,1.0,25.751754740007648,25.751754740007648
15713.0,143,4,1010.79,3,3,3,High-Yield Volatile,1,0.99,25.990290486493095,25.730387581628165
15439.0,405,4,1269.05,2,3,4,Distressed Equity,1,1.0,25.694604280796288,25.694604280796288
15728.0,380,2,544.6,2,2,2,Dormant Capital,1,1.0,25.61921934728342,25.61921934728342
16810.0,192,2,842.04,2,2,3,Dormant Capital,1,1.0,25.592190448144244,25.592190448144244
16755.0,114,7,2900.58,3,4,4,High-Yield Volatile,1,1.0,25.569859639603884,25.569859639603884
13360.0,432,4,1553.65,1,3,4,Distressed Equity,1,1.0,25.54316128605862,25.54316128605862
13513.0,127,3,824.59,3,3,3,High-Yield Volatile,1,1.0,25.536291542756498,25.536291542756498
14339.0,243,2,620.27,2,2,3,Dormant Capital,1,1.0,25.515074844404154,25.515074844404154
14437.0,366,5,958.84,2,4,3,Distressed Equity,1,1.0,25.486776500094308,25.486776500094308
13744.0,95,2,1156.36,3,2,3,Dormant Capital,1,1.0,25.361213250934476,25.361213250934476
17497.0,390,2,287.25,2,3,1,Distressed Equity,1,1.0,25.215243752740488,25.215243752740488
13718.0,246,2,306.55,2,2,2,Dormant Capital,1,1.0,25.202587379360978,25.202587379360978
16138.0,379,3,910.35,2,3,3,Distressed Equity,1,1.0,25.155840953862533,25.155840953862533
16917.0,277,2,1857.83,2,3,4,Distressed Equity,1,1.0,25.15405248740683,25.15405248740683
17176.0,202,3,902.32,2,3,3,Distressed Equity,1,1.0,25.14065198578612,25.14065198578612
17582.0,236,5,1450.7,2,4,4,Distressed Equity,1,1.0,25.12119469520884,25.12119469520884
12639.0,239,3,1312.37,2,3,4,Distressed Equity,1,1.0,25.110791400622716,25.110791400622716
14353.0,215,3,376.5,2,3,2,Distressed Equity,1,1.0,25.10517033404089,25.10517033404089
14821.0,367,7,1286.45,2,4,4,Distressed Equity,1,1.0,25.095331593448613,25.095331593448613
16718.0,369,5,3647.53,2,4,5,Distressed Equity,1,1.0,25.093523697161963,25.093523697161963
15607.0,337,9,1708.97,2,5,4,Distressed Equity,1,1.0,25.055451229570686,25.055451229570686
12585.0,234,2,2040.1,2,2,4,Dormant Capital,1,1.0,25.043673479551245,25.043673479551245
12717.0,151,3,1308.91,3,3,4,High-Yield Volatile,1,1.0,25.03699082000416,25.03699082000416
14314.0,107,2,229.8,3,2,1,Dormant Capital,1,1.0,25.029343953663833,25.029343953663833
15456.0,283,10,2119.27,2,5,4,Distressed Equity,1,1.0,24.98208677214745,24.98208677214745
14225.0,435,4,2037.02,1,3,4,Distressed Equity,1,1.0,24.966452904886367,24.966452904886367
13307.0,120,3,273.34,3,3,1,High-Yield Volatile,1,1.0,24.96525141505832,24.96525141505832
13044.0,291,11,4853.9,2,5,5,Distressed Equity,1,1.0,24.95362089666147,24.95362089666147
15070.0,373,3,843.25,2,3,3,Distressed Equity,1,1.0,24.943256770075,24.943256770075
17334.0,302,3,635.1500000000001,2,3,3,Distressed Equity,1,1.0,24.817822930222484,24.817822930222484
17040.0,138,2,463.25,3,3,2,High-Yield Volatile,1,1.0,24.67070510961002,24.67070510961002
17781.0,159,2,188.02,3,3,1,High-Yield Volatile,1,1.0,24.607357614660554,24.607357614660554
13484.0,241,3,790.72,2,3,3,Distressed Equity,1,1.0,24.440658664405632,24.440658664405632
16250.0,261,3,791.38,2,3,3,Distressed Equity,1,1.0,24.436500544875244,24.436500544875244
12733.0,234,4,2424.87,2,3,4,Distressed Equity,1,1.0,24.43075610440289,24.43075610440289
17874.0,185,6,683.46,3,4,3,High-Yield Volatile,1,1.0,24.422443306552807,24.422443306552807
16510.0,372,6,2100.0,2,4,4,Distressed Equity,1,0.99,24.5662654407028,24.320602786295773
15823.0,372,3,3897.17,2,3,5,Distressed Equity,1,1.0,24.295144403248315,24.295144403248315
13672.0,301,3,419.92,2,3,2,Distressed Equity,1,1.0,24.226209258506206,24.226209258506206
14009.0,198,3,1099.91,2,3,3,Distressed Equity,1,1.0,24.222758989469348,24.222758989469348
15887.0,407,3,1027.15,2,3,3,Distressed Equity,1,1.0,24.21795773494971,24.21795773494971
16699.0,380,7,994.6,2,4,3,Distressed Equity,1,1.0,24.214877763545903,24.214877763545903
12373.0,311,3,1127.65,2,3,3,Distressed Equity,1,1.0,24.200787387004034,24.200787387004034
17978.0,365,4,1461.76,2,4,4,Distressed Equity,1,1.0,24.01330191853874,24.01330191853874
16275.0,197,3,2151.11,2,3,4,Distressed Equity,1,1.0,23.97485110108225,23.97485110108225
14478.0,382,4,1276.66,2,3,4,Distressed Equity,1,1.0,23.837456555564295,23.837456555564295
14350.0,274,3,972.03,2,3,3,Distressed Equity,1,1.0,23.806704998581388,23.806704998581388
14002.0,134,2,529.73,3,2,2,Dormant Capital,1,1.0,23.798655615835916,23.798655615835916
17556.0,206,2,300.67,2,3,2,Distressed Equity,1,1.0,23.713101354135674,23.713101354135674
13133.0,274,3,200.45,2,3,1,Distressed Equity,1,0.99,23.92943687228627,23.690142503563408
17150.0,377,6,1375.65,2,4,4,Distressed Equity,1,1.0,23.65158634971126,23.65158634971126
13800.0,310,3,1679.56,2,3,4,Distressed Equity,1,1.0,23.64407380646213,23.64407380646213
14965.0,96,2,599.0,3,2,2,Dormant Capital,1,1.0,23.60407107229068,23.60407107229068
16484.0,174,2,404.3,3,2,2,Dormant Capital,1,1.0,23.602463637621824,23.602463637621824
14302.0,431,3,742.9000000000001,1,3,3,Distressed Equity,1,1.0,23.590814545176734,23.590814545176734
12829.0,337,3,385.3,2,3,2,Distressed Equity,1,1.0,23.549414389280443,23.549414389280443
15210.0,225,3,1176.19,2,3,3,Distressed Equity,1,1.0,23.506622610146287,23.506622610146287
15254.0,127,3,1088.35,3,3,3,High-Yield Volatile,1,1.0,23.491492234617596,23.491492234617596
15374.0,129,2,307.32,3,2,2,Dormant Capital,1,1.0,23.394762061669933,23.394762061669933
16961.0,116,3,794.56,3,3,3,High-Yield Volatile,1,1.0,23.359679285650472,23.359679285650472
13656.0,165,4,1078.85,3,3,3,High-Yield Volatile,1,1.0,23.29848519010692,23.29848519010692
14645.0,157,3,876.89,3,3,3,High-Yield Volatile,1,1.0,23.246787273943863,23.246787273943863
16449.0,198,2,707.69,2,2,3,Dormant Capital,1,1.0,23.216551904759278,23.216551904759278
13388.0,131,3,1185.65,3,3,3,High-Yield Volatile,1,1.0,23.158207910370084,23.158207910370084
17995.0,282,3,495.48,2,3,2,Distressed Equity,1,1.0,23.111311908998157,23.111311908998157
14326.0,242,3,940.98,2,3,3,Distressed Equity,1,1.0,23.102472643709703,23.102472643709703
15207.0,416,3,683.92,1,3,3,Distressed Equity,1,1.0,22.91913772927498,22.91913772927498
17585.0,109,7,2093.3,3,4,4,High-Yield Volatile,1,1.0,22.911589882070352,22.911589882070352
13747.0,374,2,249.4,2,2,1,Dormant Capital,1,1.0,22.86555696468692,22.86555696468692
15934.0,418,2,2190.66,1,2,4,Dormant Capital,1,0.99,23.085193453940263,22.85434151940086
14896.0,205,8,2092.42,2,4,4,Distressed Equity,1,1.0,22.81579547775127,22.81579547775127
14920.0,213,3,1607.17,2,3,4,Distressed Equity,1,1.0,22.790542637884307,22.790542637884307
17142.0,239,4,1283.75,2,4,4,Distressed Equity,1,1.0,22.74062787925494,22.74062787925494
18026.0,501,2,2074.07,1,3,4,Distressed Equity,1,1.0,22.681423116996083,22.681423116996083
17327.0,410,2,152.35,2,3,1,Distressed Equity,1,1.0,22.660075225337046,22.660075225337046
13885.0,189,2,506.8,3,2,2,Dormant Capital,1,1.0,22.50065722978359,22.50065722978359
12978.0,385,5,2502.82,2,4,4,Distressed Equity,1,1.0,22.457837275287893,22.457837275287893
16378.0,247,3,362.95,2,3,2,Distressed Equity,1,0.99,22.583656982902486,22.357820413073462
13686.0,183,3,409.04,3,3,2,High-Yield Volatile,1,0.99,22.551630227205063,22.32611392493301
12942.0,131,3,942.65,3,3,3,High-Yield Volatile,1,1.0,22.320080635361656,22.320080635361656
13902.0,632,5,34095.26,1,4,5,Distressed Equity,1,0.99,22.533806399808036,22.308468335809955
17126.0,152,9,2070.44,3,5,4,High-Yield Volatile,1,0.99,22.522159470140352,22.29693787543895
16829.0,157,2,513.32,3,2,2,Dormant Capital,1,1.0,22.289080270989952,22.289080270989952
16552.0,243,2,475.02,2,2,2,Dormant Capital,1,1.0,22.255261770677354,22.255261770677354
15326.0,334,5,1700.52,2,4,4,Distressed Equity,1,1.0,22.212585452470258,22.212585452470258
15109.0,246,3,983.1,2,3,3,Distressed Equity,1,1.0,22.001664519318936,22.001664519318936
13101.0,234,4,695.4,2,3,3,Distressed Equity,1,1.0,21.941682926413204,21.941682926413204
16946.0,383,5,1222.04,2,4,3,Distressed Equity,1,1.0,21.933124579032405,21.933124579032405
12967.0,358,3,4306.92,2,3,5,Distressed Equity,1,1.0,21.89377447437173,21.89377447437173
13295.0,360,4,1101.97,2,3,3,Distressed Equity,1,1.0,21.783488468324023,21.783488468324023
13304.0,351,4,1217.99,2,3,3,Distressed Equity,1,1.0,21.778237338993765,21.778237338993765
12355.0,214,2,947.61,2,2,3,Dormant Capital,1,1.0,21.729621802540407,21.729621802540407
16714.0,219,4,1529.8,2,4,4,Distressed Equity,1,1.0,21.72711302768018,21.72711302768018
16808.0,99,2,288.42,3,2,1,Dormant Capital,1,1.0,21.67265415982928,21.67265415982928
14669.0,242,7,3243.93,2,4,5,Distressed Equity,1,1.0,21.663351122196726,21.663351122196726
15212.0,241,2,208.28,2,2,1,Dormant Capital,1,1.0,21.61479865149412,21.61479865149412
14436.0,99,2,271.7,3,2,1,Dormant Capital,1,1.0,21.601568418195914,21.601568418195914
16217.0,235,2,304.25,2,2,2,Dormant Capital,1,1.0,21.593125562349332,21.593125562349332
16588.0,386,4,1361.28,2,4,4,Distressed Equity,1,1.0,21.583559942362214,21.583559942362214
17854.0,185,6,1071.45,3,4,3,High-Yield Volatile,1,1.0,21.49540288579621,21.49540288579621
16427.0,263,2,241.06,2,2,1,Dormant Capital,1,1.0,21.485725915764025,21.485725915764025
13361.0,472,2,1450.5,1,2,4,Dormant Capital,1,1.0,21.45224784536068,21.45224784536068
12960.0,414,4,1322.0700000000002,1,3,4,Distressed Equity,1,1.0,21.3934676840351,21.3934676840351
15146.0,165,2,1327.16,3,2,4,Dormant Capital,1,1.0,21.365919710097348,21.365919710097348
16230.0,190,2,542.03,2,2,2,Dormant Capital,1,1.0,21.341724007326825,21.341724007326825
12591.0,317,3,1352.15,2,3,4,Distressed Equity,1,1.0,21.335369688489006,21.335369688489006
13441.0,92,2,720.9,3,2,3,Dormant Capital,1,1.0,21.31504325065269,21.31504325065269
13803.0,255,3,1338.91,2,3,4,Distressed Equity,1,1.0,21.30173648677601,21.30173648677601
18247.0,415,3,839.73,1,3,3,Distressed Equity,1,1.0,21.209936152476615,21.209936152476615
15353.0,255,7,3175.95,2,4,5,Distressed Equity,1,1.0,21.20820549445027,21.20820549445027
15589.0,256,3,478.53,2,3,2,Distressed Equity,1,1.0,21.152949909139632,21.152949909139632
13002.0,318,3,414.13,2,3,2,Distressed Equity,1,1.0,21.133747890565903,21.133747890565903
13693.0,374,9,2011.82,2,5,4,Distressed Equity,1,1.0,21.13013162027051,21.13013162027051
18231.0,192,28,6880.97,2,5,5,Distressed Equity,1,0.99,21.31667594631343,21.103509186850296
17900.0,190,2,112.2,2,3,1,Distressed Equity,1,1.0,21.08488734876521,21.08488734876521
16356.0,198,6,415.87,2,4,2,Distressed Equity,1,1.0,21.055063530495122,21.055063530495122
15246.0,238,3,780.4,2,3,3,Distressed Equity,1,1.0,21.027667942023065,21.027667942023065
15441.0,396,3,1254.21,2,3,4,Distressed Equity,1,1.0,20.991317796198352,20.991317796198352
16977.0,395,4,496.0,2,4,2,Distressed Equity,1,0.99,21.086382278426278,20.875518455642016
14051.0,1,37,22434.0,5,5,5,Tier 1 Alpha Asset,0,0.02,1043.6103534062968,20.872207068125935
15590.0,382,5,1496.6,2,4,4,Distressed Equity,1,1.0,20.85617170223843,20.85617170223843
16749.0,591,2,4387.08,1,2,5,Dormant Capital,1,1.0,20.798560360925023,20.798560360925023
12386.0,338,2,660.8000000000001,2,2,3,Dormant Capital,1,1.0,20.763068698956076,20.763068698956076
15639.0,134,3,1065.08,3,3,3,High-Yield Volatile,1,0.99,20.963077238285944,20.753446465903085
13190.0,544,3,570.66,1,3,2,Distressed Equity,1,1.0,20.748987013226966,20.748987013226966
17349.0,179,5,852.25,3,4,3,High-Yield Volatile,1,1.0,20.70476988156522,20.70476988156522
13294.0,190,3,1689.53,2,3,4,Distressed Equity,1,1.0,20.689583764016703,20.689583764016703
17229.0,96,2,318.76,3,3,2,High-Yield Volatile,1,1.0,20.672049059862907,20.672049059862907
16980.0,255,3,1473.33,2,3,4,Distressed Equity,1,1.0,20.65105166342374,20.65105166342374
14230.0,436,3,979.8,1,3,3,Distressed Equity,1,1.0,20.609863836899013,20.609863836899013
16644.0,178,2,833.78,3,2,3,Dormant Capital,1,1.0,20.60608379238114,20.60608379238114
14136.0,401,5,1570.81,2,4,4,Distressed Equity,1,1.0,20.562290177860543,20.562290177860543
15683.0,117,2,524.54,3,2,2,Dormant Capital,1,1.0,20.532825840079674,20.532825840079674
15789.0,358,6,1962.01,2,4,4,Distressed Equity,1,1.0,20.490928495886703,20.490928495886703
14620.0,206,2,412.78,2,2,2,Dormant Capital,1,0.99,20.60989401228022,20.403795072157415
14068.0,320,4,1528.37,2,3,4,Distressed Equity,1,1.0,20.378204204470077,20.378204204470077
13293.0,392,6,1192.94,2,4,3,Distressed Equity,1,1.0,20.371752002124328,20.371752002124328
13921.0,402,4,730.7,2,3,3,Distressed Equity,1,1.0,20.333303841913768,20.333303841913768
12665.0,325,3,313.6,2,3,2,Distressed Equity,1,1.0,20.30329977613242,20.30329977613242
13506.0,316,5,1639.2,2,4,4,Distressed Equity,1,1.0,20.302888832320857,20.302888832320857
13357.0,257,5,3838.36,2,4,5,Distressed Equity,1,1.0,20.29231506845167,20.29231506845167
15104.0,197,2,1027.44,2,2,3,Dormant Capital,1,1.0,20.238925566435817,20.238925566435817
15562.0,352,3,673.3800000000001,2,3,3,Distressed Equity,1,1.0,20.0795141466864,20.0795141466864
17356.0,312,5,946.47,2,4,3,Distressed Equity,1,1.0,19.99557799115464,19.99557799115464
15920.0,154,9,571.64,3,5,2,High-Yield Volatile,1,1.0,19.96528850901893,19.96528850901893
14679.0,382,3,1289.44,2,3,4,Distressed Equity,1,1.0,19.96507233109718,19.96507233109718
15303.0,290,3,1224.18,2,3,3,Distressed Equity,1,1.0,19.888705376208964,19.888705376208964
15262.0,324,3,418.82,2,3,2,Distressed Equity,1,1.0,19.78167007353498,19.78167007353498
16766.0,273,2,1145.6,2,2,3,Dormant Capital,1,1.0,19.769402614380848,19.769402614380848
14242.0,235,2,280.55,2,2,1,Dormant Capital,1,1.0,19.73363535214466,19.73363535214466
12785.0,364,3,1100.4,2,3,3,Distressed Equity,1,1.0,19.59553452127226,19.59553452127226
17889.0,212,7,774.87,2,4,3,Distressed Equity,1,0.99,19.77845431909426,19.580669775903317
17362.0,239,7,1024.04,2,4,3,Distressed Equity,1,1.0,19.52679430462235,19.52679430462235
15084.0,380,2,965.2,2,2,3,Dormant Capital,1,1.0,19.48064974891729,19.48064974891729
18108.0,254,3,848.8100000000001,2,3,3,Distressed Equity,1,1.0,19.476367798413374,19.476367798413374
18183.0,227,2,632.07,2,3,3,Distressed Equity,1,1.0,19.45609232858925,19.45609232858925
12977.0,156,4,517.63,3,3,2,High-Yield Volatile,1,1.0,19.43770412753331,19.43770412753331
17862.0,324,4,1279.09,2,4,4,Distressed Equity,1,1.0,19.39600528204891,19.39600528204891
15219.0,176,2,685.45,3,2,3,Dormant Capital,1,1.0,19.393296438105633,19.393296438105633
15151.0,423,2,2085.61,1,2,4,Dormant Capital,1,1.0,19.36091898465969,19.36091898465969
18078.0,217,4,844.6,2,4,3,Distressed Equity,1,1.0,19.354794666726058,19.354794666726058
16067.0,563,3,3395.29,1,3,5,Distressed Equity,1,1.0,19.332493615081237,19.332493615081237
13433.0,501,4,658.32,1,3,3,Distressed Equity,1,1.0,19.24408566377464,19.24408566377464
17478.0,408,2,1272.8000000000002,2,3,4,Distressed Equity,1,1.0,19.20703788382853,19.20703788382853
17267.0,127,2,317.62,3,3,2,High-Yield Volatile,1,1.0,19.16554125070414,19.16554125070414
12975.0,437,6,2100.09,1,4,4,Distressed Equity,1,0.99,19.359065461248917,19.16547480663643
17691.0,358,4,780.0500000000001,2,4,3,Distressed Equity,1,1.0,19.16099006918109,19.16099006918109
16244.0,212,2,2579.38,2,2,4,Dormant Capital,1,1.0,19.132210803505004,19.132210803505004
14241.0,184,2,333.7,3,2,2,Dormant Capital,1,1.0,19.10922300055499,19.10922300055499
13770.0,422,4,785.37,1,3,3,Distressed Equity,1,1.0,19.066039077768394,19.066039077768394
12870.0,375,3,1676.95,2,3,4,Distressed Equity,1,1.0,18.953910422221373,18.953910422221373
18262.0,140,3,577.54,3,3,2,High-Yield Volatile,1,1.0,18.902976073635514,18.902976073635514
17446.0,177,2,120.9,3,3,1,High-Yield Volatile,1,1.0,18.853010996995742,18.853010996995742
16952.0,109,5,798.78,3,4,3,High-Yield Volatile,1,1.0,18.806894148809825,18.806894148809825
13937.0,169,2,880.13,3,2,3,Dormant Capital,1,1.0,18.803433346294565,18.803433346294565
12734.0,353,3,639.65,2,3,3,Distressed Equity,1,1.0,18.751708172353304,18.751708172353304
18018.0,108,4,297.99,3,4,2,High-Yield Volatile,1,1.0,18.68693052883948,18.68693052883948
17325.0,280,3,609.5699999999999,2,3,2,Distressed Equity,1,1.0,18.68156544547274,18.68156544547274
15064.0,410,4,1254.41,2,3,4,Distressed Equity,1,1.0,18.625910205363365,18.625910205363365
15332.0,366,6,6553.74,2,4,5,Distressed Equity,1,0.99,18.775029303119044,18.587279010087855
12878.0,236,2,854.99,2,2,3,Dormant Capital,1,1.0,18.544198130643995,18.544198130643995
17375.0,199,4,660.55,2,4,3,Distressed Equity,1,1.0,18.52771156958184,18.52771156958184
12353.0,204,2,406.76,2,2,2,Dormant Capital,1,1.0,18.508041401048576,18.508041401048576
15143.0,226,2,563.63,2,2,2,Dormant Capital,1,1.0,18.468193702429936,18.468193702429936
14245.0,220,2,1693.45,2,2,4,Dormant Capital,1,0.99,18.63236811190396,18.446044430784923
13008.0,323,3,612.13,2,3,2,Distressed Equity,1,1.0,18.40662949318678,18.40662949318678
17880.0,365,3,824.9200000000001,2,3,3,Distressed Equity,1,1.0,18.395602903634746,18.395602903634746
17194.0,274,3,812.5,2,3,3,Distressed Equity,1,1.0,18.385297056225063,18.385297056225063
16739.0,177,2,786.4300000000001,3,2,3,Dormant Capital,1,1.0,18.34463204367458,18.34463204367458
12369.0,413,3,1791.15,1,3,4,Distressed Equity,1,1.0,18.33436509640162,18.33436509640162
17005.0,471,2,742.36,1,3,3,Distressed Equity,1,1.0,18.317336813234725,18.317336813234725
17958.0,117,2,973.88,3,3,3,High-Yield Volatile,1,1.0,18.302138407688314,18.302138407688314
13833.0,159,2,701.36,3,2,3,Dormant Capital,1,1.0,18.250855330536332,18.250855330536332
13731.0,219,2,610.59,2,2,2,Dormant Capital,1,1.0,18.240642574232602,18.240642574232602
17277.0,228,2,1065.35,2,3,3,Distressed Equity,1,1.0,18.212556415778455,18.212556415778455
14949.0,469,4,515.0,1,3,2,Distressed Equity,1,1.0,18.201798820433915,18.201798820433915
16405.0,302,2,167.25,2,2,1,Dormant Capital,1,1.0,18.199066567920564,18.199066567920564
12956.0,306,4,521.89,2,3,2,Distressed Equity,1,1.0,18.17148708512047,18.17148708512047
13699.0,155,2,764.15,3,2,3,Dormant Capital,1,1.0,18.171366977440698,18.171366977440698
15405.0,189,2,659.84,3,2,3,Dormant Capital,1,1.0,18.150418606079153,18.150418606079153
17200.0,387,4,356.71,2,4,2,Distressed Equity,1,1.0,18.101111009817544,18.101111009817544
18074.0,374,2,1509.04,2,3,4,Distressed Equity,1,1.0,18.085008132459595,18.085008132459595
14037.0,176,6,836.95,3,4,3,High-Yield Volatile,1,1.0,18.00101562990217,18.00101562990217
14619.0,246,2,1291.24,2,2,4,Dormant Capital,1,1.0,17.99452346149181,17.99452346149181
13837.0,212,2,271.24,2,2,1,Dormant Capital,1,1.0,17.972527049465256,17.972527049465256
12790.0,192,2,591.85,2,2,2,Dormant Capital,1,1.0,17.87844582812366,17.87844582812366
16130.0,422,4,987.48,1,4,3,Distressed Equity,1,1.0,17.843730525364357,17.843730525364357
17421.0,386,3,1059.41,2,3,3,Distressed Equity,1,1.0,17.841534359656247,17.841534359656247
17683.0,386,3,819.01,2,3,3,Distressed Equity,1,1.0,17.786585477135382,17.786585477135382
13398.0,192,2,670.34,2,2,3,Dormant Capital,1,1.0,17.785884089621703,17.785884089621703
18251.0,87,9,26278.86,3,5,5,High-Yield Volatile,0,0.02,889.2175327399442,17.784350654798885
13333.0,411,3,1015.74,1,3,3,Distressed Equity,1,1.0,17.768202960605567,17.768202960605567
17187.0,227,2,467.71,2,3,2,Distressed Equity,1,1.0,17.762095716531444,17.762095716531444
15800.0,107,7,1242.58,3,4,3,High-Yield Volatile,1,0.99,17.890516820203775,17.711611652001736
17094.0,322,2,402.2000000000001,2,3,2,Distressed Equity,1,1.0,17.684810312982915,17.684810312982915
15512.0,156,4,331.58,3,3,2,High-Yield Volatile,1,0.99,17.83302763866643,17.654697362279766
13151.0,296,3,2580.74,2,3,4,Distressed Equity,1,1.0,17.65350122742119,17.65350122742119
17726.0,395,7,1092.06,2,4,3,Distressed Equity,1,1.0,17.602613756151563,17.602613756151563
13712.0,247,2,766.42,2,2,3,Dormant Capital,1,1.0,17.568842145123245,17.568842145123245
13821.0,145,6,1410.73,3,4,4,High-Yield Volatile,1,1.0,17.50966944465851,17.50966944465851
16314.0,390,3,1491.4,2,3,4,Distressed Equity,1,1.0,17.505575100813125,17.505575100813125
13010.0,374,2,330.12,2,2,2,Dormant Capital,1,1.0,17.497851794733258,17.497851794733258
16769.0,260,4,1141.75,2,4,3,Distressed Equity,1,1.0,17.43649024272008,17.43649024272008
15921.0,173,4,802.11,3,3,3,High-Yield Volatile,1,1.0,17.410882191848785,17.410882191848785
14162.0,174,2,289.36,3,2,1,Dormant Capital,1,1.0,17.328411039407733,17.328411039407733
12972.0,414,4,1161.2,1,3,3,Distressed Equity,1,1.0,17.31639471067331,17.31639471067331
16193.0,237,2,630.4300000000001,2,2,3,Dormant Capital,1,1.0,17.306184210166798,17.306184210166798
13113.0,1,37,18625.73,5,5,5,Tier 1 Alpha Asset,0,0.02,865.2383737488615,17.30476747497723
16387.0,323,5,918.55,2,4,3,Distressed Equity,1,1.0,17.29993332743349,17.29993332743349
14890.0,254,3,817.25,2,3,3,Distressed Equity,1,1.0,17.266836123784348,17.266836123784348
14672.0,235,4,1113.14,2,3,3,Distressed Equity,1,1.0,17.259068512265145,17.259068512265145
12793.0,335,3,1017.33,2,3,3,Distressed Equity,1,1.0,17.25695716514342,17.25695716514342
13144.0,333,2,135.35,2,2,1,Dormant Capital,1,1.0,17.203889286831842,17.203889286831842
12376.0,390,2,503.15,2,2,2,Dormant Capital,1,1.0,17.151302425285472,17.151302425285472
15347.0,366,4,1363.6,2,3,4,Distressed Equity,1,1.0,17.13297202235872,17.13297202235872
16329.0,428,4,1703.07,1,4,4,Distressed Equity,1,1.0,17.1177842504657,17.1177842504657
13648.0,400,8,1764.02,2,4,4,Distressed Equity,1,1.0,17.099432614484783,17.099432614484783
15346.0,333,3,596.12,2,3,2,Distressed Equity,1,1.0,17.074413155934124,17.074413155934124
17465.0,426,7,2542.79,1,4,4,Distressed Equity,1,1.0,17.04598453605843,17.04598453605843
16526.0,172,2,717.21,3,2,3,Dormant Capital,1,1.0,17.030089731627484,17.030089731627484
15180.0,367,3,904.43,2,3,3,Distressed Equity,1,1.0,17.015362924909997,17.015362924909997
17713.0,382,4,1198.09,2,4,3,Distressed Equity,1,1.0,16.974560114613826,16.974560114613826
12629.0,386,2,1558.22,2,2,4,Dormant Capital,1,1.0,16.946596427750176,16.946596427750176
16643.0,246,2,923.11,2,2,3,Dormant Capital,1,1.0,16.931568520878198,16.931568520878198
17226.0,309,3,900.12,2,3,3,Distressed Equity,1,1.0,16.896809740923572,16.896809740923572
14981.0,246,2,372.92,2,2,2,Dormant Capital,1,0.99,17.052423476934127,16.881899242164785
13729.0,436,3,724.73,1,3,3,Distressed Equity,1,1.0,16.87643364494589,16.87643364494589
13626.0,253,2,707.04,2,2,3,Dormant Capital,1,1.0,16.848217079188185,16.848217079188185
15433.0,214,2,533.3,2,2,2,Dormant Capital,1,1.0,16.819892046695838,16.819892046695838
13807.0,367,3,534.8,2,3,2,Distressed Equity,1,1.0,16.772557857384374,16.772557857384374
16060.0,401,3,541.95,2,3,2,Distressed Equity,1,1.0,16.70773881201734,16.70773881201734
14469.0,416,4,2112.21,1,3,4,Distressed Equity,1,1.0,16.678499239765205,16.678499239765205
13065.0,373,5,1260.91,2,4,4,Distressed Equity,1,1.0,16.65099180940525,16.65099180940525
15425.0,400,4,1944.57,2,3,4,Distressed Equity,1,1.0,16.528970839632848,16.528970839632848
14370.0,451,6,1175.78,1,4,3,Distressed Equity,1,1.0,16.515987346049677,16.515987346049677
13154.0,399,3,1624.84,2,3,4,Distressed Equity,1,0.98,16.816076826673648,16.479755290140176
15617.0,396,3,828.5500000000001,2,3,3,Distressed Equity,1,1.0,16.46458234497563,16.46458234497563
16135.0,263,2,819.45,2,2,3,Dormant Capital,1,1.0,16.45870727376163,16.45870727376163
17678.0,264,2,599.76,2,3,2,Distressed Equity,1,1.0,16.34031287398682,16.34031287398682
17765.0,159,4,530.8,3,4,2,High-Yield Volatile,1,1.0,16.263177513703706,16.263177513703706
15824.0,453,2,890.94,1,2,3,Dormant Capital,1,1.0,16.190150314671826,16.190150314671826
17189.0,106,5,957.63,3,4,3,High-Yield Volatile,1,1.0,16.16227718055407,16.16227718055407
13957.0,418,3,458.25,1,3,2,Distressed Equity,1,1.0,16.161071304533674,16.161071304533674
16520.0,186,6,2482.62,3,4,4,High-Yield Volatile,1,0.98,16.425649508854725,16.09713651867763
17307.0,395,11,3999.89,2,5,5,Distressed Equity,1,1.0,16.043603190352325,16.043603190352325
12378.0,130,2,5416.32,3,2,5,Dormant Capital,1,1.0,16.034031491603336,16.034031491603336
17259.0,148,6,1889.34,3,4,4,High-Yield Volatile,1,1.0,16.030056919263522,16.030056919263522
12573.0,227,5,717.41,2,4,3,Distressed Equity,1,1.0,16.02608309212106,16.02608309212106
16004.0,475,5,2146.39,1,4,4,Distressed Equity,1,1.0,16.01391234199674,16.01391234199674
14022.0,225,2,792.15,2,2,3,Dormant Capital,1,1.0,16.01180090625223,16.01180090625223
14909.0,437,3,1404.68,1,3,4,Distressed Equity,1,1.0,15.873639841558033,15.873639841558033
15445.0,264,2,284.5,2,2,1,Dormant Capital,1,1.0,15.86140022395604,15.86140022395604
17639.0,276,6,615.17,2,4,2,Distressed Equity,1,1.0,15.809212167393271,15.809212167393271
14430.0,512,3,1220.9,1,3,3,Distressed Equity,1,1.0,15.776186045389032,15.776186045389032
15016.0,173,5,630.3,3,4,3,High-Yield Volatile,1,1.0,15.762620515664974,15.762620515664974
15139.0,240,2,178.96,2,2,1,Dormant Capital,1,1.0,15.757124910244162,15.757124910244162
15459.0,417,2,202.83,1,2,1,Dormant Capital,1,1.0,15.75034127200129,15.75034127200129
15538.0,538,6,3358.4,1,4,5,Distressed Equity,1,1.0,15.737602279521665,15.737602279521665
18280.0,278,2,488.15,2,3,2,Distressed Equity,1,1.0,15.732628544922935,15.732628544922935
13540.0,467,3,632.39,1,3,3,Distressed Equity,1,1.0,15.698042437401657,15.698042437401657
13156.0,385,3,1586.54,2,3,4,Distressed Equity,1,1.0,15.66583853925153,15.66583853925153
16431.0,213,3,642.81,2,3,3,Distressed Equity,1,1.0,15.660054620200823,15.660054620200823
14355.0,366,3,1014.45,2,3,3,Distressed Equity,1,1.0,15.644511012623077,15.644511012623077
17023.0,417,3,800.1800000000001,1,3,3,Distressed Equity,1,1.0,15.636329308289017,15.636329308289017
16544.0,520,4,376.7000000000001,1,4,2,Distressed Equity,1,1.0,15.57987832533991,15.57987832533991
12652.0,331,2,1017.03,2,2,3,Dormant Capital,1,1.0,15.564474747975034,15.564474747975034
14425.0,435,3,661.39,1,3,3,Distressed Equity,1,1.0,15.461667973978386,15.461667973978386
13781.0,251,3,778.83,2,3,3,Distressed Equity,1,1.0,15.446012070993644,15.446012070993644
18275.0,578,2,741.85,1,3,3,Distressed Equity,1,0.99,15.579816975637055,15.424018805880683
15008.0,480,2,360.0,1,2,2,Dormant Capital,1,1.0,15.393630888142521,15.393630888142521
15889.0,157,8,1806.28,3,4,4,High-Yield Volatile,1,1.0,15.387680941529117,15.387680941529117
12365.0,291,2,641.38,2,2,3,Dormant Capital,1,0.99,15.495010698461051,15.34006059147644
13916.0,464,4,1275.81,1,3,4,Distressed Equity,1,1.0,15.218746638043736,15.218746638043736
13465.0,446,2,931.12,1,2,3,Dormant Capital,1,1.0,15.197603403450865,15.197603403450865
15256.0,149,2,170.4,3,2,1,Dormant Capital,1,1.0,15.190643199728681,15.190643199728681
14850.0,312,7,1794.01,2,4,4,Distressed Equity,1,1.0,15.174761557720398,15.174761557720398
14208.0,95,2,567.05,3,2,2,Dormant Capital,1,1.0,15.132869346764114,15.132869346764114
12792.0,257,2,827.01,2,2,3,Dormant Capital,1,1.0,15.111209928163222,15.111209928163222
17635.0,424,3,1265.58,1,3,4,Distressed Equity,1,1.0,15.104474649547306,15.104474649547306
18244.0,431,2,568.64,1,3,2,Distressed Equity,1,1.0,15.086669819388336,15.086669819388336
13262.0,263,3,573.45,2,3,2,Distressed Equity,1,1.0,15.063191321236102,15.063191321236102
15283.0,390,3,148.32999999999998,2,3,1,Distressed Equity,1,1.0,15.055686347281267,15.055686347281267
15956.0,551,2,617.6,1,2,2,Dormant Capital,1,1.0,15.051476423716853,15.051476423716853
17499.0,290,2,1341.39,2,3,4,Distressed Equity,1,1.0,15.024526817130273,15.024526817130273
17547.0,376,2,727.85,2,3,3,Distressed Equity,1,1.0,15.001775269011961,15.001775269011961
17987.0,185,5,1003.64,3,4,3,High-Yield Volatile,1,1.0,14.944083992543868,14.944083992543868
12651.0,335,4,377.75,2,3,2,Distressed Equity,1,0.99,15.056790981430265,14.906223071615962
13108.0,373,2,1098.52,2,2,3,Dormant Capital,1,1.0,14.843428959165722,14.843428959165722
14168.0,421,2,370.45,1,2,2,Dormant Capital,1,1.0,14.830455112894132,14.830455112894132
15574.0,178,6,1518.7,3,4,4,High-Yield Volatile,1,1.0,14.819614283471504,14.819614283471504
12580.0,247,2,1052.9,2,2,3,Dormant Capital,1,1.0,14.817585149003925,14.817585149003925
15230.0,239,2,429.6,2,2,2,Dormant Capital,1,1.0,14.808044082594098,14.808044082594098
18106.0,330,6,1461.46,2,4,4,Distressed Equity,1,1.0,14.7832526382979,14.7832526382979
16702.0,415,4,1110.83,1,4,3,Distressed Equity,1,1.0,14.780432423640367,14.780432423640367
16757.0,319,2,270.48,2,2,1,Dormant Capital,1,1.0,14.767848073749658,14.767848073749658
13041.0,451,4,799.13,1,3,3,Distressed Equity,1,1.0,14.765190639563654,14.765190639563654
13221.0,240,2,847.41,2,2,3,Dormant Capital,1,1.0,14.752211542210643,14.752211542210643
15248.0,411,3,1893.93,1,3,4,Distressed Equity,1,1.0,14.710150888486014,14.710150888486014
17501.0,221,2,288.6,2,3,1,Distressed Equity,1,1.0,14.678920827410852,14.678920827410852
16658.0,368,6,814.07,2,4,3,Distressed Equity,1,1.0,14.66357901572903,14.66357901572903
16763.0,199,2,964.7,2,2,3,Dormant Capital,1,1.0,14.650677982755274,14.650677982755274
17853.0,407,3,1608.19,2,3,4,Distressed Equity,1,1.0,14.64890481539657,14.64890481539657
13855.0,501,4,1310.34,1,3,4,Distressed Equity,1,1.0,14.644411662932871,14.644411662932871
12440.0,462,2,859.2,1,2,3,Dormant Capital,1,1.0,14.59274716247967,14.59274716247967
14253.0,493,2,363.4,1,2,2,Dormant Capital,1,1.0,14.586260875001061,14.586260875001061
14104.0,155,5,771.58,3,4,3,High-Yield Volatile,1,1.0,14.561105511420497,14.561105511420497
15600.0,428,4,1199.31,1,3,3,Distressed Equity,1,1.0,14.544324498936373,14.544324498936373
13665.0,386,3,1711.66,2,3,4,Distressed Equity,1,1.0,14.541335346969493,14.541335346969493
12672.0,330,2,437.05,2,2,2,Dormant Capital,1,1.0,14.491186273889587,14.491186273889587
14615.0,394,5,951.76,2,4,3,Distressed Equity,1,1.0,14.477448418679424,14.477448418679424
16324.0,128,3,428.68,3,3,2,High-Yield Volatile,1,1.0,14.474070347935374,14.474070347935374
15817.0,421,3,2766.4,1,3,4,Distressed Equity,1,1.0,14.44977580556949,14.44977580556949
15420.0,434,6,743.0,1,4,3,Distressed Equity,1,1.0,14.414322025859825,14.414322025859825
17406.0,333,13,4905.05,2,5,5,Distressed Equity,1,1.0,14.411619806352368,14.411619806352368
15976.0,165,6,1746.64,3,4,4,High-Yield Volatile,1,1.0,14.381323951139994,14.381323951139994
14247.0,278,5,772.66,2,4,3,Distressed Equity,1,1.0,14.373642234002052,14.373642234002052
14363.0,402,2,227.47000000000003,2,2,1,Dormant Capital,1,1.0,14.36727894128844,14.36727894128844
12559.0,311,2,561.71,2,2,2,Dormant Capital,1,1.0,14.338843436228144,14.338843436228144
15842.0,393,2,548.8000000000001,2,2,2,Dormant Capital,1,1.0,14.337238860302149,14.337238860302149
17718.0,232,2,439.18,2,3,2,Distressed Equity,1,1.0,14.331343416511428,14.331343416511428
13582.0,390,2,241.68,2,2,1,Dormant Capital,1,1.0,14.311686663934928,14.311686663934928
12830.0,38,6,6814.64,4,4,5,Tier 1 Alpha Asset,0,0.01,1430.8468492263141,14.308468492263142
13935.0,597,3,6116.92,1,3,5,Distressed Equity,1,1.0,14.30202819003372,14.30202819003372
15191.0,463,3,588.05,1,3,2,Distressed Equity,1,1.0,14.229382149213983,14.229382149213983
16132.0,544,2,664.1999999999999,1,2,3,Dormant Capital,1,1.0,14.220618975256427,14.220618975256427
13955.0,154,3,545.17,3,3,2,High-Yield Volatile,1,1.0,14.11557327600284,14.11557327600284
16254.0,378,3,985.14,2,3,3,Distressed Equity,1,1.0,14.112439257302245,14.112439257302245
14826.0,582,2,385.2,1,2,2,Dormant Capital,1,1.0,14.109080853225995,14.109080853225995
14840.0,268,2,362.71,2,2,2,Dormant Capital,1,1.0,14.084471377897799,14.084471377897799
14176.0,297,5,916.01,2,4,3,Distressed Equity,1,1.0,14.07643979151958,14.07643979151958
15173.0,381,7,1494.6,2,4,4,Distressed Equity,1,1.0,14.045903507702402,14.045903507702402
12514.0,267,2,1597.76,2,2,4,Dormant Capital,1,1.0,14.042630703663063,14.042630703663063
17110.0,165,3,510.7,3,3,2,High-Yield Volatile,1,1.0,14.036852196156438,14.036852196156438
16723.0,91,4,1301.63,3,4,4,High-Yield Volatile,1,0.86,16.31084287003821,14.027324868232862
16864.0,434,2,409.25,1,3,2,Distressed Equity,1,0.99,14.168936675457749,14.02724730870317
12800.0,470,3,584.25,1,3,2,Distressed Equity,1,1.0,14.019697232530486,14.019697232530486
16155.0,382,5,796.9,2,4,3,Distressed Equity,1,1.0,14.016909146422359,14.016909146422359
14727.0,274,3,467.93,2,3,2,Distressed Equity,1,1.0,14.015024051591974,14.015024051591974
16072.0,288,4,4328.89,2,4,5,Distressed Equity,1,1.0,14.002763745467488,14.002763745467488
14115.0,502,2,622.67,1,2,3,Dormant Capital,1,1.0,13.997946490678164,13.997946490678164
14311.0,243,2,516.45,2,2,2,Dormant Capital,1,1.0,13.98608890189768,13.98608890189768
14186.0,427,5,1550.63,1,4,4,Distressed Equity,1,1.0,13.970328858098497,13.970328858098497
14600.0,306,2,865.17,2,2,3,Dormant Capital,1,1.0,13.965866282793758,13.965866282793758
16447.0,136,3,775.14,3,3,3,High-Yield Volatile,1,1.0,13.930377256098613,13.930377256098613
14454.0,376,5,977.3,2,4,3,Distressed Equity,1,1.0,13.926480584641558,13.926480584641558
15577.0,151,5,397.98,3,4,2,High-Yield Volatile,1,0.99,14.03016554626125,13.889863890798637
18056.0,288,2,554.6,2,3,2,Distressed Equity,1,1.0,13.861677489828057,13.861677489828057
13920.0,432,4,1774.68,1,3,4,Distressed Equity,1,1.0,13.861524154947126,13.861524154947126
14564.0,435,2,2605.62,1,2,4,Dormant Capital,1,1.0,13.761887777766246,13.761887777766246
15363.0,373,2,1004.11,2,2,3,Dormant Capital,1,1.0,13.731337514748889,13.731337514748889
14570.0,281,3,613.75,2,3,2,Distressed Equity,1,1.0,13.712658532711892,13.712658532711892
15798.0,493,3,1535.37,1,3,4,Distressed Equity,1,1.0,13.710311338605171,13.710311338605171
12821.0,214,2,220.8,2,2,1,Dormant Capital,1,1.0,13.69361587592043,13.69361587592043
13797.0,437,3,1179.45,1,3,3,Distressed Equity,1,1.0,13.690551528003448,13.690551528003448
15349.0,158,2,473.81,3,2,2,Dormant Capital,1,1.0,13.69001084561647,13.69001084561647
16315.0,331,2,402.71,2,2,2,Dormant Capital,1,1.0,13.687115292743705,13.687115292743705
15670.0,297,2,325.2,2,2,2,Dormant Capital,1,0.99,13.818277559662857,13.680094784066227
16351.0,333,13,3330.03,2,5,5,Distressed Equity,1,0.99,13.810306684382773,13.672203617538946
13243.0,203,5,1278.04,2,4,4,Distressed Equity,1,1.0,13.645872822131821,13.645872822131821
16834.0,228,2,898.96,2,3,3,Distressed Equity,1,1.0,13.638365127986578,13.638365127986578
14479.0,254,4,1299.11,2,3,4,Distressed Equity,1,1.0,13.633992314307346,13.633992314307346
18141.0,402,2,882.47,2,3,3,Distressed Equity,1,1.0,13.626712052668276,13.626712052668276
13252.0,394,2,399.3,2,2,2,Dormant Capital,1,1.0,13.624435257342459,13.624435257342459
16231.0,379,4,1078.22,2,4,3,Distressed Equity,1,1.0,13.616616092508671,13.616616092508671
14873.0,210,2,854.13,2,2,3,Dormant Capital,1,1.0,13.603673315929441,13.603673315929441
14101.0,74,13,9961.93,3,5,5,High-Yield Volatile,0,0.02,678.3588626354205,13.56717725270841
17278.0,241,2,271.24,2,3,1,Distressed Equity,1,1.0,13.564578529707067,13.564578529707067
16974.0,523,2,365.5,1,3,2,Distressed Equity,1,1.0,13.543100417651932,13.543100417651932
14228.0,438,3,745.5,1,3,3,Distressed Equity,1,1.0,13.536830177713052,13.536830177713052
18203.0,157,4,504.42,3,4,2,High-Yield Volatile,1,0.98,13.79889214883067,13.522914305854057
16780.0,100,3,605.55,3,3,2,High-Yield Volatile,1,1.0,13.520583132650955,13.520583132650955
13998.0,447,3,566.7,1,3,2,Distressed Equity,1,1.0,13.505721562084059,13.505721562084059
12874.0,385,2,948.42,2,2,3,Dormant Capital,1,1.0,13.498047372345326,13.498047372345326
17337.0,151,4,2027.87,3,4,4,High-Yield Volatile,1,1.0,13.481832937509418,13.481832937509418
13164.0,569,2,372.2,1,2,2,Dormant Capital,1,1.0,13.453796875757286,13.453796875757286
15483.0,161,10,862.2,3,5,3,High-Yield Volatile,1,1.0,13.439693516748333,13.439693516748333
16736.0,506,5,2956.56,1,4,4,Distressed Equity,1,0.99,13.546561308836509,13.411095695748143
13613.0,453,5,1039.85,1,4,3,Distressed Equity,1,1.0,13.405921456402147,13.405921456402147
16307.0,429,3,1194.92,1,3,3,Distressed Equity,1,1.0,13.38665930593193,13.38665930593193
14695.0,519,3,1620.07,1,3,4,Distressed Equity,1,0.99,13.516890819143025,13.381721910951596
14081.0,302,10,5370.1,2,5,5,Distressed Equity,1,1.0,13.3763436856116,13.3763436856116
15135.0,239,2,305.68,2,2,2,Dormant Capital,1,1.0,13.276559937783581,13.276559937783581
12426.0,195,2,1345.21,2,2,4,Dormant Capital,1,1.0,13.229294380688504,13.229294380688504
14872.0,484,3,816.6,1,3,3,Distressed Equity,1,1.0,13.170403350189801,13.170403350189801
12889.0,381,4,385.46,2,3,2,Distressed Equity,1,1.0,13.164584936550789,13.164584936550789
17341.0,157,5,1889.83,3,4,4,High-Yield Volatile,1,1.0,13.159912409108264,13.159912409108264
13482.0,232,2,336.09,2,2,2,Dormant Capital,1,1.0,13.139049993027966,13.139049993027966
13152.0,417,7,2146.38,1,4,4,Distressed Equity,1,1.0,13.12232806216821,13.12232806216821
14372.0,443,2,860.08,1,2,3,Dormant Capital,1,1.0,13.121060741846941,13.121060741846941
17795.0,180,2,350.39,3,3,2,High-Yield Volatile,1,1.0,13.075133219833956,13.075133219833956
17580.0,253,5,545.27,2,4,2,Distressed Equity,1,1.0,13.047297342056035,13.047297342056035
15918.0,191,3,582.88,2,3,2,Distressed Equity,1,1.0,12.949519609960783,12.949519609960783
14483.0,282,2,257.1,2,2,1,Dormant Capital,1,1.0,12.947465287303112,12.947465287303112
13745.0,162,2,777.36,3,2,3,Dormant Capital,1,0.99,13.05286390926715,12.922335270174479
15775.0,245,2,150.5,2,2,1,Dormant Capital,1,1.0,12.922088869058141,12.922088869058141
16031.0,92,2,548.94,3,2,2,Dormant Capital,1,0.99,13.03268746697503,12.90236059230528
12907.0,396,2,508.91,2,2,2,Dormant Capital,1,1.0,12.848920997193014,12.848920997193014
13377.0,397,2,1552.88,2,2,4,Dormant Capital,1,1.0,12.820518012235299,12.820518012235299
12945.0,288,2,900.11,2,2,3,Dormant Capital,1,1.0,12.786828416050874,12.786828416050874
16975.0,423,3,926.12,1,3,3,Distressed Equity,1,1.0,12.776894827005515,12.776894827005515
15700.0,172,2,696.68,3,2,3,Dormant Capital,1,1.0,12.71624511907258,12.71624511907258
13166.0,283,2,884.18,2,2,3,Dormant Capital,1,1.0,12.66770807816614,12.66770807816614
14237.0,373,2,632.14,2,2,3,Dormant Capital,1,1.0,12.620090638435547,12.620090638435547
15852.0,187,3,257.26,3,3,1,High-Yield Volatile,1,0.99,12.68082994898178,12.554021649491961
14130.0,319,4,1882.67,2,3,4,Distressed Equity,1,1.0,12.545732232109964,12.545732232109964
17105.0,159,2,665.78,3,3,3,High-Yield Volatile,1,1.0,12.520910601502239,12.520910601502239
15160.0,357,4,589.27,2,3,2,Distressed Equity,1,1.0,12.489335878284061,12.489335878284061
16390.0,537,3,467.5,1,3,2,Distressed Equity,1,1.0,12.446366313786548,12.446366313786548
13706.0,303,2,631.1700000000001,2,2,3,Dormant Capital,1,1.0,12.409780159724647,12.409780159724647
12880.0,382,2,640.13,2,2,3,Dormant Capital,1,1.0,12.336867503837537,12.336867503837537
17252.0,117,2,353.86,3,3,2,High-Yield Volatile,1,0.99,12.460610194074032,12.336004092133292
13478.0,469,5,2215.78,1,4,4,Distressed Equity,1,1.0,12.303944301635614,12.303944301635614
13898.0,326,2,686.4,2,2,3,Dormant Capital,1,1.0,12.227847939803734,12.227847939803734
15644.0,166,4,813.0,3,3,3,High-Yield Volatile,1,1.0,12.224982375266675,12.224982375266675
14497.0,309,2,697.0600000000001,2,2,3,Dormant Capital,1,1.0,12.222532700369642,12.222532700369642
16792.0,282,5,623.46,2,4,3,Distressed Equity,1,1.0,12.197287541933653,12.197287541933653
13585.0,531,3,684.54,1,3,3,Distressed Equity,1,1.0,12.195724311231997,12.195724311231997
14998.0,170,4,770.73,3,3,3,High-Yield Volatile,1,1.0,12.181486542120956,12.181486542120956
16472.0,434,2,789.6,1,2,3,Dormant Capital,1,1.0,12.18068577025957,12.18068577025957
15259.0,513,4,1182.38,1,3,3,Distressed Equity,1,1.0,12.157046233789423,12.157046233789423
14839.0,418,3,915.28,1,3,3,Distressed Equity,1,1.0,12.119662950460096,12.119662950460096
18025.0,380,6,1177.72,2,4,3,Distressed Equity,1,1.0,12.100708713112933,12.100708713112933
13161.0,313,2,478.88,2,2,2,Dormant Capital,1,1.0,12.082152557454641,12.082152557454641
16498.0,161,2,100.97,3,2,1,Dormant Capital,1,1.0,12.0450358507795,12.0450358507795
15869.0,277,3,323.66,2,3,2,Distressed Equity,1,1.0,12.021798509128605,12.021798509128605
17265.0,139,2,562.9,3,3,2,High-Yield Volatile,1,1.0,12.017779669159447,12.017779669159447
12797.0,366,2,806.11,2,2,3,Dormant Capital,1,1.0,11.935663823043894,11.935663823043894
17604.0,217,6,945.93,2,4,3,Distressed Equity,1,1.0,11.930840116036993,11.930840116036993
16421.0,376,3,526.27,2,3,2,Distressed Equity,1,1.0,11.914015486133646,11.914015486133646
16166.0,428,2,435.83,1,2,2,Dormant Capital,1,1.0,11.913831896665632,11.913831896665632
18013.0,155,2,187.29,3,3,1,High-Yield Volatile,1,1.0,11.905915666832605,11.905915666832605
16677.0,411,2,880.62,1,2,3,Dormant Capital,1,1.0,11.86152232007229,11.86152232007229
15174.0,323,2,481.46,2,2,2,Dormant Capital,1,1.0,11.830220434631359,11.830220434631359
13033.0,357,2,220.55,2,2,1,Dormant Capital,1,1.0,11.823371152176449,11.823371152176449
13226.0,273,2,312.46,2,2,2,Dormant Capital,1,1.0,11.794201434907968,11.794201434907968
13371.0,505,2,2297.66,1,2,4,Dormant Capital,1,0.99,11.904033607179553,11.784993271107757
17358.0,303,5,866.05,2,4,3,Distressed Equity,1,1.0,11.782969743370897,11.782969743370897
16787.0,398,4,1035.43,2,4,3,Distressed Equity,1,1.0,11.778872178939903,11.778872178939903
13859.0,326,2,515.86,2,2,2,Dormant Capital,1,1.0,11.74975792999716,11.74975792999716
16854.0,417,2,1408.96,1,3,4,Distressed Equity,1,0.99,11.851013779402795,11.732503641608767
15566.0,393,2,227.87,2,2,1,Dormant Capital,1,1.0,11.707557891461683,11.707557891461683
16641.0,106,2,554.5,3,2,2,Dormant Capital,1,1.0,11.674381755563514,11.674381755563514
15897.0,194,2,222.05,2,2,1,Dormant Capital,1,1.0,11.644008180225182,11.644008180225182
14605.0,374,4,937.16,2,3,3,Distressed Equity,1,1.0,11.636770597669464,11.636770597669464
12974.0,198,2,408.95,2,2,2,Dormant Capital,1,1.0,11.63240964013325,11.63240964013325
13583.0,156,2,1445.031,3,2,4,Dormant Capital,1,1.0,11.620617573962939,11.620617573962939
15137.0,521,2,823.4,1,2,3,Dormant Capital,1,1.0,11.614226819148382,11.614226819148382
17309.0,95,3,330.59,3,3,2,High-Yield Volatile,1,0.97,11.927174875026136,11.569359628775352
12735.0,315,2,779.5699999999999,2,2,3,Dormant Capital,1,1.0,11.559440118929649,11.559440118929649
17991.0,225,3,320.55,2,3,2,Distressed Equity,1,1.0,11.546494549542807,11.546494549542807
17392.0,307,3,626.56,2,3,3,Distressed Equity,1,1.0,11.543241466400394,11.543241466400394
18048.0,203,3,401.73,2,3,2,Distressed Equity,1,1.0,11.488263856925098,11.488263856925098
18271.0,610,2,680.85,1,3,3,Distressed Equity,1,1.0,11.486638128914018,11.486638128914018
13642.0,216,4,514.72,2,3,2,Distressed Equity,1,1.0,11.434343221702644,11.434343221702644
15448.0,313,2,788.8100000000001,2,2,3,Dormant Capital,1,1.0,11.412286046784454,11.412286046784454
17998.0,380,3,639.24,2,3,3,Distressed Equity,1,1.0,11.400996765913547,11.400996765913547
15430.0,468,2,954.75,1,2,3,Dormant Capital,1,1.0,11.350035557664036,11.350035557664036
12743.0,134,2,546.43,3,2,2,Dormant Capital,1,1.0,11.333360812000452,11.333360812000452
17456.0,365,2,1225.42,2,3,3,Distressed Equity,1,1.0,11.32889843255505,11.32889843255505
17171.0,289,2,384.59,2,3,2,Distressed Equity,1,1.0,11.317615327326948,11.317615327326948
15403.0,492,2,170.88,1,2,1,Dormant Capital,1,1.0,11.312995191433329,11.312995191433329
16926.0,371,5,1421.35,2,4,4,Distressed Equity,1,1.0,11.275773311894227,11.275773311894227
14922.0,394,2,843.74,2,2,3,Dormant Capital,1,1.0,11.266454516731928,11.266454516731928
16129.0,407,3,1396.05,2,3,4,Distressed Equity,1,1.0,11.253396083615316,11.253396083615316
14413.0,362,4,770.37,2,3,3,Distressed Equity,1,1.0,11.229210368381533,11.229210368381533
13872.0,527,3,919.57,1,3,3,Distressed Equity,1,1.0,11.206860380956089,11.206860380956089
16781.0,372,2,934.25,2,2,3,Dormant Capital,1,1.0,11.202370378576637,11.202370378576637
14734.0,426,4,1056.42,1,3,3,Distressed Equity,1,0.99,11.309783585424544,11.196685749570298
12998.0,493,3,920.08,1,3,3,Distressed Equity,1,1.0,11.178762531416043,11.178762531416043
17245.0,205,2,371.63,2,3,2,Distressed Equity,1,1.0,11.151665464564337,11.151665464564337
15784.0,468,2,848.33,1,2,3,Dormant Capital,1,1.0,11.130921038517616,11.130921038517616
15476.0,380,4,2209.98,2,3,4,Distressed Equity,1,1.0,11.113899513842224,11.113899513842224
17741.0,407,2,101.1,2,3,1,Distressed Equity,1,1.0,11.10838087176174,11.10838087176174
16583.0,374,2,531.4,2,2,2,Dormant Capital,1,1.0,11.078339426967101,11.078339426967101
14762.0,264,2,417.57,2,2,2,Dormant Capital,1,1.0,11.062843603453285,11.062843603453285
16234.0,476,3,333.18,1,3,2,Distressed Equity,1,1.0,11.018639537306676,11.018639537306676
15586.0,593,3,1139.1,1,3,3,Distressed Equity,1,1.0,11.00849696846167,11.00849696846167
16117.0,190,3,654.4,2,3,3,Distressed Equity,1,1.0,10.978299871126913,10.978299871126913
15792.0,400,2,933.84,2,2,3,Dormant Capital,1,1.0,10.949364298205253,10.949364298205253
17251.0,363,3,812.4300000000001,2,3,3,Distressed Equity,1,1.0,10.925388714641178,10.925388714641178
14972.0,128,2,145.07,3,2,1,Dormant Capital,1,1.0,10.921403837838373,10.921403837838373
12525.0,498,3,973.73,1,3,3,Distressed Equity,1,1.0,10.887313860860676,10.887313860860676
13374.0,415,2,422.8,1,2,2,Dormant Capital,1,1.0,10.883411481129135,10.883411481129135
18281.0,181,2,201.14,3,3,1,High-Yield Volatile,1,1.0,10.865052009139701,10.865052009139701
15627.0,457,2,566.9,1,2,2,Dormant Capital,1,1.0,10.857250707367843,10.857250707367843
17699.0,477,2,442.0,1,3,2,Distressed Equity,1,1.0,10.855354513338764,10.855354513338764
14324.0,410,2,701.61,2,2,3,Dormant Capital,1,1.0,10.76104769534435,10.76104769534435
14296.0,421,2,456.4,1,2,2,Dormant Capital,1,1.0,10.744900695437037,10.744900695437037
14119.0,376,2,183.37,2,2,1,Dormant Capital,1,1.0,10.705954275949153,10.705954275949153
18286.0,477,2,1296.43,1,3,4,Distressed Equity,1,1.0,10.694216812789437,10.694216812789437
13996.0,386,2,895.76,2,2,3,Dormant Capital,1,1.0,10.675754156507889,10.675754156507889
13945.0,395,2,854.1500000000001,2,2,3,Dormant Capital,1,1.0,10.639219791859604,10.639219791859604
16310.0,414,2,460.08,1,2,2,Dormant Capital,1,1.0,10.613401595931716,10.613401595931716
13472.0,464,2,592.24,1,2,2,Dormant Capital,1,1.0,10.61199417242752,10.61199417242752
18196.0,95,4,1464.31,3,4,4,High-Yield Volatile,1,1.0,10.598746491296625,10.598746491296625
16675.0,442,2,608.86,1,2,2,Dormant Capital,1,1.0,10.568760224992994,10.568760224992994
17524.0,361,3,539.14,2,3,2,Distressed Equity,1,1.0,10.566199201445109,10.566199201445109
16671.0,28,3,1692.27,4,3,4,High-Yield Volatile,0,0.01,1056.5569827731867,10.565569827731867
13129.0,452,2,233.25,1,2,1,Dormant Capital,1,1.0,10.549681921173864,10.549681921173864
15280.0,172,3,406.22,3,3,2,High-Yield Volatile,1,1.0,10.536258875219733,10.536258875219733
18060.0,408,2,1185.46,2,3,3,Distressed Equity,1,1.0,10.5138464873833,10.5138464873833
15771.0,604,3,1006.54,1,3,3,Distressed Equity,1,1.0,10.501854726572613,10.501854726572613
13773.0,397,2,301.54,2,2,2,Dormant Capital,1,1.0,10.495172000748166,10.495172000748166
12557.0,16,8,18716.14,5,4,5,Tier 1 Alpha Asset,0,0.01,1047.8519843290405,10.478519843290405
16691.0,418,2,178.83,1,2,1,Dormant Capital,1,1.0,10.461137320842802,10.461137320842802
16286.0,477,2,328.95,1,2,2,Dormant Capital,1,1.0,10.44265565615507,10.44265565615507
13386.0,414,2,835.46,1,2,3,Dormant Capital,1,1.0,10.431712306093456,10.431712306093456
14722.0,147,3,513.37,3,3,2,High-Yield Volatile,1,1.0,10.430512449216954,10.430512449216954
14142.0,373,2,983.15,2,2,3,Dormant Capital,1,1.0,10.372714236302132,10.372714236302132
14647.0,201,2,519.97,2,2,2,Dormant Capital,1,1.0,10.370252879700242,10.370252879700242
17789.0,281,2,397.15,2,3,2,Distressed Equity,1,1.0,10.359124904945082,10.359124904945082
16707.0,400,4,551.11,2,4,2,Distressed Equity,1,0.99,10.445885222452981,10.34142637022845
17984.0,145,5,1191.27,3,4,3,High-Yield Volatile,1,1.0,10.32929177501116,10.32929177501116
17643.0,373,2,541.25,2,3,2,Distressed Equity,1,1.0,10.32231810330604,10.32231810330604
13703.0,318,2,425.56,2,2,2,Dormant Capital,1,1.0,10.294879827486271,10.294879827486271
13733.0,411,2,487.03,1,2,2,Dormant Capital,1,1.0,10.280110255722306,10.280110255722306
17763.0,263,4,86.15,2,4,1,Distressed Equity,1,0.95,10.805696807438508,10.265411967066582
14182.0,444,4,678.77,1,3,3,Distressed Equity,1,1.0,10.263974761727733,10.263974761727733
15167.0,321,5,1659.67,2,4,4,Distressed Equity,1,1.0,10.231931766728314,10.231931766728314
15564.0,463,2,70.74000000000001,1,2,1,Dormant Capital,1,1.0,10.225189259740663,10.225189259740663
15684.0,547,3,173.95,1,3,1,Distressed Equity,1,1.0,10.224583006270656,10.224583006270656
15546.0,607,2,1079.1,1,2,3,Dormant Capital,1,1.0,10.210624979436567,10.210624979436567
15591.0,583,3,217.9,1,3,1,Distressed Equity,1,1.0,10.205056783016348,10.205056783016348
15709.0,284,2,327.85,2,2,2,Dormant Capital,1,1.0,10.200728798550065,10.200728798550065
15936.0,379,2,282.79,2,2,1,Dormant Capital,1,1.0,10.198706558818804,10.198706558818804
14932.0,366,2,1029.66,2,2,3,Dormant Capital,1,1.0,10.196912409870063,10.196912409870063
15723.0,365,4,947.65,2,3,3,Distressed Equity,1,1.0,10.17908963258869,10.17908963258869
18050.0,359,2,412.06,2,3,2,Distressed Equity,1,0.99,10.268849703962871,10.166161206923242
12872.0,327,12,3685.49,2,5,5,Distressed Equity,1,0.99,10.250852911499027,10.148344382384037
14940.0,418,2,531.49,1,2,2,Dormant Capital,1,1.0,10.125080830558826,10.125080830558826
13533.0,183,3,270.79,3,3,1,High-Yield Volatile,1,1.0,10.113355304356185,10.113355304356185
15741.0,458,2,208.62,1,2,1,Dormant Capital,1,1.0,10.08534847429587,10.08534847429587
15377.0,383,4,1211.75,2,3,3,Distressed Equity,1,1.0,10.080420834070278,10.080420834070278
14656.0,169,5,814.65,3,4,3,High-Yield Volatile,1,1.0,10.05181950333777,10.05181950333777
13548.0,96,3,908.99,3,3,3,High-Yield Volatile,1,1.0,10.034005811275662,10.034005811275662
14779.0,281,3,386.15,2,3,2,Distressed Equity,1,1.0,10.01577671347224,10.01577671347224
16576.0,420,2,540.87,1,2,2,Dormant Capital,1,1.0,9.961249456407417,9.961249456407417
15884.0,432,2,249.7,1,2,1,Dormant Capital,1,1.0,9.95613461221665,9.95613461221665
13964.0,387,2,438.9,2,2,2,Dormant Capital,1,1.0,9.952080375418351,9.952080375418351
12825.0,521,2,518.63,1,2,2,Dormant Capital,1,1.0,9.916667313849983,9.916667313849983
15334.0,157,3,351.67,3,3,2,High-Yield Volatile,1,1.0,9.913330490548656,9.913330490548656
13684.0,286,4,596.98,2,3,2,Distressed Equity,1,1.0,9.904508760508314,9.904508760508314
17745.0,478,2,600.34,1,3,2,Distressed Equity,1,1.0,9.893137681893743,9.893137681893743
17476.0,396,2,489.86,2,3,2,Distressed Equity,1,1.0,9.883065616675758,9.883065616675758
16727.0,364,4,1437.42,2,4,4,Distressed Equity,1,1.0,9.87885661058289,9.87885661058289
14549.0,311,4,916.55,2,3,3,Distressed Equity,1,1.0,9.857811666502183,9.857811666502183
13891.0,378,3,863.56,2,3,3,Distressed Equity,1,1.0,9.8224413233342,9.8224413233342
14634.0,438,4,2124.46,1,3,4,Distressed Equity,1,1.0,9.809314272019588,9.809314272019588
13480.0,417,2,627.82,1,2,3,Dormant Capital,1,1.0,9.783448299911807,9.783448299911807
13600.0,312,2,518.42,2,2,2,Dormant Capital,1,1.0,9.774895138430148,9.774895138430148
15629.0,450,4,2240.9,1,3,4,Distressed Equity,1,1.0,9.686835646192227,9.686835646192227
16788.0,123,5,1950.3,3,4,4,High-Yield Volatile,1,1.0,9.68579990482267,9.68579990482267
15080.0,428,2,546.25,1,2,2,Dormant Capital,1,1.0,9.654629551227863,9.654629551227863
14611.0,444,2,604.33,1,2,2,Dormant Capital,1,1.0,9.652432744854547,9.652432744854547
13051.0,579,2,155.8,1,2,1,Dormant Capital,1,1.0,9.632848728361196,9.632848728361196
16805.0,174,5,1097.24,3,4,3,High-Yield Volatile,1,1.0,9.62884189205866,9.62884189205866
14933.0,444,4,1770.0,1,3,4,Distressed Equity,1,1.0,9.622099526819918,9.622099526819918
12419.0,386,2,503.01,2,2,2,Dormant Capital,1,1.0,9.590034985049208,9.590034985049208
17689.0,388,2,317.08,2,3,2,Distressed Equity,1,1.0,9.583612506034886,9.583612506034886
15331.0,500,3,767.91,1,3,3,Distressed Equity,1,1.0,9.56882121245852,9.56882121245852
13439.0,255,3,986.61,2,3,3,Distressed Equity,1,1.0,9.538037991805394,9.538037991805394
15508.0,189,6,1000.27,3,4,3,High-Yield Volatile,1,1.0,9.532234355841315,9.532234355841315
15094.0,463,2,83.0,1,2,1,Dormant Capital,1,0.98,9.69134808377279,9.497521122097334
13024.0,471,2,555.87,1,2,2,Dormant Capital,1,1.0,9.492098279792092,9.492098279792092
17292.0,472,2,271.75,1,3,1,Distressed Equity,1,1.0,9.472037222011142,9.472037222011142
17946.0,233,2,149.57999999999998,2,3,1,Distressed Equity,1,1.0,9.362017543850975,9.362017543850975
14957.0,253,2,333.29,2,2,2,Dormant Capital,1,1.0,9.345336589520807,9.345336589520807
14486.0,512,2,175.5,1,2,1,Dormant Capital,1,1.0,9.33688291368955,9.33688291368955
12696.0,435,2,851.91,1,2,3,Dormant Capital,1,1.0,9.3300076004034,9.3300076004034
16039.0,424,2,456.4,1,2,2,Dormant Capital,1,1.0,9.328459999620993,9.328459999620993
13187.0,337,4,367.01,2,3,2,Distressed Equity,1,1.0,9.325070333477296,9.325070333477296
12605.0,376,4,1232.95,2,3,3,Distressed Equity,1,1.0,9.309400310435993,9.309400310435993
18057.0,393,3,1203.56,2,3,3,Distressed Equity,1,1.0,9.297759106367181,9.297759106367181
17223.0,310,3,873.53,2,3,3,Distressed Equity,1,1.0,9.269723909108768,9.269723909108768
17473.0,409,2,607.0,2,3,2,Distressed Equity,1,1.0,9.211867051497048,9.211867051497048
14697.0,218,2,188.61,2,2,1,Dormant Capital,1,1.0,9.199435067924213,9.199435067924213
14398.0,401,2,707.79,2,2,3,Dormant Capital,1,1.0,9.189863707765717,9.189863707765717
17051.0,194,4,714.39,2,4,3,Distressed Equity,1,1.0,9.181914203544292,9.181914203544292
13713.0,408,3,743.26,2,3,3,Distressed Equity,1,1.0,9.172016053801665,9.172016053801665
14058.0,463,2,469.19,1,2,2,Dormant Capital,1,1.0,9.117869724484674,9.117869724484674
15362.0,449,2,613.08,1,2,2,Dormant Capital,1,1.0,9.101471834787011,9.101471834787011
17952.0,378,4,819.61,2,4,3,Distressed Equity,1,1.0,9.099910238259252,9.099910238259252
16765.0,294,2,454.75,2,2,2,Dormant Capital,1,1.0,9.091216413585446,9.091216413585446
14823.0,180,3,321.43,3,3,2,High-Yield Volatile,1,1.0,9.085037134065804,9.085037134065804
14375.0,185,3,1132.99,3,3,3,High-Yield Volatile,1,1.0,9.063769276735691,9.063769276735691
13474.0,236,3,663.79,2,3,3,Distressed Equity,1,1.0,9.061166499723203,9.061166499723203
14807.0,391,2,519.29,2,2,2,Dormant Capital,1,1.0,9.040691022970746,9.040691022970746
14558.0,654,3,655.5,1,3,3,Distressed Equity,1,1.0,9.002911811406804,9.002911811406804
16890.0,477,3,285.41,1,3,1,Distressed Equity,1,1.0,8.92763816807289,8.92763816807289
17335.0,384,2,508.0,2,3,2,Distressed Equity,1,1.0,8.905885347848686,8.905885347848686
14813.0,370,4,1090.87,2,3,3,Distressed Equity,1,1.0,8.903480637575061,8.903480637575061
15401.0,452,2,216.95,1,2,1,Dormant Capital,1,1.0,8.903326056592773,8.903326056592773
17801.0,451,3,798.33,1,3,3,Distressed Equity,1,1.0,8.836045397580376,8.836045397580376
15011.0,396,2,416.6,2,2,2,Dormant Capital,1,1.0,8.790583225826529,8.790583225826529
16919.0,156,24,5125.91,3,5,5,High-Yield Volatile,1,0.99,8.866763175381415,8.7780955436276
14510.0,376,3,1007.28,2,3,3,Distressed Equity,1,1.0,8.769998862527611,8.769998862527611
12469.0,523,2,3070.54,1,2,5,Dormant Capital,1,1.0,8.729380837093554,8.729380837093554
14065.0,389,3,891.02,2,3,3,Distressed Equity,1,1.0,8.728274998806045,8.728274998806045
16461.0,178,3,1615.22,3,3,4,High-Yield Volatile,1,1.0,8.722555580210193,8.722555580210193
16888.0,401,3,437.15,2,3,2,Distressed Equity,1,1.0,8.701525143205641,8.701525143205641
16661.0,540,4,986.63,1,4,3,Distressed Equity,1,1.0,8.644938421832716,8.644938421832716
17322.0,376,5,922.59,2,4,3,Distressed Equity,1,1.0,8.633907235826712,8.633907235826712
16448.0,198,2,367.87,2,2,2,Dormant Capital,1,1.0,8.632527368403515,8.632527368403515
13508.0,244,2,287.05,2,2,1,Dormant Capital,1,1.0,8.63000180010739,8.63000180010739
17145.0,513,4,3120.91,1,4,5,Distressed Equity,1,1.0,8.598225686137452,8.598225686137452
14464.0,568,2,111.0,1,2,1,Dormant Capital,1,1.0,8.574342664788857,8.574342664788857
15126.0,537,2,449.49,1,2,2,Dormant Capital,1,1.0,8.571155579792174,8.571155579792174
16437.0,381,2,301.25,2,2,2,Dormant Capital,1,1.0,8.570550390671833,8.570550390671833
16862.0,547,4,662.33,1,4,3,Distressed Equity,1,1.0,8.547169274631058,8.547169274631058
14358.0,389,2,400.06,2,2,2,Dormant Capital,1,1.0,8.53625808572486,8.53625808572486
14365.0,395,2,634.68,2,2,3,Dormant Capital,1,1.0,8.509918986317896,8.509918986317896
17908.0,374,5,1411.54,2,4,4,Distressed Equity,1,1.0,8.49927510874471,8.49927510874471
13581.0,309,2,280.53000000000003,2,2,1,Dormant Capital,1,1.0,8.498363533382589,8.498363533382589
15879.0,404,4,1157.3,2,3,3,Distressed Equity,1,1.0,8.471830073200834,8.471830073200834
13444.0,374,2,631.68,2,2,3,Dormant Capital,1,1.0,8.47099655884037,8.47099655884037
17472.0,191,4,935.1,2,4,3,Distressed Equity,1,1.0,8.411202122166625,8.411202122166625
17851.0,422,6,1563.34,1,4,4,Distressed Equity,1,1.0,8.304359291864781,8.304359291864781
14026.0,471,2,713.11,1,2,3,Dormant Capital,1,1.0,8.285755666686274,8.285755666686274
17507.0,262,2,605.58,2,3,2,Distressed Equity,1,1.0,8.219832017095063,8.219832017095063
17028.0,581,3,1593.83,1,3,4,Distressed Equity,1,1.0,8.200777202980579,8.200777202980579
17996.0,380,3,482.33,2,3,2,Distressed Equity,1,1.0,8.190914970646661,8.190914970646661
13407.0,579,3,2244.7,1,3,4,Distressed Equity,1,1.0,8.169756691821231,8.169756691821231
16868.0,394,3,393.39,2,3,2,Distressed Equity,1,1.0,8.142247874838395,8.142247874838395
12744.0,52,11,25317.06,4,5,5,Tier 1 Alpha Asset,0,0.02,406.65275170756826,8.133055034151365
17003.0,402,4,830.16,2,4,3,Distressed Equity,1,1.0,8.109173004358395,8.109173004358395
15213.0,319,2,328.35,2,2,2,Dormant Capital,1,1.0,8.10274573828754,8.10274573828754
14399.0,394,8,2113.16,2,4,4,Distressed Equity,1,1.0,8.085735577559284,8.085735577559284
12575.0,457,2,622.82,1,2,3,Dormant Capital,1,1.0,8.08018044213482,8.08018044213482
16392.0,270,3,763.05,2,3,3,Distressed Equity,1,1.0,8.065408689907578,8.065408689907578
13057.0,530,3,722.09,1,3,3,Distressed Equity,1,1.0,8.065294914598972,8.065294914598972
13861.0,429,2,273.26,1,2,1,Dormant Capital,1,1.0,8.031321802201951,8.031321802201951
15378.0,463,2,246.5,1,2,1,Dormant Capital,1,1.0,8.02060190492724,8.02060190492724
12810.0,535,2,534.99,1,2,2,Dormant Capital,1,1.0,8.013471249150736,8.013471249150736
15980.0,89,7,6593.68,3,4,5,High-Yield Volatile,0,0.04,199.61046745974636,7.984418698389854
17601.0,239,2,421.48,2,3,2,Distressed Equity,1,1.0,7.929356331084822,7.929356331084822
17170.0,374,2,178.68,2,3,1,Distressed Equity,1,1.0,7.920110326415242,7.920110326415242
13836.0,399,2,620.37,2,2,3,Dormant Capital,1,1.0,7.907180319539374,7.907180319539374
14271.0,226,2,219.13,2,2,1,Dormant Capital,1,1.0,7.8972078944428645,7.8972078944428645
14011.0,480,2,457.82,1,2,2,Dormant Capital,1,1.0,7.892411818894687,7.892411818894687
16590.0,401,2,605.9,2,2,2,Dormant Capital,1,1.0,7.874237518018919,7.874237518018919
13415.0,473,4,800.67,1,3,3,Distressed Equity,1,1.0,7.8711604636345065,7.8711604636345065
12837.0,173,2,688.41,3,2,3,Dormant Capital,1,1.0,7.865407460476788,7.865407460476788
13346.0,463,6,299.4,1,4,2,Distressed Equity,1,0.99,7.935462817502982,7.856108189327952
12677.0,555,2,395.1,1,2,2,Dormant Capital,1,0.99,7.929096525487004,7.8498055602321335
14617.0,403,2,190.47,2,2,1,Dormant Capital,1,0.99,7.926025463532201,7.846765208896879
15917.0,248,5,560.63,2,4,2,Distressed Equity,1,1.0,7.833583358047724,7.833583358047724
17167.0,380,3,867.11,2,3,3,Distressed Equity,1,1.0,7.814916182285445,7.814916182285445
14260.0,471,3,824.28,1,3,3,Distressed Equity,1,1.0,7.811858219512036,7.811858219512036
13175.0,582,2,831.45,1,2,3,Dormant Capital,1,1.0,7.799141743440588,7.799141743440588
13820.0,418,3,660.65,1,3,3,Distressed Equity,1,1.0,7.796382534824192,7.796382534824192
15350.0,373,2,663.25,2,2,3,Dormant Capital,1,1.0,7.794499830328318,7.794499830328318
16522.0,436,2,433.36,1,2,2,Dormant Capital,1,1.0,7.774282597531895,7.774282597531895
15552.0,217,2,252.52,2,2,1,Dormant Capital,1,1.0,7.758209662314022,7.758209662314022
13214.0,418,7,3264.23,1,4,5,Distressed Equity,1,1.0,7.698271710396039,7.698271710396039
16939.0,489,3,449.0,1,3,2,Distressed Equity,1,1.0,7.683367546835713,7.683367546835713
18212.0,326,2,546.72,2,3,2,Distressed Equity,1,1.0,7.680586291953947,7.680586291953947
16606.0,404,2,357.66,2,2,2,Dormant Capital,1,1.0,7.657112867534414,7.657112867534414
13605.0,387,2,522.67,2,2,2,Dormant Capital,1,1.0,7.6371246393216525,7.6371246393216525
16340.0,107,3,1526.06,3,3,4,High-Yield Volatile,1,1.0,7.632282681249444,7.632282681249444
17782.0,383,2,679.02,2,3,3,Distressed Equity,1,1.0,7.623909604727996,7.623909604727996
16078.0,284,2,362.99,2,2,2,Dormant Capital,1,1.0,7.599397041900753,7.599397041900753
15779.0,463,2,124.08,1,2,1,Dormant Capital,1,1.0,7.594712311630033,7.594712311630033
12926.0,411,4,1548.46,1,3,4,Distressed Equity,1,1.0,7.583914203840523,7.583914203840523
16632.0,486,2,406.4,1,2,2,Dormant Capital,1,1.0,7.5750892542641,7.5750892542641
12632.0,521,2,804.88,1,2,3,Dormant Capital,1,1.0,7.529510069154322,7.529510069154322
17542.0,270,3,341.7,2,3,2,Distressed Equity,1,1.0,7.5126744846721305,7.5126744846721305
15894.0,253,2,420.29,2,2,2,Dormant Capital,1,1.0,7.50452883978215,7.50452883978215
15711.0,557,2,420.25,1,2,2,Dormant Capital,1,1.0,7.460848775852965,7.460848775852965
17270.0,469,2,604.4,1,3,2,Distressed Equity,1,1.0,7.4400061737613825,7.4400061737613825
13834.0,577,2,324.19,1,2,2,Dormant Capital,1,0.99,7.509636042175587,7.434539681753831
12761.0,458,2,782.95,1,2,3,Dormant Capital,1,1.0,7.431578451727813,7.431578451727813
13676.0,539,2,243.9,1,2,1,Dormant Capital,1,1.0,7.428389149218202,7.428389149218202
17070.0,114,2,445.32,3,3,2,High-Yield Volatile,1,1.0,7.422913737163644,7.422913737163644
12905.0,577,2,1018.42,1,2,3,Dormant Capital,1,1.0,7.387267970351006,7.387267970351006
15473.0,14,8,2046.0,5,4,4,Tier 1 Alpha Asset,0,0.01,738.3583967425177,7.383583967425177
16795.0,365,3,2492.39,2,3,4,Distressed Equity,1,1.0,7.37996517978209,7.37996517978209
13543.0,634,2,1439.61,1,2,4,Dormant Capital,1,1.0,7.306797652780687,7.306797652780687
17847.0,516,2,129.69,1,3,1,Distressed Equity,1,1.0,7.271639327524917,7.271639327524917
16075.0,503,2,736.9300000000001,1,2,3,Dormant Capital,1,1.0,7.262468479266498,7.262468479266498
13597.0,400,2,396.71,2,2,2,Dormant Capital,1,1.0,7.235217671685355,7.235217671685355
16797.0,393,5,1827.77,2,4,4,Distressed Equity,1,1.0,7.2143925754780724,7.2143925754780724
13987.0,380,2,682.54,2,2,3,Dormant Capital,1,1.0,7.206610322232819,7.206610322232819
17482.0,487,2,778.19,1,3,3,Distressed Equity,1,1.0,7.203909225047073,7.203909225047073
13201.0,502,4,1240.61,1,3,3,Distressed Equity,1,1.0,7.183244169646293,7.183244169646293
15650.0,522,2,553.88,1,2,2,Dormant Capital,1,1.0,7.179820135487274,7.179820135487274
12542.0,484,2,481.88,1,2,2,Dormant Capital,1,1.0,7.170150582186183,7.170150582186183
12958.0,400,2,539.49,2,2,2,Dormant Capital,1,1.0,7.165335930407496,7.165335930407496
14838.0,423,2,773.6700000000001,1,2,3,Dormant Capital,1,1.0,7.147486375621579,7.147486375621579
17217.0,234,2,218.0,2,3,1,Distressed Equity,1,1.0,7.132858535670285,7.132858535670285
17814.0,375,2,1617.32,2,3,4,Distressed Equity,1,0.99,7.135816738823105,7.064458571434874
16585.0,594,2,341.59000000000003,1,2,2,Dormant Capital,1,1.0,7.022019518771905,7.022019518771905
16006.0,211,2,347.17,2,2,2,Dormant Capital,1,1.0,7.018409208161597,7.018409208161597
13537.0,426,2,717.85,1,2,3,Dormant Capital,1,1.0,7.011374966987197,7.011374966987197
14048.0,305,3,748.69,2,3,3,Distressed Equity,1,1.0,6.995884608561195,6.995884608561195
17962.0,142,4,687.42,3,4,3,High-Yield Volatile,1,1.0,6.904891377516088,6.904891377516088
13399.0,464,3,275.4,1,3,1,Distressed Equity,1,1.0,6.895299717905979,6.895299717905979
16608.0,454,2,1288.72,1,2,4,Dormant Capital,1,1.0,6.8779862432402314,6.8779862432402314
18002.0,376,4,249.92,2,4,1,Distressed Equity,1,0.99,6.9369566028632725,6.86758703683464
14490.0,406,2,1273.47,2,2,4,Dormant Capital,1,1.0,6.85314483280759,6.85314483280759
13073.0,411,2,418.08,1,2,2,Dormant Capital,1,1.0,6.8439926875769785,6.8439926875769785
15169.0,382,2,569.22,2,2,2,Dormant Capital,1,1.0,6.838035489626405,6.838035489626405
17248.0,120,2,546.16,3,3,2,High-Yield Volatile,1,1.0,6.8373423948312695,6.8373423948312695
14283.0,463,4,628.44,1,3,3,Distressed Equity,1,1.0,6.812726067041875,6.812726067041875
17137.0,416,6,1133.63,1,4,3,Distressed Equity,1,1.0,6.808673752883027,6.808673752883027
17860.0,369,4,1015.54,2,4,3,Distressed Equity,1,1.0,6.739771531773314,6.739771531773314
17132.0,452,2,1272.8,1,3,4,Distressed Equity,1,1.0,6.699525037974569,6.699525037974569
17825.0,599,4,731.96,1,4,3,Distressed Equity,1,1.0,6.698155742531502,6.698155742531502
14171.0,98,2,498.79,3,2,2,Dormant Capital,1,1.0,6.688478250609073,6.688478250609073
14985.0,198,2,296.75,2,2,2,Dormant Capital,1,1.0,6.6805044489119565,6.6805044489119565
17822.0,420,5,2188.5,1,4,4,Distressed Equity,1,1.0,6.66094880233469,6.66094880233469
15960.0,374,4,410.95,2,4,2,Distressed Equity,1,1.0,6.6564629336451375,6.6564629336451375
17184.0,569,2,198.41000000000005,1,3,1,Distressed Equity,1,1.0,6.63894307914839,6.63894307914839
17300.0,391,2,393.64,2,3,2,Distressed Equity,1,1.0,6.6250091356559455,6.6250091356559455
12533.0,628,2,1367.89,1,2,4,Dormant Capital,1,0.99,6.649215034867119,6.582722884518447
13556.0,429,2,200.82,1,2,1,Dormant Capital,1,1.0,6.5494134168150016,6.5494134168150016
16290.0,465,4,2069.3,1,4,4,Distressed Equity,1,1.0,6.535614977896744,6.535614977896744
16222.0,318,2,1345.22,2,2,4,Dormant Capital,1,1.0,6.526275762733885,6.526275762733885
16972.0,383,2,786.25,2,3,3,Distressed Equity,1,1.0,6.519363474380981,6.519363474380981
13584.0,307,3,392.45,2,3,2,Distressed Equity,1,1.0,6.496241444124571,6.496241444124571
15086.0,565,2,218.53,1,2,1,Dormant Capital,1,1.0,6.494747925446283,6.494747925446283
12711.0,612,2,1339.05,1,2,4,Dormant Capital,1,1.0,6.478980769513417,6.478980769513417
17662.0,662,2,412.92,1,3,2,Distressed Equity,1,0.99,6.544039441968796,6.478599047549109
15519.0,383,2,344.61,2,2,2,Dormant Capital,1,0.99,6.524977785928254,6.459728008068971
13020.0,563,2,618.96,1,2,3,Dormant Capital,1,1.0,6.452731555360415,6.452731555360415
16402.0,265,2,511.4,2,2,2,Dormant Capital,1,1.0,6.445440160013028,6.445440160013028
15437.0,262,2,393.45,2,2,2,Dormant Capital,1,1.0,6.431921470081422,6.431921470081422
15662.0,661,2,283.73,1,2,1,Dormant Capital,1,1.0,6.429689373518697,6.429689373518697
14097.0,481,2,422.86,1,2,2,Dormant Capital,1,1.0,6.416004070316989,6.416004070316989
16465.0,421,2,746.24,1,2,3,Dormant Capital,1,1.0,6.3758484278682594,6.3758484278682594
14876.0,521,2,256.7,1,2,1,Dormant Capital,1,1.0,6.372542819331929,6.372542819331929
15454.0,362,2,307.69,2,2,2,Dormant Capital,1,1.0,6.369649736434436,6.369649736434436
12898.0,464,2,310.96,1,2,2,Dormant Capital,1,1.0,6.31970151471336,6.31970151471336
15390.0,396,2,1216.66,2,2,3,Dormant Capital,1,1.0,6.267637173011696,6.267637173011696
15055.0,475,3,560.07,1,3,2,Distressed Equity,1,1.0,6.257216260283764,6.257216260283764
16382.0,408,2,353.1,2,2,2,Dormant Capital,1,1.0,6.188838531826363,6.188838531826363
17843.0,303,2,326.23,2,3,2,Distressed Equity,1,1.0,6.1692424025670425,6.1692424025670425
16246.0,460,2,827.25,1,2,3,Dormant Capital,1,1.0,6.168176549532915,6.168176549532915
17021.0,442,6,1182.22,1,4,3,Distressed Equity,1,1.0,6.167216102146563,6.167216102146563
17514.0,128,2,542.83,3,3,2,High-Yield Volatile,1,1.0,6.161678858487289,6.161678858487289
17020.0,542,2,935.62,1,3,3,Distressed Equity,1,1.0,6.111259748027184,6.111259748027184
16300.0,430,3,1392.43,1,3,4,Distressed Equity,1,1.0,6.098263130406995,6.098263130406995
16897.0,299,2,289.78,2,3,1,Distressed Equity,1,1.0,6.084292468736412,6.084292468736412
14552.0,152,3,511.28,3,3,2,High-Yield Volatile,1,1.0,6.075511180298332,6.075511180298332
16499.0,360,8,2578.34,2,5,4,Distressed Equity,1,1.0,6.056770765064002,6.056770765064002
14343.0,421,4,1088.91,1,3,3,Distressed Equity,1,1.0,6.044624993080102,6.044624993080102
12845.0,267,4,354.09000000000003,2,3,2,Distressed Equity,1,1.0,6.037603672402812,6.037603672402812
15323.0,563,3,434.6,1,3,2,Distressed Equity,1,1.0,6.0326786244516875,6.0326786244516875
12943.0,558,2,496.5,1,2,2,Dormant Capital,1,1.0,6.007783791279009,6.007783791279009
12851.0,97,2,284.13,3,2,1,Dormant Capital,1,1.0,5.991848419840379,5.991848419840379
14303.0,407,2,277.94,2,2,1,Dormant Capital,1,1.0,5.96060023066098,5.96060023066098
13039.0,584,4,1010.73,1,3,3,Distressed Equity,1,1.0,5.958239245447106,5.958239245447106
17773.0,514,2,585.27,1,3,2,Distressed Equity,1,1.0,5.946702129119641,5.946702129119641
15580.0,377,8,1381.19,2,4,4,Distressed Equity,1,1.0,5.9464196632137964,5.9464196632137964
16373.0,382,2,309.49,2,2,2,Dormant Capital,1,1.0,5.945651268915745,5.945651268915745
17258.0,397,2,417.3,2,3,2,Distressed Equity,1,1.0,5.930859496947288,5.930859496947288
13393.0,584,4,1131.45,1,3,3,Distressed Equity,1,1.0,5.91624270568616,5.91624270568616
17807.0,395,3,437.87,2,3,2,Distressed Equity,1,1.0,5.907868579146314,5.907868579146314
14492.0,430,7,1921.91,1,4,4,Distressed Equity,1,1.0,5.868441081845501,5.868441081845501
18134.0,598,2,445.0,1,3,2,Distressed Equity,1,1.0,5.864626064830993,5.864626064830993
17834.0,415,2,730.47,1,3,3,Distressed Equity,1,1.0,5.86404935658734,5.86404935658734
17141.0,418,4,754.33,1,4,3,Distressed Equity,1,1.0,5.848042980150888,5.848042980150888
17960.0,171,3,135.08,3,3,1,High-Yield Volatile,1,0.96,6.078759246476531,5.83560887661747
17753.0,464,4,390.56,1,4,2,Distressed Equity,1,1.0,5.815764844886606,5.815764844886606
14729.0,374,3,907.38,2,3,3,Distressed Equity,1,1.0,5.798494953914692,5.798494953914692
15939.0,90,16,9060.39,3,5,5,High-Yield Volatile,0,0.01,576.1425388818096,5.761425388818096
17890.0,323,2,602.09,2,3,2,Distressed Equity,1,1.0,5.700915074810019,5.700915074810019
16604.0,563,2,432.4500000000001,1,2,2,Dormant Capital,1,1.0,5.696250180006934,5.696250180006934
17963.0,471,4,651.51,1,4,3,Distressed Equity,1,1.0,5.684066270311337,5.684066270311337
12765.0,472,6,1404.58,1,4,4,Distressed Equity,1,1.0,5.664852482424742,5.664852482424742
13545.0,391,2,374.64,2,2,2,Dormant Capital,1,1.0,5.658747542191664,5.658747542191664
14560.0,7,44,6114.03,5,5,5,Tier 1 Alpha Asset,0,0.01,565.5810518045885,5.655810518045885
17477.0,613,2,1144.3,1,3,3,Distressed Equity,1,1.0,5.627803028287203,5.627803028287203
16521.0,415,3,1148.01,1,3,3,Distressed Equity,1,1.0,5.621938632615135,5.621938632615135
15543.0,288,2,242.84,2,2,1,Dormant Capital,1,1.0,5.61289132995199,5.61289132995199
15914.0,378,2,205.99,2,2,1,Dormant Capital,1,1.0,5.60224849751152,5.60224849751152
13340.0,45,12,22100.56,4,5,5,Tier 1 Alpha Asset,0,0.01,558.4419053814486,5.584419053814486
12663.0,625,2,239.4,1,2,1,Dormant Capital,1,1.0,5.5650445480947885,5.5650445480947885
18039.0,374,4,579.17,2,4,2,Distressed Equity,1,1.0,5.560004825405322,5.560004825405322
17143.0,417,2,924.11,1,3,3,Distressed Equity,1,1.0,5.558414410612189,5.558414410612189
13250.0,461,2,256.04,1,2,1,Dormant Capital,1,1.0,5.5408847449127405,5.5408847449127405
16725.0,302,14,1882.11,2,5,4,Distressed Equity,1,0.99,5.574807458826069,5.519059384237809
15908.0,491,2,764.57,1,2,3,Dormant Capital,1,1.0,5.4919620675895855,5.4919620675895855
14183.0,411,2,286.29,1,2,1,Dormant Capital,1,1.0,5.480428640128807,5.480428640128807
17393.0,411,2,381.15,1,3,2,Distressed Equity,1,0.99,5.530193753337682,5.4748918158043045
17000.0,396,2,406.3,2,3,2,Distressed Equity,1,1.0,5.444156260702961,5.444156260702961
15041.0,170,2,294.02,3,2,2,Dormant Capital,1,1.0,5.3699214097488,5.3699214097488
18011.0,373,2,527.03,2,3,2,Distressed Equity,1,1.0,5.35387243259438,5.35387243259438
17062.0,314,6,1208.22,2,4,3,Distressed Equity,1,1.0,5.3521414831365695,5.3521414831365695
15196.0,433,2,316.25,1,2,2,Dormant Capital,1,1.0,5.33032992105663,5.33032992105663
13909.0,423,2,286.6,1,2,1,Dormant Capital,1,1.0,5.314086101385448,5.314086101385448
13123.0,473,2,506.75,1,2,2,Dormant Capital,1,1.0,5.303432632616823,5.303432632616823
15972.0,456,5,1810.27,1,4,4,Distressed Equity,1,1.0,5.287119024359313,5.287119024359313
14877.0,418,2,437.0,1,2,2,Dormant Capital,1,1.0,5.286213032351565,5.286213032351565
17529.0,610,2,1240.25,1,3,3,Distressed Equity,1,1.0,5.2593302194663885,5.2593302194663885
13679.0,494,3,281.26,1,3,1,Distressed Equity,1,1.0,5.25921493032578,5.25921493032578
17804.0,376,3,385.23,2,3,2,Distressed Equity,1,1.0,5.255257187977679,5.255257187977679
13031.0,407,5,3419.27,2,4,5,Distressed Equity,1,1.0,5.245766744348982,5.245766744348982
15418.0,425,2,452.32,1,2,2,Dormant Capital,1,1.0,5.194491415545119,5.194491415545119
14746.0,406,4,593.5,2,3,2,Distressed Equity,1,1.0,5.191451340127955,5.191451340127955
12731.0,24,17,25775.71,4,5,5,Tier 1 Alpha Asset,0,0.01,518.368665048034,5.1836866504803405
13287.0,603,3,781.59,1,3,3,Distressed Equity,1,1.0,5.159223880627516,5.159223880627516
16452.0,631,2,332.17,1,2,2,Dormant Capital,1,1.0,5.1478600994628065,5.1478600994628065
13868.0,7,2,3192.54,5,2,5,Dormant Capital,0,0.01,512.7008736381696,5.127008736381696
14599.0,390,2,474.54,2,2,2,Dormant Capital,1,1.0,5.126289502939609,5.126289502939609
12634.0,536,2,490.0,1,2,2,Dormant Capital,1,1.0,5.106224290366403,5.106224290366403
15881.0,312,5,501.39,2,4,2,Distressed Equity,1,1.0,5.054319426012799,5.054319426012799
16840.0,603,2,139.85,1,3,1,Distressed Equity,1,1.0,5.050621617988233,5.050621617988233
13857.0,393,6,1001.01,2,4,3,Distressed Equity,1,1.0,5.027016474814234,5.027016474814234
16089.0,386,2,271.44,2,2,1,Dormant Capital,1,1.0,4.997579227001928,4.997579227001928
12862.0,426,2,1008.32,1,2,3,Dormant Capital,1,1.0,4.953188657435343,4.953188657435343
15560.0,398,2,153.52,2,2,1,Dormant Capital,1,1.0,4.931708545182101,4.931708545182101
14500.0,88,3,356.85,3,3,2,High-Yield Volatile,0,0.03,164.34770468687773,4.9304311406063315
14986.0,376,2,566.9,2,2,2,Dormant Capital,1,1.0,4.927666110389218,4.927666110389218
14181.0,411,2,310.55,1,2,2,Dormant Capital,1,1.0,4.922338219175607,4.922338219175607
14771.0,621,2,594.62,1,2,2,Dormant Capital,1,1.0,4.9079502132187995,4.9079502132187995
14686.0,414,5,885.83,1,4,3,Distressed Equity,1,1.0,4.898788684450666,4.898788684450666
17766.0,381,2,299.61,2,3,2,Distressed Equity,1,1.0,4.873381370633653,4.873381370633653
17363.0,395,3,940.86,2,3,3,Distressed Equity,1,1.0,4.862872291958682,4.862872291958682
14043.0,491,2,304.25,1,2,2,Dormant Capital,1,1.0,4.844237965791873,4.844237965791873
16223.0,375,2,1102.35,2,2,3,Dormant Capital,1,1.0,4.816246242792243,4.816246242792243
16259.0,410,3,361.94,2,3,2,Distressed Equity,1,1.0,4.803005520819134,4.803005520819134
14917.0,597,2,1123.75,1,2,3,Dormant Capital,1,1.0,4.7735410054650815,4.7735410054650815
15102.0,531,2,554.67,1,2,2,Dormant Capital,1,1.0,4.768635408168415,4.768635408168415
14994.0,382,5,960.63,2,4,3,Distressed Equity,1,1.0,4.761534111409125,4.761534111409125
17968.0,374,4,888.04,2,4,3,Distressed Equity,1,1.0,4.748832243970449,4.748832243970449
14670.0,280,3,602.0,2,3,2,Distressed Equity,1,1.0,4.747527555844321,4.747527555844321
15446.0,377,3,406.95,2,3,2,Distressed Equity,1,1.0,4.740947323594449,4.740947323594449
15682.0,599,2,318.24,1,2,2,Dormant Capital,1,1.0,4.740056376132493,4.740056376132493
13715.0,281,17,8483.29,2,5,5,Distressed Equity,1,0.99,4.73209276101507,4.68477183340492
18049.0,437,2,556.52,1,3,2,Distressed Equity,1,1.0,4.680828061603639,4.680828061603639
15736.0,435,2,1815.72,1,2,4,Dormant Capital,1,1.0,4.6311666263016615,4.6311666263016615
14938.0,562,2,2322.43,1,2,4,Dormant Capital,1,0.99,4.660739096629205,4.6141317056629125
13275.0,384,2,241.66,2,2,1,Dormant Capital,1,1.0,4.600887473539528,4.600887473539528
14096.0,4,17,65164.79,5,5,5,Tier 1 Alpha Asset,0,0.01,459.4895004964245,4.594895004964245
13677.0,405,2,556.1899999999999,2,2,2,Dormant Capital,1,1.0,4.587535421601484,4.587535421601484
14471.0,591,2,400.95,1,2,2,Dormant Capital,1,1.0,4.581398040449529,4.581398040449529
14671.0,549,2,1127.45,1,2,3,Dormant Capital,1,1.0,4.579555797040048,4.579555797040048
12741.0,529,2,406.07,1,2,2,Dormant Capital,1,1.0,4.512572866024513,4.512572866024513
16524.0,446,2,308.14,1,2,2,Dormant Capital,1,1.0,4.5052812106761255,4.5052812106761255
17484.0,576,2,209.57,1,3,1,Distressed Equity,1,1.0,4.477227159352533,4.477227159352533
13459.0,625,2,1160.41,1,2,3,Dormant Capital,1,1.0,4.422269993187278,4.422269993187278
13698.0,597,2,465.53,1,2,2,Dormant Capital,1,1.0,4.381429933242591,4.381429933242591
16228.0,385,3,890.81,2,3,3,Distressed Equity,1,1.0,4.378512502179385,4.378512502179385
17660.0,141,2,359.47,3,3,2,High-Yield Volatile,1,1.0,4.3274516146561295,4.3274516146561295
14809.0,621,2,686.76,1,2,3,Dormant Capital,1,1.0,4.315661172468325,4.315661172468325
13443.0,449,6,1280.16,1,4,4,Distressed Equity,1,1.0,4.311104849506489,4.311104849506489
14082.0,365,2,413.36,2,2,2,Dormant Capital,1,0.99,4.326452542808749,4.283188017380661
16844.0,563,2,614.34,1,3,2,Distressed Equity,1,1.0,4.259383937286373,4.259383937286373
17610.0,540,5,1529.49,1,4,4,Distressed Equity,1,1.0,4.153567054510644,4.153567054510644
15943.0,650,2,271.29,1,2,1,Dormant Capital,1,1.0,4.126854808775072,4.126854808775072
16453.0,531,2,251.71,1,2,1,Dormant Capital,1,1.0,4.077836578105919,4.077836578105919
14134.0,383,15,11123.35,2,5,5,Distressed Equity,1,1.0,4.021367768184462,4.021367768184462
16391.0,401,4,1103.61,2,4,3,Distressed Equity,1,1.0,4.007687288557916,4.007687288557916
17518.0,426,2,329.42,1,3,2,Distressed Equity,1,1.0,3.9997253602720466,3.9997253602720466
16264.0,438,2,837.53,1,2,3,Dormant Capital,1,1.0,3.994044131173949,3.994044131173949
15278.0,562,4,496.16,1,3,2,Distressed Equity,1,0.99,4.033365173958522,3.9930315222189368
15903.0,10,12,8939.84,5,5,5,Tier 1 Alpha Asset,0,0.01,399.187123126199,3.99187123126199
17246.0,547,2,38.92,1,3,1,Distressed Equity,1,1.0,3.9883241098607525,3.9883241098607525
16428.0,414,3,660.28,1,3,3,Distressed Equity,1,1.0,3.9700916811892397,3.9700916811892397
16935.0,382,3,535.1,2,3,2,Distressed Equity,1,1.0,3.95162976080098,3.95162976080098
16021.0,395,2,532.25,2,2,2,Dormant Capital,1,1.0,3.9429727182722365,3.9429727182722365
13616.0,568,2,288.1,1,2,1,Dormant Capital,1,1.0,3.937899846342311,3.937899846342311
15989.0,376,2,372.51,2,2,2,Dormant Capital,1,0.99,3.959123434963648,3.919532200614012
15794.0,736,2,777.0,1,2,3,Dormant Capital,1,1.0,3.91092992109298,3.91092992109298
12788.0,463,4,444.9,1,3,2,Distressed Equity,1,1.0,3.888484100841116,3.888484100841116
17209.0,649,3,611.6,1,3,2,Distressed Equity,1,1.0,3.8746205223620165,3.8746205223620165
16815.0,454,2,410.97,1,2,2,Dormant Capital,1,1.0,3.8412140675754007,3.8412140675754007
17776.0,387,2,338.56,2,3,2,Distressed Equity,1,0.99,3.8598393943779823,3.8212410004342026
13042.0,598,3,1556.54,1,3,4,Distressed Equity,1,1.0,3.8171827994536223,3.8171827994536223
15878.0,562,2,330.77,1,2,2,Dormant Capital,1,1.0,3.799515161666763,3.799515161666763
15304.0,61,9,919.55,3,5,3,High-Yield Volatile,0,0.02,188.86636657279766,3.7773273314559535
15702.0,476,2,140.39,1,2,1,Dormant Capital,1,1.0,3.7711508579575317,3.7711508579575317
18258.0,464,6,2059.67,1,4,4,Distressed Equity,1,1.0,3.751416970692397,3.751416970692397
17622.0,598,2,1130.21,1,3,3,Distressed Equity,1,1.0,3.736219426222706,3.736219426222706
18194.0,82,6,4162.04,3,4,5,High-Yield Volatile,0,0.01,371.350769935279,3.7135076993527902
13595.0,517,3,818.22,1,3,3,Distressed Equity,1,1.0,3.6873842465587185,3.6873842465587185
17326.0,408,2,321.95,2,3,2,Distressed Equity,1,0.99,3.7222302703360453,3.685007967632685
17366.0,432,2,1096.24,1,3,3,Distressed Equity,1,1.0,3.684865252533273,3.684865252533273
12687.0,481,2,2138.91,1,2,4,Dormant Capital,1,0.99,3.6481207158779108,3.6116395087191315
16798.0,554,3,848.71,1,3,3,Distressed Equity,1,1.0,3.607422529594653,3.607422529594653
15451.0,434,2,233.21,1,2,1,Dormant Capital,1,1.0,3.6072884171356723,3.6072884171356723
14169.0,431,2,624.4300000000001,1,2,3,Dormant Capital,1,1.0,3.6017894117131783,3.6017894117131783
15542.0,512,3,918.45,1,3,3,Distressed Equity,1,1.0,3.5984955355623405,3.5984955355623405
15309.0,611,4,797.96,1,3,3,Distressed Equity,1,1.0,3.5949941470941447,3.5949941470941447
14751.0,684,2,126.45,1,2,1,Dormant Capital,1,1.0,3.5892421080990125,3.5892421080990125
13567.0,428,4,1083.69,1,3,3,Distressed Equity,1,1.0,3.575236570240161,3.575236570240161
17563.0,578,2,392.38,1,3,2,Distressed Equity,1,1.0,3.5697716854130146,3.5697716854130146
15354.0,603,3,284.4,1,3,1,Distressed Equity,1,1.0,3.526161455703318,3.526161455703318
15666.0,472,2,632.94,1,2,3,Dormant Capital,1,1.0,3.5175098937286946,3.5175098937286946
13457.0,689,2,148.22,1,2,1,Dormant Capital,1,1.0,3.516338410198873,3.516338410198873
17257.0,436,2,192.73,1,3,1,Distressed Equity,1,0.99,3.5381353644111853,3.5027540107670734
16790.0,4,6,1545.62,5,4,4,Tier 1 Alpha Asset,0,0.01,348.9130217640498,3.489130217640498
16704.0,618,2,695.66,1,2,3,Dormant Capital,1,1.0,3.4720174130574493,3.4720174130574493
15037.0,376,2,402.51,2,2,2,Dormant Capital,1,1.0,3.4320655654336187,3.4320655654336187
15764.0,88,8,4503.08,3,4,5,High-Yield Volatile,0,0.04,85.38558248592605,3.415423299437042
14563.0,510,2,679.44,1,2,3,Dormant Capital,1,1.0,3.388827666966423,3.388827666966423
14166.0,505,2,256.85,1,2,1,Dormant Capital,1,1.0,3.3808451097654464,3.3808451097654464
12986.0,429,10,2729.84,1,5,4,Distressed Equity,1,0.99,3.4139430220878992,3.37980359186702
12439.0,683,2,1158.18,1,2,3,Dormant Capital,1,1.0,3.34478893493423,3.34478893493423
17523.0,11,4,652.74,5,4,3,Tier 1 Alpha Asset,0,0.01,333.018488126486,3.33018488126486
14151.0,673,2,679.45,1,2,3,Dormant Capital,1,1.0,3.316870866882918,3.316870866882918
14990.0,612,2,305.42,1,2,2,Dormant Capital,1,1.0,3.3004777367121574,3.3004777367121574
14610.0,396,2,24.35,2,2,1,Dormant Capital,1,1.0,3.179756286708252,3.179756286708252
16812.0,361,4,2392.0,2,4,4,Distressed Equity,1,1.0,3.1581775394643903,3.1581775394643903
17967.0,372,2,357.29,2,3,2,Distressed Equity,1,1.0,3.152883894537917,3.152883894537917
16342.0,75,4,322.41,3,4,2,High-Yield Volatile,0,0.03,104.6156860299042,3.138470580897126
17681.0,597,5,731.2,1,4,3,Distressed Equity,1,1.0,3.1334739322930445,3.1334739322930445
12409.0,79,7,23419.29,3,4,5,High-Yield Volatile,0,0.01,309.8746853536475,3.0987468535364755
13619.0,545,2,231.69,1,2,1,Dormant Capital,1,1.0,3.0616039854075847,3.0616039854075847
14369.0,642,2,469.13,1,2,2,Dormant Capital,1,1.0,3.0404383378510627,3.0404383378510627
17756.0,376,3,733.7,2,3,3,Distressed Equity,1,1.0,3.031144393440461,3.031144393440461
17577.0,645,2,348.75,1,3,2,Distressed Equity,1,1.0,2.989229345244006,2.989229345244006
15183.0,548,3,639.93,1,3,3,Distressed Equity,1,1.0,2.9498787695813964,2.9498787695813964
15503.0,363,2,267.15,2,2,1,Dormant Capital,1,1.0,2.9232550166819276,2.9232550166819276
13825.0,622,2,255.59,1,2,1,Dormant Capital,1,1.0,2.9115349308506273,2.9115349308506273
14831.0,680,3,1676.57,1,3,4,Distressed Equity,1,1.0,2.9006749315495926,2.9006749315495926
15107.0,311,9,940.35,2,5,3,Distressed Equity,1,0.99,2.920241546976293,2.8910391315065302
16197.0,469,9,2016.71,1,5,4,Distressed Equity,1,1.0,2.884694872544898,2.884694872544898
15113.0,10,3,3609.33,5,3,5,High-Yield Volatile,0,0.01,288.2559810658924,2.882559810658924
16631.0,482,7,1892.52,1,4,4,Distressed Equity,1,1.0,2.850852294487959,2.850852294487959
14944.0,30,19,9784.67,4,5,5,Tier 1 Alpha Asset,0,0.01,281.30683260230705,2.8130683260230707
16487.0,577,2,209.4,1,2,1,Dormant Capital,1,1.0,2.8084214980031614,2.8084214980031614
14010.0,565,2,445.15,1,2,2,Dormant Capital,1,1.0,2.7825127167181036,2.7825127167181036
15501.0,405,2,402.5,2,2,2,Dormant Capital,1,1.0,2.7564519466970623,2.7564519466970623
16964.0,733,2,207.85,1,3,1,Distressed Equity,1,1.0,2.7255459025380686,2.7255459025380686
17294.0,669,2,467.79,1,3,2,Distressed Equity,1,1.0,2.71870406714256,2.71870406714256
16381.0,396,2,258.7,2,2,1,Dormant Capital,1,1.0,2.713128160004891,2.713128160004891
16273.0,648,2,336.04,1,2,2,Dormant Capital,1,1.0,2.7094264578638336,2.7094264578638336
16819.0,465,2,182.59,1,2,1,Dormant Capital,1,1.0,2.707426835967894,2.707426835967894
16802.0,679,2,582.61,1,2,2,Dormant Capital,1,1.0,2.6920126149056416,2.6920126149056416
16125.0,367,14,4587.65,2,5,5,Distressed Equity,1,1.0,2.6775423855917815,2.6775423855917815
12804.0,466,2,327.02,1,2,2,Dormant Capital,1,1.0,2.595073807266814,2.595073807266814
14069.0,515,2,230.06,1,2,1,Dormant Capital,1,1.0,2.588686826320066,2.588686826320066
17882.0,379,2,313.46,2,3,2,Distressed Equity,1,1.0,2.5833216638742567,2.5833216638742567
16538.0,541,3,399.62,1,3,2,Distressed Equity,1,1.0,2.562330318063545,2.562330318063545
16296.0,626,4,1313.67,1,4,4,Distressed Equity,1,1.0,2.5359026653227943,2.5359026653227943
14996.0,481,2,442.29,1,2,2,Dormant Capital,1,1.0,2.5323301991027445,2.5323301991027445
16799.0,432,2,495.98,1,2,2,Dormant Capital,1,1.0,2.510205706654588,2.510205706654588
15681.0,25,14,2989.7000000000003,4,5,5,Tier 1 Alpha Asset,0,0.01,250.37103859191907,2.5037103859191907
17792.0,467,2,370.05,1,3,2,Distressed Equity,1,1.0,2.435425745311507,2.435425745311507
12675.0,554,2,958.5,1,2,3,Dormant Capital,1,1.0,2.431451796564938,2.431451796564938
13768.0,727,2,875.97,1,2,3,Dormant Capital,1,1.0,2.419644857044529,2.419644857044529
17888.0,21,25,1820.44,4,5,4,Tier 1 Alpha Asset,0,0.02,120.31835105800079,2.406367021160016
15141.0,458,7,1388.47,1,4,4,Distressed Equity,1,1.0,2.388595317238284,2.388595317238284
14663.0,430,2,490.6,1,2,2,Dormant Capital,1,1.0,2.376990684908214,2.376990684908214
17340.0,30,18,22404.82,4,5,5,Tier 1 Alpha Asset,0,0.01,237.22795661142894,2.3722795661142895
14744.0,16,14,3885.08,5,5,5,Tier 1 Alpha Asset,0,0.01,234.81405188581542,2.348140518858154
14455.0,432,4,628.21,1,3,3,Distressed Equity,1,1.0,2.33475216663272,2.33475216663272
13646.0,400,2,326.25,2,2,2,Dormant Capital,1,1.0,2.3305029724824675,2.3305029724824675
15816.0,542,2,144.15,1,2,1,Dormant Capital,1,1.0,2.292018484160653,2.292018484160653
16893.0,367,2,401.77,2,3,2,Distressed Equity,1,1.0,2.2645222615192413,2.2645222615192413
16837.0,31,11,3170.98,4,5,5,Tier 1 Alpha Asset,0,0.01,225.8931404656143,2.258931404656143
17285.0,628,2,428.34,1,3,2,Distressed Equity,1,1.0,2.202400484544805,2.202400484544805
13442.0,667,3,419.87,1,3,2,Distressed Equity,1,1.0,2.1680588243204792,2.1680588243204792
13526.0,738,2,1182.0,1,2,3,Dormant Capital,1,1.0,2.1329892262953485,2.1329892262953485
16375.0,470,2,104.0,1,2,1,Dormant Capital,1,1.0,2.1296488645027463,2.1296488645027463
13785.0,429,4,542.49,1,3,2,Distressed Equity,1,1.0,2.1160211795981043,2.1160211795981043
15808.0,306,21,18409.93,2,5,5,Distressed Equity,1,1.0,2.0759807663570897,2.0759807663570897
17794.0,687,2,147.3,1,3,1,Distressed Equity,1,1.0,2.0698742033845177,2.0698742033845177
18047.0,381,2,342.69,2,3,2,Distressed Equity,1,1.0,2.064999021184365,2.064999021184365
15001.0,394,2,230.86,2,2,1,Dormant Capital,1,1.0,2.036292621787221,2.036292621787221
12412.0,75,6,2596.93,3,4,4,High-Yield Volatile,0,0.03,64.74216737247906,1.9422650211743717
17065.0,638,2,194.7,1,3,1,Distressed Equity,1,1.0,1.912698314386642,1.912698314386642
16010.0,246,11,1724.06,2,5,4,Distressed Equity,1,1.0,1.8630083484115207,1.8630083484115207
17823.0,421,2,494.25,1,3,2,Distressed Equity,1,1.0,1.8359037403652334,1.8359037403652334
13234.0,673,2,356.95,1,2,2,Dormant Capital,1,1.0,1.827053748530526,1.827053748530526
17332.0,528,5,838.27,1,4,3,Distressed Equity,1,1.0,1.8152657561082277,1.8152657561082277
12589.0,29,8,4695.66,4,4,5,Tier 1 Alpha Asset,0,0.02,89.73957970292132,1.7947915940584265
12855.0,373,4,650.94,2,3,3,Distressed Equity,1,1.0,1.7872341638426603,1.7872341638426603
17544.0,390,3,960.69,2,3,3,Distressed Equity,1,1.0,1.7423332021064275,1.7423332021064275
15413.0,692,5,6798.72,1,4,5,Distressed Equity,1,0.99,1.7359103004785637,1.718551197473778
14556.0,596,3,835.34,1,3,3,Distressed Equity,1,1.0,1.7085890723147132,1.7085890723147132
14385.0,9,3,202.11,5,3,1,High-Yield Volatile,0,0.01,170.68573436649342,1.7068573436649341
15369.0,492,11,6251.26,1,5,5,Distressed Equity,1,0.97,1.7552790144585608,1.702620644024804
18021.0,510,2,227.06,1,3,1,Distressed Equity,1,1.0,1.69332079606771,1.69332079606771
13432.0,571,2,439.1,1,2,2,Dormant Capital,1,1.0,1.68856393834299,1.68856393834299
16911.0,636,2,255.25,1,3,1,Distressed Equity,1,1.0,1.6868509789931112,1.6868509789931112
13562.0,82,8,4838.18,3,4,5,High-Yield Volatile,0,0.02,83.6920518971126,1.6738410379422521
15241.0,67,11,3050.16,3,5,5,High-Yield Volatile,0,0.02,83.27182743756305,1.665436548751261
13997.0,519,3,382.31,1,3,2,Distressed Equity,1,1.0,1.660161411634528,1.660161411634528
16894.0,502,3,1324.06,1,3,4,Distressed Equity,1,1.0,1.6454912465507079,1.6454912465507079
12924.0,88,12,2469.4,3,5,4,High-Yield Volatile,0,0.01,162.92379629323338,1.629237962932334
17916.0,629,2,43.87,1,3,1,Distressed Equity,1,1.0,1.6291278344525297,1.6291278344525297
17539.0,618,4,1226.57,1,4,3,Distressed Equity,1,1.0,1.6203795372463519,1.6203795372463519
15003.0,473,6,1060.7,1,4,3,Distressed Equity,1,0.99,1.6094542262741902,1.5933596840114483
14170.0,375,3,597.33,2,3,2,Distressed Equity,1,1.0,1.591654841022739,1.591654841022739
13206.0,400,13,8377.32,2,5,5,Distressed Equity,1,0.99,1.5989931992149695,1.5830032672228198
17241.0,385,12,2744.14,2,5,4,Distressed Equity,1,1.0,1.5809575001405995,1.5809575001405995
14519.0,684,2,206.09,1,2,1,Dormant Capital,1,1.0,1.5031694131054916,1.5031694131054916
16436.0,668,3,329.34,1,3,2,Distressed Equity,1,1.0,1.5012182654630057,1.5012182654630057
16713.0,19,32,14560.69,5,5,5,Tier 1 Alpha Asset,0,0.01,149.2416935222235,1.492416935222235
16170.0,51,20,6869.0,4,5,5,Tier 1 Alpha Asset,0,0.01,143.5012836307199,1.4350128363071992
17912.0,310,6,375.5,2,4,2,Distressed Equity,1,1.0,1.4275853157401748,1.4275853157401748
16478.0,25,3,331.0,4,3,2,High-Yield Volatile,0,0.01,141.4041700677227,1.414041700677227
12549.0,576,6,1575.68,1,4,4,Distressed Equity,1,1.0,1.394954239127662,1.394954239127662
12498.0,21,3,403.7000000000001,4,3,2,High-Yield Volatile,0,0.01,138.54843425662335,1.3854843425662335
14736.0,485,2,401.08,1,2,2,Dormant Capital,1,1.0,1.2879147842065897,1.2879147842065897
18059.0,23,3,306.46,4,3,2,High-Yield Volatile,0,0.01,123.52966352130592,1.2352966352130592
16043.0,38,8,1856.59,4,4,4,Tier 1 Alpha Asset,0,0.01,120.88378217436103,1.2088378217436104
17810.0,669,2,374.81,1,3,2,Distressed Equity,1,0.99,1.220472132578705,1.208267411252918
16500.0,5,9,843.9100000000001,5,5,3,Tier 1 Alpha Asset,0,0.01,120.67781954913444,1.2067781954913444
16531.0,22,11,2298.33,4,5,4,Tier 1 Alpha Asset,0,0.01,120.2292965577779,1.202292965577779
12856.0,8,6,2179.93,5,4,4,Tier 1 Alpha Asset,0,0.01,118.3498488337285,1.183498488337285
12726.0,28,11,4014.6,4,5,5,Tier 1 Alpha Asset,0,0.01,118.04916137633738,1.1804916137633739
14226.0,29,6,3002.53,4,4,5,Tier 1 Alpha Asset,0,0.01,116.08656029340429,1.160865602934043
14125.0,11,3,2740.43,5,3,4,High-Yield Volatile,0,0.01,112.5571334510227,1.125571334510227
18214.0,531,4,1780.34,1,4,4,Distressed Equity,1,1.0,1.1255395976928848,1.1255395976928848
18137.0,551,2,145.99,1,3,1,Distressed Equity,1,1.0,1.1210642086294835,1.1210642086294835
16695.0,562,2,193.15,1,2,1,Dormant Capital,1,1.0,1.117215126276272,1.117215126276272
14172.0,605,3,402.72,1,3,2,Distressed Equity,1,1.0,1.1163393958668326,1.1163393958668326
14312.0,47,11,3090.29,4,5,5,Tier 1 Alpha Asset,0,0.01,109.49275080672741,1.0949275080672742
14525.0,20,17,8240.64,4,5,5,Tier 1 Alpha Asset,0,0.01,109.20932274613104,1.0920932274613104
16240.0,24,2,3718.8,4,2,5,Dormant Capital,0,0.01,109.18026459014197,1.0918026459014198
12451.0,11,8,12669.88,5,4,5,Tier 1 Alpha Asset,0,0.01,109.0633801733229,1.090633801733229
17884.0,4,20,3072.89,5,5,5,Tier 1 Alpha Asset,0,0.02,54.411978831608984,1.0882395766321797
13759.0,33,2,659.4100000000001,4,2,3,Dormant Capital,0,0.01,107.36857122682825,1.0736857122682826
13136.0,56,13,6274.56,4,5,5,Tier 1 Alpha Asset,0,0.01,107.23174826562624,1.0723174826562625
14249.0,411,12,5625.461,1,5,5,Distressed Equity,1,0.99,1.0618916172292985,1.0512727010570055
16266.0,74,14,1757.95,3,5,4,High-Yield Volatile,0,0.01,100.58361808864137,1.0058361808864138
14212.0,90,2,2190.14,3,2,4,Dormant Capital,0,0.01,100.53653557725552,1.0053653557725553
15696.0,33,13,3906.57,4,5,5,Tier 1 Alpha Asset,0,0.01,100.4657917303718,1.004657917303718
16281.0,72,3,3424.02,3,3,5,High-Yield Volatile,0,0.01,100.25679262192249,1.0025679262192249
17732.0,373,8,2470.39,2,5,4,Distressed Equity,1,1.0,0.9962703735533041,0.9962703735533041
16229.0,87,6,2867.86,3,4,4,High-Yield Volatile,0,0.02,49.7619981033361,0.9952399620667219
15110.0,24,6,1505.85,4,4,4,Tier 1 Alpha Asset,0,0.01,99.21656957457743,0.9921656957457744
13079.0,4,6,419.18,5,4,2,Tier 1 Alpha Asset,0,0.01,99.14644856193816,0.9914644856193816
16502.0,620,2,266.5,1,2,1,Dormant Capital,1,1.0,0.9887750394183734,0.9887750394183734
13118.0,20,9,2415.41,4,5,4,Tier 1 Alpha Asset,0,0.01,96.53425661640213,0.9653425661640214
13641.0,641,5,1016.47,1,4,3,Distressed Equity,1,1.0,0.9635229041487055,0.9635229041487055
17067.0,725,3,454.54,1,3,2,Distressed Equity,1,1.0,0.9575053265881169,0.9575053265881169
12877.0,4,20,2955.17,5,5,4,Tier 1 Alpha Asset,0,0.01,95.39513602203557,0.9539513602203558
16232.0,44,7,2712.97,4,4,4,Tier 1 Alpha Asset,0,0.01,94.72994926590161,0.9472994926590161
13186.0,40,3,1575.89,4,3,4,High-Yield Volatile,0,0.01,94.51477992057431,0.9451477992057431
17918.0,501,3,396.39,1,3,2,Distressed Equity,1,1.0,0.9131961956056232,0.9131961956056232
17800.0,37,9,1199.01,4,5,3,Tier 1 Alpha Asset,0,0.01,86.70677395170354,0.8670677395170354
14175.0,60,8,7678.88,3,4,5,High-Yield Volatile,0,0.01,86.67409314995258,0.8667409314995258
13681.0,18,4,827.83,5,3,3,High-Yield Volatile,0,0.01,86.5152705074396,0.865152705074396
13277.0,16,7,523.3,5,4,2,Tier 1 Alpha Asset,0,0.01,85.48978047995598,0.8548978047995598
13028.0,23,2,661.3199999999999,4,2,3,Dormant Capital,0,0.01,83.40353972478258,0.8340353972478258
13268.0,18,11,3214.69,5,5,5,Tier 1 Alpha Asset,0,0.01,83.28429174119461,0.832842917411946
17572.0,71,10,723.0100000000001,3,5,3,High-Yield Volatile,0,0.01,82.94722251428188,0.8294722251428188
18177.0,31,9,2216.87,4,5,4,Tier 1 Alpha Asset,0,0.01,82.70006502796508,0.8270006502796509
14205.0,17,9,2414.2,5,5,4,Tier 1 Alpha Asset,0,0.01,82.0124592076359,0.820124592076359
15516.0,45,3,62.43,4,3,1,High-Yield Volatile,0,0.02,40.845840286629446,0.816916805732589
17235.0,25,8,1904.88,4,5,4,Tier 1 Alpha Asset,0,0.01,81.5460083625087,0.815460083625087
12438.0,14,2,2906.85,5,2,4,Dormant Capital,0,0.01,80.44058002729054,0.8044058002729054
14769.0,3,17,15771.88,5,5,5,Tier 1 Alpha Asset,0,0.01,80.34558176068639,0.8034558176068639
15235.0,218,16,2937.81,2,5,4,Distressed Equity,1,1.0,0.8029638185557698,0.8029638185557698
15492.0,28,2,659.46,4,2,3,Dormant Capital,0,0.01,79.44114193813024,0.7944114193813024
14820.0,21,9,1274.76,4,5,4,Tier 1 Alpha Asset,0,0.01,79.20637800053585,0.7920637800053585
15238.0,29,3,1071.99,4,3,3,High-Yield Volatile,0,0.01,79.15237542847125,0.7915237542847124
17898.0,85,4,299.18,3,4,2,High-Yield Volatile,0,0.06,13.137552813893267,0.788253168833596
14049.0,17,13,13239.03,5,5,5,Tier 1 Alpha Asset,0,0.01,78.26027880792307,0.7826027880792308
13446.0,430,11,3881.89,1,5,5,Distressed Equity,1,1.0,0.777772973204926,0.777772973204926
12496.0,620,2,54.09,1,2,1,Dormant Capital,1,1.0,0.775735325997237,0.775735325997237
15398.0,16,2,1345.53,5,2,4,Dormant Capital,0,0.01,77.34534065727274,0.7734534065727274
15814.0,17,6,2634.44,5,4,4,Tier 1 Alpha Asset,0,0.01,77.32015641788094,0.7732015641788094
16190.0,40,8,2723.55,4,5,4,Tier 1 Alpha Asset,0,0.01,75.19349828647415,0.7519349828647416
15873.0,500,4,313.92,1,3,2,Distressed Equity,1,0.99,0.7570103641497229,0.7494402605082257
16348.0,32,8,1798.22,4,5,4,Tier 1 Alpha Asset,0,0.02,37.358584331921875,0.7471716866384375
14621.0,1,9,3000.57,5,5,5,Tier 1 Alpha Asset,0,0.01,74.69367133257366,0.7469367133257366
13207.0,15,4,535.86,5,3,2,High-Yield Volatile,0,0.01,74.42234142127927,0.7442234142127927
16833.0,1,6,2409.04,5,4,4,Tier 1 Alpha Asset,0,0.01,73.2893805939569,0.7328938059395691
17867.0,30,15,1621.2800000000002,4,5,4,Tier 1 Alpha Asset,0,0.01,72.09537230881368,0.7209537230881368
13963.0,308,17,3011.87,2,5,5,Distressed Equity,1,1.0,0.713105190961568,0.713105190961568
13516.0,21,4,1685.26,4,3,4,High-Yield Volatile,0,0.01,70.97996845640688,0.7097996845640688
14387.0,33,3,1770.56,4,3,4,High-Yield Volatile,0,0.01,70.49162925845981,0.7049162925845981
16475.0,88,4,544.3,3,4,2,High-Yield Volatile,0,0.01,69.58756207882053,0.6958756207882053
14287.0,8,3,176.63,5,3,1,High-Yield Volatile,0,0.01,69.45554942363725,0.6945554942363725
17113.0,574,6,2322.59,1,4,4,Distressed Equity,1,1.0,0.6923448985796257,0.6923448985796257
16549.0,10,34,13182.19,5,5,5,Tier 1 Alpha Asset,0,0.01,69.21374366806089,0.6921374366806089
17733.0,39,2,692.19,4,3,3,High-Yield Volatile,0,0.02,34.32469473227453,0.6864938946454906
16183.0,67,4,1077.81,3,4,3,High-Yield Volatile,0,0.01,68.33656375743621,0.6833656375743621
16085.0,23,12,2343.53,4,5,4,Tier 1 Alpha Asset,0,0.02,33.947115275943666,0.6789423055188734
14025.0,465,8,4057.9,1,4,5,Distressed Equity,1,0.99,0.6708379595054655,0.6641295799104109
16435.0,512,3,1011.57,1,3,3,Distressed Equity,1,1.0,0.6549931225842078,0.6549931225842078
16040.0,65,7,2416.9,3,4,4,High-Yield Volatile,0,0.01,64.69911949745669,0.6469911949745669
12539.0,22,7,11214.75,4,4,5,Tier 1 Alpha Asset,0,0.01,64.59170887495735,0.6459170887495735
14837.0,90,9,3460.32,3,5,5,High-Yield Volatile,0,0.01,64.52021752348575,0.6452021752348576
17894.0,72,18,2453.38,3,5,4,High-Yield Volatile,0,0.01,64.25737494352371,0.6425737494352372
14704.0,11,11,1813.57,5,5,4,Tier 1 Alpha Asset,0,0.03,21.224253510033993,0.6367276053010198
15810.0,79,8,2999.04,3,4,5,High-Yield Volatile,0,0.01,63.45469693744868,0.6345469693744868
17302.0,15,5,1135.63,5,4,3,Tier 1 Alpha Asset,0,0.01,63.36146210105732,0.6336146210105732
13514.0,74,4,815.9000000000001,3,3,3,High-Yield Volatile,0,0.01,63.04778236488323,0.6304778236488323
15142.0,46,6,2619.92,4,4,4,Tier 1 Alpha Asset,0,0.01,63.03009943401758,0.6303009943401758
15062.0,71,8,2585.62,3,4,4,High-Yield Volatile,0,0.01,62.70686067585789,0.6270686067585789
14660.0,87,2,285.74,3,2,1,Dormant Capital,0,0.02,31.23591396391016,0.6247182792782032
17436.0,2,5,534.0600000000001,5,4,2,Tier 1 Alpha Asset,0,0.01,61.95016945951086,0.6195016945951086
16335.0,552,7,2774.0,1,4,4,Distressed Equity,1,1.0,0.6175075460650106,0.6175075460650106
16794.0,1,15,2090.91,5,5,4,Tier 1 Alpha Asset,0,0.02,30.700614922043695,0.6140122984408739
13460.0,29,2,183.44,4,2,1,Dormant Capital,0,0.01,60.94645056886073,0.6094645056886073
13962.0,22,3,362.8,4,3,2,High-Yield Volatile,0,0.02,29.42182599168566,0.5884365198337133
14934.0,82,5,3503.5,3,4,5,High-Yield Volatile,0,0.01,58.756475521330934,0.5875647552133093
15715.0,556,5,658.02,1,4,3,Distressed Equity,1,1.0,0.5870008728900847,0.5870008728900847
13334.0,82,5,6263.75,3,4,5,High-Yield Volatile,0,0.02,29.259850798026207,0.5851970159605242
16158.0,522,9,628.32,1,5,3,Distressed Equity,1,1.0,0.5791060639034469,0.5791060639034469
16496.0,9,6,2330.77,5,4,4,Tier 1 Alpha Asset,0,0.01,57.49484254798222,0.5749484254798223
14507.0,24,11,3284.4300000000003,4,5,5,Tier 1 Alpha Asset,0,0.01,56.83134827868372,0.5683134827868372
18215.0,89,5,2247.49,3,4,4,High-Yield Volatile,0,0.01,56.688924473577224,0.5668892447357723
15751.0,461,11,1380.44,1,5,4,Distressed Equity,1,1.0,0.5616273907875818,0.5616273907875818
14857.0,60,7,3651.851,3,4,5,High-Yield Volatile,0,0.01,55.585688013151504,0.555856880131515
13930.0,58,2,337.34,4,2,2,Dormant Capital,0,0.01,54.06932375522208,0.5406932375522208
13596.0,6,2,697.04,5,2,3,Dormant Capital,0,0.01,53.70158054705438,0.5370158054705437
18255.0,89,2,303.15,3,3,2,High-Yield Volatile,0,0.03,17.62384541467023,0.528715362440107
15067.0,78,5,3877.88,3,4,5,High-Yield Volatile,0,0.01,50.983821949800095,0.509838219498001
13224.0,60,2,2155.95,3,2,4,Dormant Capital,0,0.01,50.94322511377804,0.5094322511377805
13373.0,61,6,7587.19,3,4,5,High-Yield Volatile,0,0.01,50.889085320057134,0.5088908532005714
17468.0,10,3,194.8,5,3,1,High-Yield Volatile,0,0.01,50.245363417762476,0.5024536341776248
12781.0,64,2,826.74,3,2,3,Dormant Capital,0,0.01,49.815290365709544,0.49815290365709547
15860.0,41,17,2505.21,4,5,4,Tier 1 Alpha Asset,0,0.01,49.088388647498554,0.49088388647498554
14286.0,24,7,8479.76,4,4,5,Tier 1 Alpha Asset,0,0.01,48.43095980189547,0.4843095980189547
14379.0,44,4,1268.91,4,3,4,High-Yield Volatile,0,0.02,23.78093491019702,0.47561869820394037
12458.0,71,4,1777.49,3,3,4,High-Yield Volatile,0,0.01,47.378991606523634,0.47378991606523635
16880.0,31,8,1840.86,4,5,4,Tier 1 Alpha Asset,0,0.01,47.24483947879135,0.4724483947879135
14715.0,25,8,1840.45,4,4,4,Tier 1 Alpha Asset,0,0.01,46.67216900575535,0.4667216900575535
16243.0,34,2,409.1,4,2,2,Dormant Capital,0,0.01,46.25346512809196,0.46253465128091964
15676.0,19,3,3435.76,5,3,5,High-Yield Volatile,0,0.01,45.53134176491988,0.4553134176491988
16690.0,72,4,353.03000000000003,3,4,2,High-Yield Volatile,0,0.01,44.86150587090506,0.44861505870905066
13124.0,90,4,4782.45,3,3,5,High-Yield Volatile,0,0.01,44.35082566850037,0.4435082566850037
17109.0,29,8,1295.46,4,5,4,Tier 1 Alpha Asset,0,0.01,44.14760328582698,0.4414760328582698
16774.0,68,8,1594.45,3,5,4,High-Yield Volatile,0,0.01,42.844332779871905,0.4284433277987191
16877.0,12,6,853.72,5,4,3,Tier 1 Alpha Asset,0,0.01,42.16087957412885,0.4216087957412885
13077.0,1,11,3064.67,5,5,5,Tier 1 Alpha Asset,0,0.01,41.31722251664094,0.4131722251664094
13529.0,79,2,307.76,3,2,2,Dormant Capital,0,0.01,41.119969251096016,0.41119969251096017
17808.0,549,4,262.64,1,4,1,Distressed Equity,1,1.0,0.401691262439086,0.401691262439086
16081.0,56,8,4460.18,4,5,5,Tier 1 Alpha Asset,0,0.01,39.968620278445314,0.39968620278445316
17892.0,56,3,244.1,4,3,1,High-Yield Volatile,0,0.01,39.156351226275554,0.39156351226275554
12635.0,90,4,2930.41,3,3,4,High-Yield Volatile,0,0.01,39.10646090255394,0.3910646090255394
17032.0,548,8,3004.6,1,5,5,Distressed Equity,1,0.99,0.39493825904646457,0.39098887645599995
16140.0,66,3,1557.6,3,3,4,High-Yield Volatile,0,0.01,38.90276413088343,0.3890276413088343
17921.0,64,10,2423.5,3,5,4,High-Yield Volatile,0,0.01,38.543855826181016,0.38543855826181017
16642.0,5,3,1077.45,5,3,3,High-Yield Volatile,0,0.01,38.26071677855549,0.3826071677855549
14167.0,39,8,1296.49,4,4,4,Tier 1 Alpha Asset,0,0.01,38.18590730530806,0.38185907305308064
14921.0,30,2,1316.07,4,2,4,Dormant Capital,0,0.01,37.18376144227201,0.37183761442272006
17166.0,39,2,206.34,4,3,1,High-Yield Volatile,0,0.01,37.08901961116547,0.3708901961116547
17845.0,555,4,598.19,1,4,2,Distressed Equity,1,1.0,0.36813729502441445,0.36813729502441445
13602.0,65,4,1025.17,3,3,3,High-Yield Volatile,0,0.01,35.37624262537703,0.3537624262537703
14585.0,50,5,1143.27,4,4,3,Tier 1 Alpha Asset,0,0.01,35.18989604402062,0.35189896044020624
17459.0,43,2,657.3,4,3,3,High-Yield Volatile,0,0.01,34.80269865428562,0.3480269865428562
17185.0,592,3,229.46,1,3,1,Distressed Equity,1,1.0,0.34709067058698695,0.34709067058698695
17647.0,65,3,331.66,3,3,2,High-Yield Volatile,0,0.01,33.43477846675188,0.3343477846675188
13542.0,377,17,4006.17,2,5,5,Distressed Equity,1,0.99,0.3337036319273531,0.33036659560807957
13610.0,12,14,2175.88,5,5,4,Tier 1 Alpha Asset,0,0.01,32.84382471324093,0.32843824713240927
15886.0,60,4,1052.87,3,3,3,High-Yield Volatile,0,0.01,32.206571474223495,0.32206571474223494
16485.0,77,5,2294.68,3,4,4,High-Yield Volatile,0,0.01,31.612939091906966,0.31612939091906966
17780.0,667,3,352.91,1,3,2,Distressed Equity,1,1.0,0.31201750220740715,0.31201750220740715
14495.0,51,3,174.8,4,3,1,High-Yield Volatile,0,0.01,30.84317523348235,0.3084317523348235
14754.0,45,6,1550.48,4,4,4,Tier 1 Alpha Asset,0,0.01,29.551165012727207,0.2955116501272721
15038.0,59,9,1309.86,4,5,4,Tier 1 Alpha Asset,0,0.01,29.38875243347531,0.2938875243347531
13403.0,18,3,229.5,5,3,1,High-Yield Volatile,0,0.01,29.081330153886594,0.2908133015388659
14765.0,29,3,254.11,4,3,1,High-Yield Volatile,0,0.01,28.913111518511606,0.2891311151851161
16884.0,38,4,1073.92,4,4,3,Tier 1 Alpha Asset,0,0.01,28.75075593303566,0.2875075593303566
16032.0,456,6,1970.45,1,4,4,Distressed Equity,1,1.0,0.28482708015211466,0.28482708015211466
15506.0,23,6,2040.03,4,4,4,Tier 1 Alpha Asset,0,0.01,27.6299216524504,0.276299216524504
17609.0,41,11,1894.34,4,5,4,Tier 1 Alpha Asset,0,0.01,27.491972867505574,0.27491972867505576
17027.0,79,9,1327.11,3,5,4,High-Yield Volatile,0,0.01,27.173964158105566,0.2717396415810557
14544.0,24,3,2982.43,4,3,5,High-Yield Volatile,0,0.01,27.14149809302154,0.2714149809302154
14494.0,26,3,401.46,4,3,2,High-Yield Volatile,0,0.01,26.758098124767056,0.26758098124767055
17019.0,11,11,4012.2,5,5,5,Tier 1 Alpha Asset,0,0.01,26.527645486560168,0.2652764548656017
16071.0,45,4,1076.8,4,4,3,Tier 1 Alpha Asset,0,0.01,26.068740271328032,0.26068740271328034
14160.0,610,7,8421.47,1,4,5,Distressed Equity,1,0.99,0.25945676895267766,0.2568622012631509
16573.0,85,2,663.61,3,2,3,Dormant Capital,0,0.01,25.369959263752545,0.25369959263752545
14685.0,576,8,4619.79,1,4,5,Distressed Equity,1,1.0,0.24834487727640941,0.24834487727640941
17988.0,12,14,489.54,5,5,2,Tier 1 Alpha Asset,0,0.01,24.419629890639627,0.24419629890639627
12538.0,29,2,640.45,4,2,3,Dormant Capital,0,0.01,24.404574231661552,0.24404574231661552
13827.0,58,3,412.05,4,3,2,High-Yield Volatile,0,0.01,24.115234131221435,0.24115234131221436
14871.0,3,9,1258.97,5,5,4,Tier 1 Alpha Asset,0,0.01,24.05453455149144,0.2405453455149144
13959.0,79,6,1076.18,3,4,3,High-Yield Volatile,0,0.01,23.28445197455139,0.23284451974551393
17403.0,36,2,400.57,4,3,2,High-Yield Volatile,0,0.02,11.308640507428452,0.22617281014856905
15959.0,682,3,579.49,1,3,2,Distressed Equity,1,1.0,0.22112360382850507,0.22112360382850507
13904.0,37,2,332.64,4,2,2,Dormant Capital,0,0.01,21.747144111397947,0.21747144111397948
13554.0,380,7,1638.28,2,4,4,Distressed Equity,1,1.0,0.20203697690031486,0.20203697690031486
16065.0,365,8,2382.62,2,5,4,Distressed Equity,1,0.98,0.20358615380949135,0.19951443073330152
16715.0,78,2,625.52,3,2,3,Dormant Capital,0,0.01,19.638584344975936,0.19638584344975937
16414.0,22,5,559.71,4,4,2,Tier 1 Alpha Asset,0,0.01,19.25696158985421,0.1925696158985421
13606.0,29,3,280.54,4,3,1,High-Yield Volatile,0,0.01,18.340964456949713,0.18340964456949713
14648.0,416,15,4546.86,1,5,5,Distressed Equity,1,1.0,0.17544995561501722,0.17544995561501722
16960.0,39,8,2043.43,4,5,4,Tier 1 Alpha Asset,0,0.01,17.230270779486403,0.17230270779486404
15901.0,17,7,703.22,5,4,3,Tier 1 Alpha Asset,0,0.01,16.967550318171742,0.16967550318171742
15216.0,88,2,486.09,3,2,2,Dormant Capital,0,0.01,16.539739396054173,0.16539739396054173
16454.0,45,4,30.950000000000003,4,4,1,Tier 1 Alpha Asset,0,0.01,15.472150029244126,0.15472150029244128
12932.0,539,8,1698.56,1,4,4,Distressed Equity,1,1.0,0.151823812078609,0.151823812078609
17945.0,697,3,360.35,1,3,2,Distressed Equity,1,1.0,0.1506890017476562,0.1506890017476562
14583.0,6,8,1781.03,5,4,4,Tier 1 Alpha Asset,0,0.01,14.882083242344219,0.14882083242344218
18051.0,634,7,2282.28,1,4,4,Distressed Equity,1,1.0,0.14619244496718703,0.14619244496718703
15756.0,61,4,532.96,3,3,2,High-Yield Volatile,0,0.01,14.45448203930474,0.1445448203930474
17767.0,15,2,413.05,5,3,2,High-Yield Volatile,0,0.01,14.323733296114273,0.14323733296114274
17785.0,53,3,403.38,4,3,2,High-Yield Volatile,0,0.01,12.721889758609452,0.12721889758609453
13607.0,40,2,1078.31,4,2,3,Dormant Capital,0,0.01,12.586545869623018,0.12586545869623017
17771.0,57,4,387.41,4,4,2,Tier 1 Alpha Asset,0,0.01,12.117640036112318,0.12117640036112319
14953.0,25,4,1013.77,4,3,3,High-Yield Volatile,0,0.01,11.899272680721266,0.11899272680721266
14799.0,51,2,338.15000000000003,4,2,2,Dormant Capital,0,0.01,10.875576629838488,0.10875576629838488
17266.0,2,5,517.73,5,4,2,Tier 1 Alpha Asset,0,0.01,10.638558231596082,0.10638558231596083
15863.0,26,5,358.7,4,4,2,Tier 1 Alpha Asset,0,0.01,10.396646347027527,0.10396646347027527
13544.0,40,6,829.0,4,4,3,Tier 1 Alpha Asset,0,0.01,10.170234420288216,0.10170234420288216
17608.0,33,4,498.53,4,4,2,Tier 1 Alpha Asset,0,0.01,7.132116341733422,0.07132116341733422
15006.0,51,2,825.14,4,2,3,Dormant Capital,0,0.01,6.786233040118825,0.06786233040118825
17816.0,37,6,112.32,4,4,1,Tier 1 Alpha Asset,0,0.01,6.3784044324233,0.063784044324233
15013.0,488,10,1641.3,1,5,4,Distressed Equity,1,1.0,0.061713927892614644,0.061713927892614644
15633.0,509,13,4352.46,1,5,5,Distressed Equity,1,1.0,0.03582887034512991,0.03582887034512991
13440.0,423,7,1295.25,1,4,4,Distressed Equity,1,1.0,0.032566723437597145,0.032566723437597145
13413.0,640,6,429.44,1,4,2,Distressed Equity,1,1.0,0.019798460139336477,0.019798460139336477
15015.0,501,13,2365.02,1,5,4,Distressed Equity,1,0.98,0.014522341369759505,0.014231894542364315
15911.0,624,8,1702.34,1,4,4,Distressed Equity,1,1.0,0.01031544534861252,0.01031544534861252
14590.0,425,20,3006.62,1,5,5,Distressed Equity,1,1.0,0.0070140448672213656,0.0070140448672213656
16754.0,372,29,67502.47,2,5,5,Distressed Equity,1,1.0,0.0005915615679917842,0.0005915615679917842
15359.0,663,8,181.35,1,4,1,Distressed Equity,1,0.99,0.000143218412697667,0.00014178622857069032
13093.0,276,55,54943.65,2,5,5,Distressed Equity,1,1.0,5.039332725390332e-05,5.039332725390332e-05
12835.0,428,41,6043.31,1,5,5,Distressed Equity,1,0.98,1.1346007180259352e-09,1.1119087036654165e-09
12482.0,576,29,23691.4,1,5,5,Distressed Equity,1,1.0,2.194657953792594e-16,2.194657953792594e-16
17448.0,497,46,14556.97,1,5,5,Distressed Equity,1,0.96,1.371534944710955e-20,1.3166735469225167e-20
17850.0,372,155,56600.08,2,5,5,Distressed Equity,1,0.99,1.0259163435136733e-37,1.0156571800785366e-37
14124.0,84,1,419.58,3,1,2,Dormant Capital,0,0.0,0.0,0.0
14123.0,733,1,436.18,1,1,2,Dormant Capital,1,1.0,0.0,0.0
14121.0,4,4,2780.15,5,3,4,High-Yield Volatile,0,0.0,190.91722481166957,0.0
14146.0,9,12,9450.3,5,5,5,Tier 1 Alpha Asset,0,0.0,108.4868435072529,0.0
14145.0,47,7,7600.05,4,4,5,Tier 1 Alpha Asset,0,0.0,993.9716210025978,0.0
13918.0,50,2,1212.84,4,2,3,Dormant Capital,0,0.0,66.48991636263705,0.0
13917.0,50,2,272.04,4,2,1,Dormant Capital,0,0.0,34.475514979455276,0.0
13915.0,394,1,70.80000000000001,2,1,1,Dormant Capital,1,1.0,0.0,0.0
13914.0,12,2,626.45,5,2,3,Dormant Capital,0,0.0,116.80647101976297,0.0
13913.0,507,1,42.22,1,1,1,Dormant Capital,1,1.0,0.0,0.0
13912.0,424,1,124.95,1,1,1,Dormant Capital,1,1.0,0.0,0.0
13911.0,57,20,4234.99,4,5,5,Tier 1 Alpha Asset,0,0.0,165.23691674068877,0.0
13908.0,80,4,2369.55,3,3,4,High-Yield Volatile,0,0.0,69.52706372619595,0.0
13907.0,692,1,136.8,1,1,1,Dormant Capital,1,1.0,0.0,0.0
13906.0,409,1,42.0,2,1,1,Dormant Capital,1,1.0,0.0,0.0
13905.0,733,1,312.65,1,1,2,Dormant Capital,1,1.0,0.0,0.0
13903.0,400,1,165.45000000000002,2,1,1,Dormant Capital,1,1.0,0.0,0.0
14144.0,486,1,30.6,1,1,1,Dormant Capital,1,1.0,0.0,0.0
14165.0,276,1,122.54,2,1,1,Dormant Capital,1,1.0,0.0,0.0
14164.0,71,2,1631.77,3,2,4,Dormant Capital,0,0.0,172.80028674244033,0.0
14163.0,87,5,2594.62,3,4,4,High-Yield Volatile,0,0.0,130.176186590786,0.0
14159.0,20,20,7938.01,4,5,5,Tier 1 Alpha Asset,0,0.0,36.468170287963055,0.0
14158.0,40,1,507.66,4,1,2,Dormant Capital,0,0.0,0.0,0.0
14157.0,20,5,1002.78,4,4,3,Tier 1 Alpha Asset,0,0.0,26.03750213171929,0.0
14156.0,10,156,313946.37,5,5,5,Tier 1 Alpha Asset,0,0.0,5097.596685301343,0.0
14155.0,266,1,118.75,2,1,1,Dormant Capital,1,1.0,0.0,0.0
14153.0,483,1,233.4,1,1,1,Dormant Capital,1,1.0,0.0,0.0
14152.0,75,7,1997.34,3,4,4,High-Yield Volatile,0,0.0,47.12184601515939,0.0
14150.0,36,2,658.64,4,2,3,Dormant Capital,0,0.0,32.82991166274947,0.0
14149.0,221,1,446.62,2,1,2,Dormant Capital,1,1.0,0.0,0.0
14147.0,78,9,2590.2,3,5,4,High-Yield Volatile,0,0.0,352.0326005044611,0.0
14189.0,2,16,5814.39,5,5,5,Tier 1 Alpha Asset,0,0.0,218.6326328134465,0.0
14188.0,31,6,2054.36,4,4,4,Tier 1 Alpha Asset,0,0.0,161.99501410831812,0.0
14187.0,474,1,123.5,1,1,1,Dormant Capital,1,1.0,0.0,0.0
14185.0,331,1,197.65,2,1,1,Dormant Capital,1,1.0,0.0,0.0
14184.0,67,1,452.89,3,1,2,Dormant Capital,0,0.0,0.0,0.0
14180.0,11,33,6319.25,5,5,5,Tier 1 Alpha Asset,0,0.0,382.0682753194147,0.0
14179.0,41,2,719.78,4,2,3,Dormant Capital,0,0.0,31.068794494195306,0.0
14178.0,9,7,1620.93,5,4,4,Tier 1 Alpha Asset,0,0.0,50.61813345074778,0.0
14177.0,86,13,2229.34,3,5,4,High-Yield Volatile,0,0.0,63.32252367560359,0.0
14174.0,33,1,134.46,4,1,1,Dormant Capital,0,0.0,0.0,0.0
14173.0,11,6,586.0,5,4,2,Tier 1 Alpha Asset,0,0.0,43.34092972617936,0.0
14194.0,5,36,18670.59,5,5,5,Tier 1 Alpha Asset,0,0.0,310.555893817766,0.0
14193.0,68,3,1210.19,3,3,3,High-Yield Volatile,0,0.0,37.137946949391555,0.0
13901.0,72,15,5676.34,3,5,5,High-Yield Volatile,0,0.0,117.4251681488981,0.0
13899.0,16,2,388.52,5,2,2,Dormant Capital,0,0.0,34.395188282722785,0.0
13897.0,50,3,1160.72,4,3,3,High-Yield Volatile,0,0.0,24.137805574382963,0.0
13896.0,626,1,388.55,1,1,2,Dormant Capital,1,1.0,0.0,0.0
13895.0,28,6,4008.52,4,4,5,Tier 1 Alpha Asset,0,0.0,51.847364255548214,0.0
13894.0,24,3,564.62,4,3,2,High-Yield Volatile,0,0.0,51.092882923884574,0.0
13893.0,298,1,821.1,2,1,3,Dormant Capital,1,1.0,0.0,0.0
13892.0,27,6,1267.65,4,4,4,Tier 1 Alpha Asset,0,0.0,104.83743463707899,0.0
13890.0,1,14,2927.38,5,5,4,Tier 1 Alpha Asset,0,0.0,99.10479601987656,0.0
13887.0,204,1,349.55,2,1,2,Dormant Capital,1,1.0,0.0,0.0
13886.0,71,1,243.56,3,1,1,Dormant Capital,0,0.0,0.0,0.0
14192.0,388,1,293.74,2,1,2,Dormant Capital,1,1.0,0.0,0.0
14191.0,2,15,4817.66,5,5,5,Tier 1 Alpha Asset,0,0.0,114.69211898135129,0.0
14190.0,666,1,79.9,1,1,1,Dormant Capital,1,1.0,0.0,0.0
14216.0,3,5,2150.04,5,4,4,Tier 1 Alpha Asset,0,0.0,92.62609154839521,0.0
14215.0,12,9,3416.33,5,5,5,Tier 1 Alpha Asset,0,0.0,66.16014425718531,0.0
14214.0,31,5,1004.38,4,4,3,Tier 1 Alpha Asset,0,0.0,71.01468212591222,0.0
14213.0,405,1,1192.2,2,1,3,Dormant Capital,1,0.99,0.0,0.0
14211.0,53,18,4402.29,4,5,5,Tier 1 Alpha Asset,0,0.0,137.65040419552986,0.0
14209.0,11,15,4993.27,5,5,5,Tier 1 Alpha Asset,0,0.0,143.63704521037948,0.0
14207.0,688,1,157.8,1,1,1,Dormant Capital,1,1.0,0.0,0.0
14204.0,2,4,1062.96,5,3,3,High-Yield Volatile,0,0.0,8.41772423834074,0.0
14203.0,397,1,339.34,2,1,2,Dormant Capital,1,1.0,0.0,0.0
14201.0,60,10,1193.54,3,5,3,High-Yield Volatile,0,0.0,108.50332831877043,0.0
14200.0,617,1,379.2,1,1,2,Dormant Capital,1,1.0,0.0,0.0
14198.0,18,9,1569.73,5,5,4,Tier 1 Alpha Asset,0,0.0,66.48820340814022,0.0
14197.0,411,1,390.05,1,1,2,Dormant Capital,1,1.0,0.0,0.0
14196.0,107,1,335.52,3,1,2,Dormant Capital,1,1.0,0.0,0.0
13883.0,11,15,6560.02,5,5,5,Tier 1 Alpha Asset,0,0.0,130.3229362033471,0.0
13882.0,3,5,1191.13,5,4,3,Tier 1 Alpha Asset,0,0.0,245.17678783548018,0.0
13881.0,4,43,45179.1,5,5,5,Tier 1 Alpha Asset,0,0.0,2021.3840747586607,0.0
13880.0,21,17,4391.66,4,5,5,Tier 1 Alpha Asset,0,0.0,173.9106787136955,0.0
13879.0,646,1,395.5,1,1,2,Dormant Capital,1,1.0,0.0,0.0
13878.0,55,4,2473.06,4,3,4,High-Yield Volatile,0,0.0,42.8001064147349,0.0
13877.0,86,3,449.68,3,3,2,High-Yield Volatile,0,0.0,23.426396668543703,0.0
13876.0,64,1,122.7,3,1,1,Dormant Capital,0,0.0,0.0,0.0
13875.0,54,14,4814.37,4,5,5,Tier 1 Alpha Asset,0,0.0,104.77540859327883,0.0
13871.0,23,17,7885.85,4,5,5,Tier 1 Alpha Asset,0,0.0,141.94414818651006,0.0
13870.0,2,15,5712.08,5,5,5,Tier 1 Alpha Asset,0,0.0,161.1893301988406,0.0
14222.0,177,1,683.17,3,1,3,Dormant Capital,1,1.0,0.0,0.0
14221.0,42,17,6517.49,4,5,5,Tier 1 Alpha Asset,0,0.0,156.82926317557786,0.0
14219.0,4,3,633.83,5,3,3,High-Yield Volatile,0,0.0,24.913161132101646,0.0
14218.0,43,1,169.48000000000002,4,1,1,Dormant Capital,0,0.0,0.0,0.0
14217.0,2,23,3416.89,5,5,5,Tier 1 Alpha Asset,0,0.0,247.54354350494347,0.0
13864.0,387,1,662.4000000000001,2,1,3,Dormant Capital,1,1.0,0.0,0.0
13862.0,18,9,2556.09,5,5,4,Tier 1 Alpha Asset,0,0.0,105.17382898260107,0.0
13860.0,1,5,1245.9,5,4,3,Tier 1 Alpha Asset,0,0.0,184.1557353983725,0.0
13858.0,57,1,216.17,4,1,1,Dormant Capital,0,0.0,0.0,0.0
13854.0,9,39,12253.96,5,5,5,Tier 1 Alpha Asset,0,0.0,1161.0094937371625,0.0
14240.0,30,3,1247.49,4,3,3,High-Yield Volatile,0,0.0,38.17819915329437,0.0
14239.0,43,21,4263.17,4,5,5,Tier 1 Alpha Asset,0,0.0,177.52453064560362,0.0
14236.0,81,5,1744.64,3,4,4,High-Yield Volatile,0,0.0,94.74419976153696,0.0
14235.0,75,9,4717.99,3,5,5,High-Yield Volatile,0,0.0,135.1190530996324,0.0
14234.0,22,4,775.46,4,3,3,High-Yield Volatile,0,0.0,61.26487678834867,0.0
14233.0,49,7,2904.27,4,4,4,Tier 1 Alpha Asset,0,0.0,125.40702047556003,0.0
14232.0,43,5,2048.07,4,4,4,Tier 1 Alpha Asset,0,0.0,86.48564321649604,0.0
14229.0,52,7,2594.04,4,4,4,Tier 1 Alpha Asset,0,0.0,150.07498920554437,0.0
14227.0,26,15,6368.71,4,5,5,Tier 1 Alpha Asset,0,0.0,114.96320966115908,0.0
13884.0,7,10,1888.48,5,5,4,Tier 1 Alpha Asset,0,0.0,62.67961288235089,0.0
14262.0,8,8,2618.23,5,4,4,Tier 1 Alpha Asset,0,0.0,159.68354247541677,0.0
14261.0,51,2,1163.45,4,2,3,Dormant Capital,0,0.0,83.07119505363943,0.0
14259.0,142,1,120.0,3,1,1,Dormant Capital,1,1.0,0.0,0.0
14258.0,9,25,32051.34,5,5,5,Tier 1 Alpha Asset,0,0.0,1114.8095307852798,0.0
14257.0,64,9,5954.45,3,5,5,High-Yield Volatile,0,0.0,101.61247177330299,0.0
14255.0,546,1,1000.63,1,1,3,Dormant Capital,1,1.0,0.0,0.0
14254.0,433,1,601.03,1,1,2,Dormant Capital,1,1.0,0.0,0.0
14252.0,381,1,350.99,2,1,2,Dormant Capital,1,1.0,0.0,0.0
14251.0,2,5,2879.7000000000003,5,4,4,Tier 1 Alpha Asset,0,0.0,509.7463628410277,0.0
14250.0,7,3,1904.05,5,3,4,High-Yield Volatile,0,0.0,108.574087646457,0.0
14244.0,661,1,366.42,1,1,2,Dormant Capital,1,1.0,0.0,0.0
14243.0,9,17,7431.05,5,5,5,Tier 1 Alpha Asset,0,0.0,211.35226303815224,0.0
13867.0,31,3,1015.29,4,3,3,High-Yield Volatile,0,0.0,54.954997959312436,0.0
13866.0,74,1,145.67,3,1,1,Dormant Capital,0,0.0,0.0,0.0
13865.0,58,4,501.56,4,3,2,High-Yield Volatile,0,0.0,59.17944050594177,0.0
14285.0,21,8,3284.42,4,4,5,Tier 1 Alpha Asset,0,0.0,174.2315501915775,0.0
14284.0,31,3,1299.65,4,3,4,High-Yield Volatile,0,0.0,24.66327829074181,0.0
14282.0,3,25,7849.66,5,5,5,Tier 1 Alpha Asset,0,0.0,356.51674788175256,0.0
14281.0,408,1,245.15,2,1,1,Dormant Capital,1,1.0,0.0,0.0
14280.0,197,1,134.04,2,1,1,Dormant Capital,1,1.0,0.0,0.0
14278.0,410,1,205.83,2,1,1,Dormant Capital,1,1.0,0.0,0.0
14277.0,15,9,17225.81,5,5,5,Tier 1 Alpha Asset,0,0.0,166.5913865423774,0.0
14274.0,686,1,256.6,1,1,1,Dormant Capital,1,1.0,0.0,0.0
14273.0,51,4,559.97,4,3,2,High-Yield Volatile,0,0.0,78.66487795483074,0.0
14272.0,74,4,920.81,3,3,3,High-Yield Volatile,0,0.0,28.181016063860696,0.0
14270.0,332,1,492.65,2,1,2,Dormant Capital,1,1.0,0.0,0.0
14269.0,439,1,295.73,1,1,2,Dormant Capital,1,1.0,0.0,0.0
14268.0,471,1,354.85,1,1,2,Dormant Capital,1,1.0,0.0,0.0
14266.0,428,1,40.56,1,1,1,Dormant Capital,1,1.0,0.0,0.0
14263.0,423,1,322.93,1,1,2,Dormant Capital,1,1.0,0.0,0.0
13853.0,57,1,1090.14,4,1,3,Dormant Capital,0,0.0,0.0,0.0
13852.0,611,1,187.35,1,1,1,Dormant Capital,1,1.0,0.0,0.0
13850.0,129,1,1595.48,3,1,4,Dormant Capital,1,1.0,0.0,0.0
13849.0,52,5,3469.3,4,4,5,Tier 1 Alpha Asset,0,0.0,36.64210774854692,0.0
13847.0,720,1,310.72,1,1,2,Dormant Capital,1,1.0,0.0,0.0
13846.0,25,4,1307.79,4,3,4,High-Yield Volatile,0,0.0,44.23540582114353,0.0
13845.0,65,1,312.98,3,1,2,Dormant Capital,0,0.0,0.0,0.0
13844.0,11,1,361.62,5,1,2,Dormant Capital,0,0.0,0.0,0.0
13843.0,381,1,319.75,2,1,2,Dormant Capital,1,1.0,0.0,0.0
13842.0,59,18,5629.91,4,5,5,Tier 1 Alpha Asset,0,0.0,130.29327830219165,0.0
13841.0,253,1,85.0,2,1,1,Dormant Capital,1,1.0,0.0,0.0
13840.0,416,1,651.4,1,1,3,Dormant Capital,1,1.0,0.0,0.0
13839.0,486,1,139.95000000000002,1,1,1,Dormant Capital,1,1.0,0.0,0.0
13838.0,6,10,1966.09,5,5,4,Tier 1 Alpha Asset,0,0.0,22.79182268631024,0.0
14288.0,213,1,426.6,2,1,2,Dormant Capital,1,1.0,0.0,0.0
14310.0,433,1,492.1,1,1,2,Dormant Capital,1,1.0,0.0,0.0
14309.0,8,11,3780.81,5,5,5,Tier 1 Alpha Asset,0,0.0,118.48386822607318,0.0
14307.0,89,10,5071.03,3,5,5,High-Yield Volatile,0,0.0,66.91475340511965,0.0
14306.0,51,6,3151.4,4,4,5,Tier 1 Alpha Asset,0,0.0,173.79042836778598,0.0
14305.0,71,3,1858.96,3,3,4,High-Yield Volatile,0,0.0,77.41316776662502,0.0
14300.0,19,1,43.2,5,1,1,Dormant Capital,0,0.0,0.0,0.0
14299.0,8,27,14499.49,5,5,5,Tier 1 Alpha Asset,0,0.0,480.93835148487244,0.0
14298.0,8,82,91194.49,5,5,5,Tier 1 Alpha Asset,0,0.0,1115.7913684253183,0.0
14297.0,18,4,1305.33,5,3,4,High-Yield Volatile,0,0.0,78.31644244064154,0.0
14295.0,40,5,2362.91,4,4,4,Tier 1 Alpha Asset,0,0.0,64.43409518518264,0.0
14294.0,407,1,375.34,2,1,2,Dormant Capital,1,1.0,0.0,0.0
14293.0,3,9,3267.9300000000003,5,5,5,Tier 1 Alpha Asset,0,0.0,90.43323353295062,0.0
14292.0,8,16,9226.25,5,5,5,Tier 1 Alpha Asset,0,0.0,365.09709649635977,0.0
14291.0,2,23,7904.1,5,5,5,Tier 1 Alpha Asset,0,0.0,155.65213229717693,0.0
14290.0,11,8,4516.56,5,4,5,Tier 1 Alpha Asset,0,0.0,97.42840657580342,0.0
14289.0,9,6,911.26,5,4,3,Tier 1 Alpha Asset,0,0.0,107.1673616200596,0.0
13831.0,16,18,7023.58,5,5,5,Tier 1 Alpha Asset,0,0.0,283.36603224681465,0.0
13830.0,582,1,156.85000000000002,1,1,1,Dormant Capital,1,1.0,0.0,0.0
13829.0,421,1,102.0,1,1,1,Dormant Capital,1,1.0,0.0,0.0
13828.0,22,1,209.49,4,1,1,Dormant Capital,0,0.0,0.0,0.0
13826.0,176,1,189.5,3,1,1,Dormant Capital,1,1.0,0.0,0.0
13824.0,33,12,3314.76,4,5,5,Tier 1 Alpha Asset,0,0.0,186.33753864808384,0.0
13823.0,19,7,3403.4500000000003,5,4,5,Tier 1 Alpha Asset,0,0.0,60.10678329907377,0.0
13822.0,6,2,632.0,5,2,3,Dormant Capital,0,0.0,50.09832968055002,0.0
14321.0,11,7,2218.06,5,4,4,Tier 1 Alpha Asset,0,0.0,53.504159967089066,0.0
14319.0,424,1,494.85,1,1,2,Dormant Capital,1,1.0,0.0,0.0
14318.0,460,1,158.02,1,1,1,Dormant Capital,1,1.0,0.0,0.0
14317.0,65,1,508.58,3,1,2,Dormant Capital,0,0.0,0.0,0.0
14315.0,45,8,3197.82,4,4,5,Tier 1 Alpha Asset,0,0.0,89.13844965700316,0.0
14347.0,737,1,82.60000000000001,1,1,1,Dormant Capital,1,1.0,0.0,0.0
14345.0,39,1,108.98,4,1,1,Dormant Capital,0,0.0,0.0,0.0
14342.0,21,6,918.44,4,4,3,Tier 1 Alpha Asset,0,0.0,99.67366316706196,0.0
14341.0,45,18,4467.32,4,5,5,Tier 1 Alpha Asset,0,0.0,125.19730613092894,0.0
14340.0,219,1,134.7,2,1,1,Dormant Capital,1,1.0,0.0,0.0
14336.0,17,4,1614.91,5,3,4,High-Yield Volatile,0,0.0,67.13466043280434,0.0
14335.0,16,2,468.26,5,2,2,Dormant Capital,0,0.0,33.61271505651254,0.0
14334.0,17,12,4318.4800000000005,5,5,5,Tier 1 Alpha Asset,0,0.0,105.46027715823752,0.0
14333.0,68,1,415.2,3,1,2,Dormant Capital,0,0.0,0.0,0.0
14332.0,23,5,1943.51,4,4,4,Tier 1 Alpha Asset,0,0.0,101.23723677605177,0.0
14330.0,624,1,200.63,1,1,1,Dormant Capital,1,1.0,0.0,0.0
14329.0,17,15,9927.22,5,5,5,Tier 1 Alpha Asset,0,0.0,113.96591552346605,0.0
14328.0,438,1,445.05,1,1,2,Dormant Capital,1,1.0,0.0,0.0
14325.0,570,1,245.48,1,1,1,Dormant Capital,1,1.0,0.0,0.0
13835.0,25,7,1095.27,4,4,3,Tier 1 Alpha Asset,0,0.0,49.71560479119445,0.0
13832.0,19,2,613.6899999999999,5,2,2,Dormant Capital,0,0.0,14.130747418016586,0.0
14359.0,19,3,912.18,5,3,3,High-Yield Volatile,0,0.0,104.61721770141772,0.0
14357.0,43,1,225.77,4,1,1,Dormant Capital,0,0.0,0.0,0.0
14356.0,80,2,701.23,3,2,3,Dormant Capital,0,0.0,65.8713023127657,0.0
13818.0,430,1,61.28,1,1,1,Dormant Capital,1,1.0,0.0,0.0
13817.0,29,2,382.98,4,2,2,Dormant Capital,0,0.0,22.54610820149123,0.0
13816.0,24,2,571.6700000000001,4,2,2,Dormant Capital,0,0.0,92.77166215976885,0.0
13815.0,22,8,7475.74,4,4,5,Tier 1 Alpha Asset,0,0.0,75.01629490368886,0.0
13813.0,40,8,2765.4700000000003,4,4,4,Tier 1 Alpha Asset,0,0.0,63.1372844141814,0.0
13812.0,42,3,539.0,4,3,2,High-Yield Volatile,0,0.0,82.6826045154668,0.0
13810.0,29,3,1499.01,4,3,4,High-Yield Volatile,0,0.0,321.14867095207666,0.0
13808.0,6,5,1747.66,5,4,4,Tier 1 Alpha Asset,0,0.0,237.16360136374473,0.0
13806.0,64,1,256.38,3,1,1,Dormant Capital,0,0.0,0.0,0.0
14354.0,6,2,163.62,5,2,1,Dormant Capital,0,0.0,122.38445618037926,0.0
14351.0,165,1,51.0,3,1,1,Dormant Capital,1,1.0,0.0,0.0
14349.0,10,1,133.5,5,1,1,Dormant Capital,0,0.0,0.0,0.0
14348.0,260,1,409.57,2,1,2,Dormant Capital,1,1.0,0.0,0.0
14382.0,26,2,1246.8,4,2,3,Dormant Capital,0,0.0,7.946903231345876,0.0
14381.0,52,2,631.34,4,2,3,Dormant Capital,0,0.0,8.269166176990765,0.0
14380.0,682,1,48.96,1,1,1,Dormant Capital,1,0.99,0.0,0.0
14378.0,622,1,131.25,1,1,1,Dormant Capital,1,1.0,0.0,0.0
14376.0,683,1,215.46,1,1,1,Dormant Capital,1,1.0,0.0,0.0
14374.0,541,1,108.0,1,1,1,Dormant Capital,1,1.0,0.0,0.0
14373.0,358,1,76.55,2,1,1,Dormant Capital,1,1.0,0.0,0.0
14371.0,295,1,100.5,2,1,1,Dormant Capital,1,1.0,0.0,0.0
14368.0,320,1,155.0,2,1,1,Dormant Capital,1,1.0,0.0,0.0
14367.0,8,16,9261.52,5,5,5,Tier 1 Alpha Asset,0,0.0,281.3268722689871,0.0
14366.0,525,1,136.0,1,1,1,Dormant Capital,1,1.0,0.0,0.0
14362.0,22,1,161.2,4,1,1,Dormant Capital,0,0.0,0.0,0.0
14361.0,579,1,214.71,1,1,1,Dormant Capital,1,1.0,0.0,0.0
14360.0,32,4,2128.23,4,3,4,High-Yield Volatile,0,0.0,144.9135655679095,0.0
14389.0,65,5,1898.01,3,4,4,High-Yield Volatile,0,0.0,52.54343196711907,0.0
14388.0,10,16,6701.0,5,5,5,Tier 1 Alpha Asset,0,0.0,114.97515052367251,0.0
13805.0,52,2,924.6,4,2,3,Dormant Capital,0,0.0,182.91063966376865,0.0
13804.0,31,9,3208.52,4,5,5,Tier 1 Alpha Asset,0,0.0,112.0583921776194,0.0
13801.0,67,1,324.8,3,1,2,Dormant Capital,0,0.0,0.0,0.0
13798.0,1,110,75836.87,5,5,5,Tier 1 Alpha Asset,0,0.0,4926.688811465441,0.0
13796.0,499,1,289.7,1,1,1,Dormant Capital,1,1.0,0.0,0.0
13794.0,547,1,126.03,1,1,1,Dormant Capital,1,1.0,0.0,0.0
13793.0,647,1,96.0,1,1,1,Dormant Capital,1,1.0,0.0,0.0
13792.0,66,3,383.95,3,3,2,High-Yield Volatile,0,0.0,31.4038242597381,0.0
13790.0,4,1,348.79999999999995,5,1,2,Dormant Capital,0,0.0,0.0,0.0
14386.0,297,1,142.4,2,1,1,Dormant Capital,1,1.0,0.0,0.0
14384.0,501,1,58.5,1,1,1,Dormant Capital,1,1.0,0.0,0.0
14383.0,38,3,1247.69,4,3,3,High-Yield Volatile,0,0.0,84.49560716664358,0.0
14411.0,311,1,1063.0,2,1,3,Dormant Capital,1,1.0,0.0,0.0
14409.0,71,9,3756.09,3,5,5,High-Yield Volatile,0,0.0,162.40230506009252,0.0
14408.0,11,11,4109.77,5,5,5,Tier 1 Alpha Asset,0,0.0,144.3299985038198,0.0
14406.0,119,1,156.75,3,1,1,Dormant Capital,1,1.0,0.0,0.0
14405.0,387,1,195.0,2,1,1,Dormant Capital,1,1.0,0.0,0.0
14404.0,34,13,2899.11,4,5,4,Tier 1 Alpha Asset,0,0.0,75.91178667225202,0.0
14402.0,652,1,285.6,1,1,1,Dormant Capital,1,1.0,0.0,0.0
14401.0,4,22,6795.9,5,5,5,Tier 1 Alpha Asset,0,0.0,238.54377460104482,0.0
14397.0,3,19,2612.96,5,5,4,Tier 1 Alpha Asset,0,0.0,698.9977927521506,0.0
14396.0,65,7,2121.93,3,4,4,High-Yield Volatile,0,0.0,21.47891659043056,0.0
14395.0,2,20,8208.01,5,5,5,Tier 1 Alpha Asset,0,0.0,102.40671524438216,0.0
14394.0,565,1,93.8,1,1,1,Dormant Capital,1,1.0,0.0,0.0
14393.0,218,1,67.95,2,1,1,Dormant Capital,1,1.0,0.0,0.0
14392.0,432,1,266.4,1,1,1,Dormant Capital,1,1.0,0.0,0.0
14391.0,577,1,135.6,1,1,1,Dormant Capital,1,1.0,0.0,0.0
14390.0,10,13,6399.83,5,5,5,Tier 1 Alpha Asset,0,0.0,116.41289698538752,0.0
13789.0,388,1,239.46,2,1,1,Dormant Capital,1,1.0,0.0,0.0
13788.0,505,1,3.75,1,1,1,Dormant Capital,1,1.0,0.0,0.0
13787.0,76,6,1222.5,3,4,3,High-Yield Volatile,0,0.0,36.30902304686743,0.0
13784.0,10,14,2910.23,5,5,4,Tier 1 Alpha Asset,0,0.0,608.9899039047355,0.0
13782.0,13,13,1793.72,5,5,4,Tier 1 Alpha Asset,0,0.0,40.68687208033576,0.0
13780.0,7,3,735.82,5,3,3,High-Yield Volatile,0,0.0,16.195434145216456,0.0
13779.0,516,1,161.13,1,1,1,Dormant Capital,1,1.0,0.0,0.0
13777.0,1,61,56478.42,5,5,5,Tier 1 Alpha Asset,0,0.0,3711.5081130435537,0.0
13775.0,591,1,1049.66,1,1,3,Dormant Capital,1,1.0,0.0,0.0
13774.0,82,1,345.0,3,1,2,Dormant Capital,0,0.0,0.0,0.0
14418.0,4,3,1937.25,5,3,4,High-Yield Volatile,0,0.0,88.19162083857132,0.0
14417.0,388,1,604.2,2,1,2,Dormant Capital,1,1.0,0.0,0.0
14416.0,22,2,490.22,4,2,2,Dormant Capital,0,0.0,183.64682091318963,0.0
14415.0,1,23,12091.6,5,5,5,Tier 1 Alpha Asset,0,0.0,94.83429524420028,0.0
14412.0,43,3,1426.19,4,3,4,High-Yield Volatile,0,0.0,31.994514054757264,0.0
14443.0,54,5,2386.4700000000003,4,4,4,Tier 1 Alpha Asset,0,0.0,56.35389026959967,0.0
14441.0,1,11,4611.6900000000005,5,5,5,Tier 1 Alpha Asset,0,0.0,143.51995503418348,0.0
14440.0,8,13,6638.7300000000005,5,5,5,Tier 1 Alpha Asset,0,0.0,251.2806784755104,0.0
14438.0,306,1,131.9,2,1,1,Dormant Capital,1,1.0,0.0,0.0
14435.0,502,1,90.42,1,1,1,Dormant Capital,1,1.0,0.0,0.0
14434.0,22,6,1372.8,4,4,4,Tier 1 Alpha Asset,0,0.0,1643.2350112977222,0.0
14433.0,466,1,289.6,1,1,1,Dormant Capital,1,1.0,0.0,0.0
14432.0,10,6,2255.51,5,4,4,Tier 1 Alpha Asset,0,0.0,84.13311312427977,0.0
14429.0,404,1,516.28,2,1,2,Dormant Capital,1,1.0,0.0,0.0
14428.0,7,5,1244.83,5,4,3,Tier 1 Alpha Asset,0,0.0,37.57197619606485,0.0
14427.0,50,4,1263.52,4,3,4,High-Yield Volatile,0,0.0,50.6293417332227,0.0
14426.0,24,17,11727.94,4,5,5,Tier 1 Alpha Asset,0,0.0,155.25065401574045,0.0
14424.0,18,1,322.08,5,1,2,Dormant Capital,0,0.0,0.0,0.0
14422.0,1,19,10271.52,5,5,5,Tier 1 Alpha Asset,0,0.0,150.46488825976266,0.0
14421.0,57,6,2469.37,4,4,4,Tier 1 Alpha Asset,0,0.0,64.89231890579157,0.0
14419.0,11,7,1260.91,5,4,4,Tier 1 Alpha Asset,0,0.0,30.141272416584766,0.0
13767.0,2,73,35540.53,5,5,5,Tier 1 Alpha Asset,0,0.0,1375.3333014544276,0.0
13766.0,495,1,190.35,1,1,1,Dormant Capital,1,1.0,0.0,0.0
13765.0,653,1,352.821,1,1,2,Dormant Capital,1,1.0,0.0,0.0
13764.0,71,6,2953.26,3,4,4,High-Yield Volatile,0,0.0,22.346588489921785,0.0
13763.0,63,3,5217.44,3,3,5,High-Yield Volatile,0,0.0,177.4965313175226,0.0
13761.0,50,6,1952.17,4,4,4,Tier 1 Alpha Asset,0,0.0,43.01464756840449,0.0
13760.0,54,5,1363.64,4,4,4,Tier 1 Alpha Asset,0,0.0,28.43305263405153,0.0
13758.0,12,15,9416.98,5,5,5,Tier 1 Alpha Asset,0,0.0,188.70707789814776,0.0
14449.0,19,8,2482.8,5,4,4,Tier 1 Alpha Asset,0,0.0,25.68331210802877,0.0
14448.0,9,2,375.35,5,2,2,Dormant Capital,0,0.0,25.3072943278141,0.0
14447.0,19,6,1711.73,5,4,4,Tier 1 Alpha Asset,0,0.0,68.0562614863197,0.0
14446.0,1,5,1241.31,5,4,3,Tier 1 Alpha Asset,0,0.0,15.310806523622382,0.0
14445.0,456,1,221.65,1,1,1,Dormant Capital,1,1.0,0.0,0.0
14444.0,456,1,132.04,1,1,1,Dormant Capital,1,1.0,0.0,0.0
14473.0,74,2,234.34,3,2,1,Dormant Capital,0,0.0,50.42481667887227,0.0
14470.0,12,3,712.04,5,3,3,High-Yield Volatile,0,0.0,23.102486253235757,0.0
14468.0,734,1,204.24,1,1,1,Dormant Capital,1,1.0,0.0,0.0
14467.0,18,12,2220.99,5,5,4,Tier 1 Alpha Asset,0,0.0,36.61318616012023,0.0
14466.0,29,13,4646.9,4,5,5,Tier 1 Alpha Asset,0,0.0,117.05356042862476,0.0
14462.0,66,12,2270.01,3,5,4,High-Yield Volatile,0,0.0,63.047117856742695,0.0
14458.0,381,1,237.42,2,1,1,Dormant Capital,1,1.0,0.0,0.0
14457.0,311,1,113.64,2,1,1,Dormant Capital,1,1.0,0.0,0.0
14456.0,5,9,3062.4,5,5,5,Tier 1 Alpha Asset,0,0.0,51.76883215705977,0.0
14453.0,190,1,119.93,2,1,1,Dormant Capital,1,1.0,0.0,0.0
14452.0,11,4,665.59,5,3,3,High-Yield Volatile,0,0.0,12.481947734812541,0.0
14451.0,60,12,3308.77,3,5,5,High-Yield Volatile,0,0.0,34.05764448980491,0.0
13772.0,34,8,3114.2200000000003,4,4,5,Tier 1 Alpha Asset,0,0.0,20.8660308114387,0.0
13771.0,64,9,5728.82,3,5,5,High-Yield Volatile,0,0.0,107.73190678922498,0.0
13769.0,2,20,5800.42,5,5,5,Tier 1 Alpha Asset,0,0.0,173.0005131046517,0.0
14484.0,50,4,1070.98,4,3,3,High-Yield Volatile,0,0.0,31.990312456324787,0.0
13757.0,675,1,195.55,1,1,1,Dormant Capital,1,1.0,0.0,0.0
13756.0,2,23,9207.5,5,5,5,Tier 1 Alpha Asset,0,0.0,258.781459840699,0.0
13755.0,4,9,2161.35,5,5,4,Tier 1 Alpha Asset,0,0.0,164.51610732226035,0.0
13751.0,288,1,296.25,2,1,2,Dormant Capital,1,1.0,0.0,0.0
13750.0,54,11,3602.18,4,5,5,Tier 1 Alpha Asset,0,0.0,252.04287626573566,0.0
13746.0,414,1,176.69,1,1,1,Dormant Capital,1,1.0,0.0,0.0
13743.0,3,7,1341.6,5,4,4,Tier 1 Alpha Asset,0,0.0,231.5011040331386,0.0
13742.0,17,12,3131.02,5,5,5,Tier 1 Alpha Asset,0,0.0,103.27134848668567,0.0
13741.0,72,3,668.4300000000001,3,3,3,High-Yield Volatile,0,0.0,62.24134382225124,0.0
14482.0,18,12,4357.91,5,5,5,Tier 1 Alpha Asset,0,0.0,128.7837368272712,0.0
14480.0,11,4,1299.52,5,3,4,High-Yield Volatile,0,0.0,32.04178537413333,0.0
14477.0,20,7,1969.6,4,4,4,Tier 1 Alpha Asset,0,0.0,406.58999075875596,0.0
14476.0,257,1,215.7,2,1,1,Dormant Capital,1,1.0,0.0,0.0
14475.0,72,4,1151.15,3,3,3,High-Yield Volatile,0,0.0,62.19683665725748,0.0
14474.0,46,2,1278.08,4,2,4,Dormant Capital,0,0.0,9.757927119185513,0.0
13738.0,396,1,440.93,2,1,2,Dormant Capital,1,1.0,0.0,0.0
13737.0,200,1,339.6,2,1,2,Dormant Capital,1,1.0,0.0,0.0
13736.0,5,7,2766.21,5,4,4,Tier 1 Alpha Asset,0,0.0,15.283183929050253,0.0
13735.0,25,13,9813.22,4,5,5,Tier 1 Alpha Asset,0,0.0,81.89651401935416,0.0
13732.0,28,1,491.86,4,1,2,Dormant Capital,0,0.0,0.0,0.0
13728.0,37,16,2855.17,4,5,4,Tier 1 Alpha Asset,0,0.0,116.66288004374117,0.0
13727.0,29,8,1080.05,4,4,3,Tier 1 Alpha Asset,0,0.0,42.754251623932426,0.0
13726.0,39,2,1079.66,4,2,3,Dormant Capital,0,0.0,84.9331967017159,0.0
13725.0,50,8,1980.56,4,4,4,Tier 1 Alpha Asset,0,0.0,132.41530815610776,0.0
14498.0,43,10,3911.27,4,5,5,Tier 1 Alpha Asset,0,0.0,57.21585897759271,0.0
14493.0,7,10,5130.15,5,5,5,Tier 1 Alpha Asset,0,0.0,66.31315088628833,0.0
14488.0,68,1,1064.28,3,1,3,Dormant Capital,0,0.0,0.0,0.0
14487.0,27,7,1453.61,4,4,4,Tier 1 Alpha Asset,0,0.0,41.03914527171681,0.0
14485.0,39,1,165.75,4,1,1,Dormant Capital,0,0.0,0.0,0.0
14518.0,64,1,174.37,3,1,1,Dormant Capital,0,0.0,0.0,0.0
14517.0,33,2,330.45,4,2,2,Dormant Capital,0,0.0,51.27999353395156,0.0
14516.0,516,1,163.92,1,1,1,Dormant Capital,1,1.0,0.0,0.0
14515.0,18,12,3749.26,5,5,5,Tier 1 Alpha Asset,0,0.0,137.64571288697132,0.0
14514.0,61,9,4598.9800000000005,3,5,5,High-Yield Volatile,0,0.0,50.662599011682836,0.0
14511.0,11,5,1314.81,5,4,4,Tier 1 Alpha Asset,0,0.0,160.5299227436353,0.0
14509.0,534,1,110.95,1,1,1,Dormant Capital,1,1.0,0.0,0.0
14508.0,22,5,874.9399999999999,4,4,3,Tier 1 Alpha Asset,0,0.0,13.865429251257277,0.0
14506.0,17,7,3290.67,5,4,5,Tier 1 Alpha Asset,0,0.0,25.056004285765834,0.0
14505.0,17,19,12001.84,5,5,5,Tier 1 Alpha Asset,0,0.0,60.57438161766398,0.0
14504.0,47,4,673.26,4,3,3,High-Yield Volatile,0,0.0,25.54901988815976,0.0
14503.0,3,6,3543.26,5,4,5,Tier 1 Alpha Asset,0,0.0,175.8208936132799,0.0
14502.0,20,11,2470.67,4,5,4,Tier 1 Alpha Asset,0,0.0,40.92207729004641,0.0
14499.0,26,7,2138.9700000000003,4,4,4,Tier 1 Alpha Asset,0,0.0,30.060829803267172,0.0
13739.0,18,2,292.2,5,2,2,Dormant Capital,0,0.0,42.938870538702794,0.0
14535.0,60,9,6030.7300000000005,3,5,5,High-Yield Volatile,0,0.0,30.21771668215114,0.0
14534.0,3,26,6271.11,5,5,5,Tier 1 Alpha Asset,0,0.0,108.49528527542138,0.0
14533.0,25,11,3466.37,4,5,5,Tier 1 Alpha Asset,0,0.0,207.8145545751839,0.0
14531.0,480,1,376.34,1,1,2,Dormant Capital,1,1.0,0.0,0.0
14530.0,26,16,6197.4,4,5,5,Tier 1 Alpha Asset,0,0.0,90.99946149291601,0.0
14529.0,60,3,620.04,3,3,3,High-Yield Volatile,0,0.0,20.101062586395646,0.0
14528.0,37,1,364.22,4,1,2,Dormant Capital,0,0.0,0.0,0.0
14527.0,3,122,27792.3,5,5,5,Tier 1 Alpha Asset,0,0.0,531.962046633932,0.0
14526.0,389,1,262.4,2,1,1,Dormant Capital,1,1.0,0.0,0.0
14524.0,32,13,2933.71,4,5,4,Tier 1 Alpha Asset,0,0.0,81.49319827927667,0.0
14523.0,108,1,241.09,3,1,1,Dormant Capital,1,0.99,0.0,0.0
14522.0,24,8,1758.62,4,4,4,Tier 1 Alpha Asset,0,0.0,131.92860291201094,0.0
14521.0,491,1,199.45,1,1,1,Dormant Capital,1,1.0,0.0,0.0
14520.0,2,2,270.6,5,2,1,Dormant Capital,0,0.0,98.83012940651648,0.0
14554.0,10,4,2381.04,5,3,4,High-Yield Volatile,0,0.0,133.1009295283404,0.0
14553.0,19,9,1841.54,5,5,4,Tier 1 Alpha Asset,0,0.0,33.053907049579706,0.0
14551.0,18,7,880.04,5,4,3,Tier 1 Alpha Asset,0,0.0,34.22332779481235,0.0
14550.0,11,4,1353.31,5,3,4,High-Yield Volatile,0,0.0,32.411087410431534,0.0
14547.0,4,8,4007.54,5,4,5,Tier 1 Alpha Asset,0,0.0,267.17630546509173,0.0
14546.0,5,11,5197.9,5,5,5,Tier 1 Alpha Asset,0,0.0,30.799958609025254,0.0
14545.0,674,1,349.25,1,1,2,Dormant Capital,1,1.0,0.0,0.0
14543.0,29,39,14906.77,4,5,5,Tier 1 Alpha Asset,0,0.0,1118.1756325947679,0.0
14542.0,186,1,103.25,3,1,1,Dormant Capital,1,1.0,0.0,0.0
14541.0,59,14,2499.68,4,5,4,Tier 1 Alpha Asset,0,0.0,83.5754592308997,0.0
14540.0,10,11,3795.34,5,5,5,Tier 1 Alpha Asset,0,0.0,63.89948197362729,0.0
14539.0,16,2,537.48,5,2,2,Dormant Capital,0,0.0,94.68515726766437,0.0
14538.0,65,5,1370.84,3,4,4,High-Yield Volatile,0,0.0,55.270135443164996,0.0
14537.0,58,2,641.4,4,2,3,Dormant Capital,0,0.0,21.96352498777198,0.0
14536.0,260,1,171.8,2,1,1,Dormant Capital,1,1.0,0.0,0.0
14567.0,57,2,1530.36,4,2,4,Dormant Capital,0,0.0,120.5316416317316,0.0
13724.0,637,1,213.01,1,1,1,Dormant Capital,1,1.0,0.0,0.0
13721.0,36,2,741.54,4,2,3,Dormant Capital,0,0.0,22.17494737397486,0.0
13719.0,15,11,2815.25,5,5,4,Tier 1 Alpha Asset,0,0.0,65.06808003334874,0.0
13717.0,32,8,1763.3,4,4,4,Tier 1 Alpha Asset,0,0.0,68.12987680413211,0.0
13716.0,269,1,138.28,2,1,1,Dormant Capital,1,1.0,0.0,0.0
13714.0,465,1,161.35,1,1,1,Dormant Capital,1,1.0,0.0,0.0
13710.0,32,3,509.52,4,3,2,High-Yield Volatile,0,0.0,44.35656386831423,0.0
13709.0,4,18,7591.75,5,5,5,Tier 1 Alpha Asset,0,0.0,147.08530303909419,0.0
14562.0,4,26,6729.400000000001,5,5,5,Tier 1 Alpha Asset,0,0.0,131.93603864438543,0.0
14561.0,76,3,1080.76,3,3,3,High-Yield Volatile,0,0.0,56.487893752428135,0.0
14559.0,390,1,75.6,2,1,1,Dormant Capital,1,1.0,0.0,0.0
14557.0,85,1,788.38,3,1,3,Dormant Capital,0,0.0,0.0,0.0
14555.0,57,6,2315.63,4,4,4,Tier 1 Alpha Asset,0,0.0,47.59483281048485,0.0
14586.0,277,1,237.36,2,1,1,Dormant Capital,1,1.0,0.0,0.0
14582.0,41,1,114.11,4,1,1,Dormant Capital,0,0.0,0.0,0.0
14581.0,17,2,433.8,5,2,2,Dormant Capital,0,0.0,7.9938182657683665,0.0
14580.0,518,1,14.85,1,1,1,Dormant Capital,1,1.0,0.0,0.0
14579.0,432,1,105.56,1,1,1,Dormant Capital,1,1.0,0.0,0.0
14578.0,3,1,168.63,5,1,1,Dormant Capital,0,0.0,0.0,0.0
14577.0,13,7,1374.25,5,4,4,Tier 1 Alpha Asset,0,0.0,22.23783882503113,0.0
14576.0,372,1,70.80000000000001,2,1,1,Dormant Capital,1,1.0,0.0,0.0
14575.0,488,1,460.71,1,1,2,Dormant Capital,1,1.0,0.0,0.0
14574.0,733,1,143.70000000000002,1,1,1,Dormant Capital,1,1.0,0.0,0.0
14572.0,3,11,5615.18,5,5,5,Tier 1 Alpha Asset,0,0.0,57.53615299605308,0.0
14571.0,425,1,161.65,1,1,1,Dormant Capital,1,0.99,0.0,0.0
14569.0,1,4,598.98,5,3,2,High-Yield Volatile,0,0.0,32.464643020919375,0.0
14568.0,435,1,919.7,1,1,3,Dormant Capital,1,1.0,0.0,0.0
14604.0,633,1,143.86,1,1,1,Dormant Capital,1,1.0,0.0,0.0
14603.0,275,1,660.0,2,1,3,Dormant Capital,1,1.0,0.0,0.0
14602.0,656,1,205.36,1,1,1,Dormant Capital,1,1.0,0.0,0.0
14601.0,11,1,213.96,5,1,1,Dormant Capital,0,0.0,0.0,0.0
14598.0,44,2,384.04,4,2,2,Dormant Capital,0,0.0,5.776611556000644,0.0
14597.0,11,6,2201.54,5,4,4,Tier 1 Alpha Asset,0,0.0,82.66929514528914,0.0
14596.0,627,1,229.47,1,1,1,Dormant Capital,1,1.0,0.0,0.0
14595.0,20,8,2164.45,4,4,4,Tier 1 Alpha Asset,0,0.0,55.58320830568009,0.0
14594.0,7,2,634.83,5,2,3,Dormant Capital,0,0.0,12.175432495973453,0.0
14593.0,22,12,3712.01,4,5,5,Tier 1 Alpha Asset,0,0.0,30.89197597268172,0.0
14592.0,35,3,570.46,4,3,2,High-Yield Volatile,0,0.0,33.856422354586726,0.0
14591.0,15,4,1447.14,5,3,4,High-Yield Volatile,0,0.0,36.70576698676853,0.0
14589.0,372,1,79.5,2,1,1,Dormant Capital,1,1.0,0.0,0.0
14588.0,578,1,135.39,1,1,1,Dormant Capital,1,1.0,0.0,0.0
14587.0,19,9,1601.14,5,5,4,Tier 1 Alpha Asset,0,0.0,33.838795331321265,0.0
14613.0,680,1,76.32000000000001,1,1,1,Dormant Capital,1,1.0,0.0,0.0
14612.0,415,1,877.7,1,1,3,Dormant Capital,1,1.0,0.0,0.0
13708.0,271,1,296.88,2,1,2,Dormant Capital,1,1.0,0.0,0.0
13705.0,8,7,2035.33,5,4,4,Tier 1 Alpha Asset,0,0.0,79.79968572868621,0.0
13704.0,5,9,2308.06,5,5,4,Tier 1 Alpha Asset,0,0.0,354.0975913760703,0.0
13702.0,446,1,135.18,1,1,1,Dormant Capital,1,1.0,0.0,0.0
13701.0,447,1,161.0,1,1,1,Dormant Capital,1,1.0,0.0,0.0
13700.0,26,13,2613.46,4,5,4,Tier 1 Alpha Asset,0,0.0,63.733614123470765,0.0
13697.0,39,1,151.3,4,1,1,Dormant Capital,0,0.0,0.0,0.0
13695.0,31,16,2770.73,4,5,4,Tier 1 Alpha Asset,0,0.0,238.43573050384478,0.0
13694.0,4,143,196482.81,5,5,5,Tier 1 Alpha Asset,0,0.0,7821.247792633193,0.0
14609.0,72,10,1486.2,3,5,4,High-Yield Volatile,0,0.0,500.2680517756574,0.0
14608.0,4,11,3352.94,5,5,5,Tier 1 Alpha Asset,0,0.0,350.94783879414683,0.0
14607.0,16,22,24137.63,5,5,5,Tier 1 Alpha Asset,0,0.0,1071.5911380471123,0.0
14606.0,1,192,30861.06,5,5,5,Tier 1 Alpha Asset,0,0.0,383.87733898211485,0.0
14637.0,677,1,106.68,1,1,1,Dormant Capital,1,1.0,0.0,0.0
14636.0,36,2,609.85,4,2,2,Dormant Capital,0,0.0,36.593068214883566,0.0
14635.0,454,1,215.22,1,1,1,Dormant Capital,1,1.0,0.0,0.0
14633.0,266,1,344.90000000000003,2,1,2,Dormant Capital,1,1.0,0.0,0.0
14632.0,263,1,114.56,2,1,1,Dormant Capital,1,1.0,0.0,0.0
14631.0,51,6,2025.69,4,4,4,Tier 1 Alpha Asset,0,0.0,77.44365642180179,0.0
14630.0,484,1,338.65,1,1,2,Dormant Capital,1,1.0,0.0,0.0
14629.0,4,2,959.01,5,2,3,Dormant Capital,0,0.0,45.43470957962588,0.0
14627.0,379,1,462.75,2,1,2,Dormant Capital,1,1.0,0.0,0.0
14626.0,24,11,5410.92,4,5,5,Tier 1 Alpha Asset,0,0.0,106.43815614371303,0.0
14624.0,57,6,814.07,4,4,3,Tier 1 Alpha Asset,0,0.0,46.18324397366853,0.0
14623.0,32,10,2059.58,4,5,4,Tier 1 Alpha Asset,0,0.0,35.94051971724642,0.0
14622.0,185,1,320.58000000000004,3,1,2,Dormant Capital,1,1.0,0.0,0.0
14618.0,9,7,1342.32,5,4,4,Tier 1 Alpha Asset,0,0.0,97.52933996577893,0.0
14614.0,386,1,295.13,2,1,2,Dormant Capital,1,1.0,0.0,0.0
14657.0,18,6,1460.87,5,4,4,Tier 1 Alpha Asset,0,0.0,28.028191255761737,0.0
14655.0,8,7,3878.51,5,4,5,Tier 1 Alpha Asset,0,0.0,128.31863460081905,0.0
14654.0,738,1,246.86,1,1,1,Dormant Capital,1,1.0,0.0,0.0
14653.0,1,12,3614.54,5,5,5,Tier 1 Alpha Asset,0,0.0,47.193461150305666,0.0
14652.0,77,1,114.18,3,1,1,Dormant Capital,0,0.0,0.0,0.0
14651.0,67,9,2034.12,3,5,4,High-Yield Volatile,0,0.0,30.752728298795187,0.0
14650.0,589,1,62.5,1,1,1,Dormant Capital,1,1.0,0.0,0.0
14649.0,5,9,3775.31,5,5,5,Tier 1 Alpha Asset,0,0.0,26.99501008097959,0.0
14646.0,2,151,528602.52,5,5,5,Tier 1 Alpha Asset,0,0.0,8785.02038555947,0.0
14644.0,68,7,2247.72,3,4,4,High-Yield Volatile,0,0.0,100.94887184293304,0.0
14642.0,59,1,96.12,4,1,1,Dormant Capital,0,0.0,0.0,0.0
14641.0,22,1,110.46,4,1,1,Dormant Capital,0,0.0,0.0,0.0
14640.0,24,10,3667.06,4,5,5,Tier 1 Alpha Asset,0,0.0,78.97564280324093,0.0
14639.0,52,9,4978.96,4,5,5,Tier 1 Alpha Asset,0,0.0,69.17481729018533,0.0
14638.0,51,1,443.6,4,1,2,Dormant Capital,0,0.0,0.0,0.0
14661.0,27,1,107.95,4,1,1,Dormant Capital,0,0.0,0.0,0.0
14659.0,9,9,2529.93,5,5,4,Tier 1 Alpha Asset,0,0.0,80.05666008555937,0.0
13692.0,25,5,3114.4,4,4,5,Tier 1 Alpha Asset,0,0.0,105.39178072220714,0.0
13691.0,396,1,212.78,2,1,1,Dormant Capital,1,1.0,0.0,0.0
13690.0,59,1,172.25,4,1,1,Dormant Capital,0,0.0,0.0,0.0
13689.0,63,2,1259.5,3,2,4,Dormant Capital,0,0.0,135.60574617866405,0.0
13688.0,635,1,375.5,1,1,2,Dormant Capital,1,1.0,0.0,0.0
13687.0,438,1,11880.84,1,1,5,Dormant Capital,1,1.0,0.0,0.0
13685.0,3,7,3119.44,5,4,5,Tier 1 Alpha Asset,0,0.0,1546.6176787867084,0.0
13683.0,458,1,258.6,1,1,1,Dormant Capital,1,1.0,0.0,0.0
13682.0,187,1,59.5,3,1,1,Dormant Capital,1,1.0,0.0,0.0
13680.0,1,12,11435.67,5,5,5,Tier 1 Alpha Asset,0,0.0,87.46300554085583,0.0
13678.0,152,1,232.6,3,1,1,Dormant Capital,1,1.0,0.0,0.0
14658.0,5,2,247.15,5,2,1,Dormant Capital,0,0.0,32.883759468936255,0.0
14683.0,588,1,146.56,1,1,1,Dormant Capital,1,1.0,0.0,0.0
14681.0,71,6,875.1500000000001,3,4,3,High-Yield Volatile,0,0.0,114.71047963149174,0.0
14680.0,25,58,57412.77,4,5,5,Tier 1 Alpha Asset,0,0.0,1081.6082936421271,0.0
14678.0,579,1,403.39,1,1,2,Dormant Capital,1,1.0,0.0,0.0
14677.0,593,1,184.91,1,1,1,Dormant Capital,1,1.0,0.0,0.0
14676.0,31,12,8356.79,4,5,5,Tier 1 Alpha Asset,0,0.0,350.2955376734285,0.0
14675.0,16,2,1066.9,5,2,3,Dormant Capital,0,0.0,8.336133881580032,0.0
14674.0,509,1,173.66,1,1,1,Dormant Capital,1,1.0,0.0,0.0
14673.0,3,7,3410.81,5,4,5,Tier 1 Alpha Asset,0,0.0,100.91635392806528,0.0
14668.0,445,1,111.63,1,1,1,Dormant Capital,1,1.0,0.0,0.0
14667.0,11,54,21927.14,5,5,5,Tier 1 Alpha Asset,0,0.0,366.5265538065356,0.0
14666.0,24,1,195.25,4,1,1,Dormant Capital,0,0.0,0.0,0.0
14665.0,61,7,2749.65,3,4,4,High-Yield Volatile,0,0.0,71.42829788770149,0.0
14664.0,20,2,637.89,4,2,3,Dormant Capital,0,0.0,51.4673507067889,0.0
14662.0,29,7,1416.33,4,4,4,Tier 1 Alpha Asset,0,0.0,16.949133767363296,0.0
13674.0,433,1,240.68,1,1,1,Dormant Capital,1,1.0,0.0,0.0
13673.0,19,2,396.92,5,2,2,Dormant Capital,0,0.0,50.40610747637018,0.0
13671.0,395,1,194.95,2,1,1,Dormant Capital,1,1.0,0.0,0.0
13670.0,75,1,349.7,3,1,2,Dormant Capital,0,0.0,0.0,0.0
13669.0,51,3,413.55,4,3,2,High-Yield Volatile,0,0.0,55.52375601015048,0.0
13668.0,3,35,13089.94,5,5,5,Tier 1 Alpha Asset,0,0.0,253.58722519563298,0.0
13667.0,149,1,305.02,3,1,2,Dormant Capital,1,1.0,0.0,0.0
13666.0,60,5,127.9,3,4,1,High-Yield Volatile,0,0.0,14.341442452141775,0.0
13662.0,86,11,2250.11,3,5,4,High-Yield Volatile,0,0.0,81.48423489203536,0.0
13661.0,603,1,325.24,1,1,2,Dormant Capital,1,1.0,0.0,0.0
13660.0,400,1,314.59,2,1,2,Dormant Capital,1,1.0,0.0,0.0
14690.0,44,4,794.33,4,3,3,High-Yield Volatile,0,0.0,21.573109343799775,0.0
14689.0,209,1,112.8,2,1,1,Dormant Capital,1,1.0,0.0,0.0
14688.0,8,28,7713.57,5,5,5,Tier 1 Alpha Asset,0,0.0,273.55366790147406,0.0
14684.0,26,6,1468.55,4,4,4,Tier 1 Alpha Asset,0,0.0,14.390916370845689,0.0
14712.0,29,4,1328.0700000000002,4,3,4,High-Yield Volatile,0,0.0,105.08113994624597,0.0
14711.0,10,11,2868.8,5,5,4,Tier 1 Alpha Asset,0,0.0,92.96737078815823,0.0
14710.0,14,13,1922.59,5,5,4,Tier 1 Alpha Asset,0,0.0,24.566897975955346,0.0
14709.0,15,25,8886.33,5,5,5,Tier 1 Alpha Asset,0,0.0,261.30822456806516,0.0
14708.0,3,5,2212.28,5,4,4,Tier 1 Alpha Asset,0,0.0,125.92824247949368,0.0
14706.0,619,1,390.69,1,1,2,Dormant Capital,1,1.0,0.0,0.0
14705.0,199,1,179.0,2,1,1,Dormant Capital,1,1.0,0.0,0.0
14703.0,15,1,318.17,5,1,2,Dormant Capital,0,0.0,0.0,0.0
14702.0,1,29,6754.22,5,5,5,Tier 1 Alpha Asset,0,0.0,116.08803907641021,0.0
14701.0,11,15,4562.09,5,5,5,Tier 1 Alpha Asset,0,0.0,50.35909372825352,0.0
14700.0,32,5,3116.26,4,4,5,Tier 1 Alpha Asset,0,0.0,53.240337421245655,0.0
14698.0,2,5,1250.76,5,4,4,Tier 1 Alpha Asset,0,0.0,97.77658601766647,0.0
14696.0,4,8,2767.9,5,4,4,Tier 1 Alpha Asset,0,0.0,87.55365224241527,0.0
14694.0,617,1,244.31,1,1,1,Dormant Capital,1,1.0,0.0,0.0
14691.0,31,5,2114.33,4,4,4,Tier 1 Alpha Asset,0,0.0,170.31243801457734,0.0
14731.0,47,3,380.02,4,3,2,High-Yield Volatile,0,0.0,30.657582990126034,0.0
14730.0,1,8,2005.06,5,4,4,Tier 1 Alpha Asset,0,0.0,33.94342659848482,0.0
14728.0,413,1,190.58,1,1,1,Dormant Capital,1,1.0,0.0,0.0
14726.0,655,1,124.75,1,1,1,Dormant Capital,1,1.0,0.0,0.0
14725.0,25,4,1315.24,4,3,4,High-Yield Volatile,0,0.0,27.007977631255844,0.0
14724.0,590,1,345.25,1,1,2,Dormant Capital,1,1.0,0.0,0.0
14723.0,10,11,2093.06,5,5,4,Tier 1 Alpha Asset,0,0.0,20.89732061199934,0.0
14721.0,379,1,115.77,2,1,1,Dormant Capital,1,1.0,0.0,0.0
14720.0,6,3,663.81,5,3,3,High-Yield Volatile,0,0.0,89.3544714772649,0.0
14719.0,2,5,1602.13,5,4,4,Tier 1 Alpha Asset,0,0.0,37.65247710708228,0.0
14718.0,410,1,226.42,2,1,1,Dormant Capital,1,1.0,0.0,0.0
14717.0,733,1,81.3,1,1,1,Dormant Capital,1,1.0,0.0,0.0
14716.0,43,3,565.45,4,3,2,High-Yield Volatile,0,0.0,12.029823931008321,0.0
14714.0,24,4,906.24,4,3,3,High-Yield Volatile,0,0.0,17.093505813886228,0.0
14713.0,9,21,5418.87,5,5,5,Tier 1 Alpha Asset,0,0.0,68.73792041908365,0.0
14750.0,736,1,112.03,1,1,1,Dormant Capital,1,1.0,0.0,0.0
14749.0,480,1,310.15,1,1,2,Dormant Capital,1,1.0,0.0,0.0
14748.0,29,10,3152.32,4,5,5,Tier 1 Alpha Asset,0,0.0,76.81831548691173,0.0
14747.0,249,1,328.2,2,1,2,Dormant Capital,1,1.0,0.0,0.0
14743.0,593,1,50.48,1,1,1,Dormant Capital,1,1.0,0.0,0.0
14742.0,435,1,579.85,1,1,2,Dormant Capital,1,1.0,0.0,0.0
14741.0,12,7,1897.59,5,4,4,Tier 1 Alpha Asset,0,0.0,105.50599206102561,0.0
14739.0,4,25,12287.5,5,5,5,Tier 1 Alpha Asset,0,0.0,501.312371502545,0.0
14738.0,43,9,1821.9,4,5,4,Tier 1 Alpha Asset,0,0.0,83.80383645876532,0.0
14737.0,4,4,3554.17,5,3,5,High-Yield Volatile,0,0.0,206.01114939366747,0.0
14735.0,4,56,12240.16,5,5,5,Tier 1 Alpha Asset,0,0.0,791.1627912262677,0.0
14733.0,16,15,16184.97,5,5,5,Tier 1 Alpha Asset,0,0.0,497.3849188459535,0.0
14732.0,8,19,5517.07,5,5,5,Tier 1 Alpha Asset,0,0.0,159.20421928978962,0.0
14756.0,15,3,2653.76,5,3,4,High-Yield Volatile,0,0.0,41.442984770674066,0.0
14755.0,10,25,9972.55,5,5,5,Tier 1 Alpha Asset,0,0.0,220.20879628363002,0.0
13658.0,10,9,6025.5,5,5,5,Tier 1 Alpha Asset,0,0.0,101.64038951081544,0.0
13657.0,11,2,382.14,5,2,2,Dormant Capital,0,0.0,50.56542522837463,0.0
13654.0,43,11,6308.0,4,5,5,Tier 1 Alpha Asset,0,0.0,86.51025552113238,0.0
13653.0,488,1,152.2,1,1,1,Dormant Capital,1,1.0,0.0,0.0
13652.0,46,5,2570.85,4,4,4,Tier 1 Alpha Asset,0,0.0,36.15263278776446,0.0
13651.0,35,3,226.85,4,3,1,High-Yield Volatile,0,0.0,33.708738281273185,0.0
13650.0,17,10,3288.0,5,5,5,Tier 1 Alpha Asset,0,0.0,84.31588330448422,0.0
13647.0,10,8,3071.68,5,4,5,Tier 1 Alpha Asset,0,0.0,85.91361717161932,0.0
13645.0,120,1,252.1,3,1,1,Dormant Capital,1,1.0,0.0,0.0
13644.0,16,4,2624.26,5,3,4,High-Yield Volatile,0,0.0,137.7453182222104,0.0
14753.0,87,2,869.51,3,2,3,Dormant Capital,0,0.0,19.440524181406282,0.0
14752.0,44,1,389.64,4,1,2,Dormant Capital,0,0.0,0.0,0.0
14777.0,404,1,307.56,2,1,2,Dormant Capital,1,1.0,0.0,0.0
14776.0,51,15,3708.3,4,5,5,Tier 1 Alpha Asset,0,0.0,188.9142821766482,0.0
14775.0,58,3,1418.46,4,3,4,High-Yield Volatile,0,0.0,37.13972311059731,0.0
14774.0,529,1,241.45,1,1,1,Dormant Capital,1,1.0,0.0,0.0
14773.0,593,1,140.55,1,1,1,Dormant Capital,1,1.0,0.0,0.0
14772.0,112,1,139.26,3,1,1,Dormant Capital,1,1.0,0.0,0.0
14768.0,17,2,192.6,5,2,1,Dormant Capital,0,0.0,108.9770968594277,0.0
14767.0,474,1,382.81,1,1,2,Dormant Capital,1,1.0,0.0,0.0
14766.0,8,11,6556.13,5,5,5,Tier 1 Alpha Asset,0,0.0,114.09098814740689,0.0
14764.0,47,1,278.3,4,1,1,Dormant Capital,0,0.0,0.0,0.0
14761.0,59,3,447.92,4,3,2,High-Yield Volatile,0,0.0,33.43972927011829,0.0
14760.0,297,1,89.2,2,1,1,Dormant Capital,1,1.0,0.0,0.0
14759.0,5,3,1625.97,5,3,4,High-Yield Volatile,0,0.0,50.73338978105022,0.0
14757.0,75,1,420.5,3,1,2,Dormant Capital,0,0.0,0.0,0.0
14796.0,1,27,10889.64,5,5,5,Tier 1 Alpha Asset,0,0.0,81.65663706203082,0.0
14795.0,166,1,131.45000000000002,3,1,1,Dormant Capital,1,1.0,0.0,0.0
14794.0,3,10,1953.9,5,5,4,Tier 1 Alpha Asset,0,0.0,112.95845154733212,0.0
14793.0,21,2,625.9,4,2,3,Dormant Capital,0,0.0,15.755031994074939,0.0
14792.0,64,1,6.2,3,1,1,Dormant Capital,0,0.01,0.0,0.0
14791.0,607,1,303.63,1,1,2,Dormant Capital,1,1.0,0.0,0.0
14790.0,17,10,2526.62,5,5,4,Tier 1 Alpha Asset,0,0.0,72.58880999214101,0.0
14789.0,29,1,197.64,4,1,1,Dormant Capital,0,0.0,0.0,0.0
14788.0,7,3,1156.32,5,3,3,High-Yield Volatile,0,0.0,27.63618751866889,0.0
14787.0,471,1,110.65,1,1,1,Dormant Capital,1,1.0,0.0,0.0
14786.0,550,1,90.96,1,1,1,Dormant Capital,1,1.0,0.0,0.0
14785.0,10,2,77.4,5,2,1,Dormant Capital,0,0.0,199.83779709296533,0.0
14784.0,26,3,449.93,4,3,2,High-Yield Volatile,0,0.0,34.0541564688481,0.0
14783.0,659,1,307.3,1,1,2,Dormant Capital,1,1.0,0.0,0.0
14782.0,320,1,200.1,2,1,1,Dormant Capital,1,1.0,0.0,0.0
14780.0,55,2,447.68,4,2,2,Dormant Capital,0,0.0,63.51451748424772,0.0
14818.0,74,6,1170.41,3,4,3,High-Yield Volatile,0,0.0,30.166785221854404,0.0
14816.0,197,1,271.85,2,1,1,Dormant Capital,1,1.0,0.0,0.0
14815.0,37,2,778.5,4,2,3,Dormant Capital,0,0.0,65.90544546085394,0.0
14814.0,581,1,160.46,1,1,1,Dormant Capital,1,1.0,0.0,0.0
14812.0,599,1,185.8,1,1,1,Dormant Capital,1,1.0,0.0,0.0
14811.0,387,1,170.5,2,1,1,Dormant Capital,1,1.0,0.0,0.0
14810.0,41,13,2537.02,4,5,4,Tier 1 Alpha Asset,0,0.0,69.41368999474125,0.0
14808.0,40,8,2741.17,4,4,4,Tier 1 Alpha Asset,0,0.0,130.48300209988003,0.0
14806.0,75,2,303.43,3,2,2,Dormant Capital,0,0.0,17.568017149877747,0.0
14805.0,15,7,1104.64,5,4,3,Tier 1 Alpha Asset,0,0.0,28.760350947427135,0.0
14804.0,9,1,353.27,5,1,2,Dormant Capital,0,0.0,0.0,0.0
14801.0,61,1,193.14,3,1,1,Dormant Capital,0,0.0,0.0,0.0
14800.0,48,17,7774.32,4,5,5,Tier 1 Alpha Asset,0,0.0,134.03380222959865,0.0
14798.0,53,8,724.31,4,4,3,Tier 1 Alpha Asset,0,0.0,54.28799699770614,0.0
14797.0,507,1,300.31,1,1,2,Dormant Capital,1,1.0,0.0,0.0
13643.0,31,10,2156.77,4,5,4,Tier 1 Alpha Asset,0,0.0,87.15787284029629,0.0
13640.0,611,1,405.0,1,1,2,Dormant Capital,1,1.0,0.0,0.0
13639.0,74,2,1346.27,3,2,4,Dormant Capital,0,0.0,24.965740395481564,0.0
13638.0,16,1,122.64,5,1,1,Dormant Capital,0,0.0,0.0,0.0
13637.0,52,3,810.5,4,3,3,High-Yield Volatile,0,0.0,27.865314085251214,0.0
13636.0,37,5,949.12,4,4,3,Tier 1 Alpha Asset,0,0.0,69.74897495159192,0.0
13635.0,68,4,2999.16,3,3,5,High-Yield Volatile,0,0.0,28.783311654044333,0.0
13634.0,33,16,5073.47,4,5,5,Tier 1 Alpha Asset,0,0.0,79.30570044050512,0.0
13632.0,25,8,3648.15,4,4,5,Tier 1 Alpha Asset,0,0.0,64.06152980953709,0.0
13630.0,5,7,2031.78,5,4,4,Tier 1 Alpha Asset,0,0.0,186.72487747528587,0.0
13629.0,23,19,13370.86,4,5,5,Tier 1 Alpha Asset,0,0.0,1325.359986554331,0.0
13628.0,676,1,310.14,1,1,2,Dormant Capital,1,1.0,0.0,0.0
13627.0,59,7,2245.9,4,4,4,Tier 1 Alpha Asset,0,0.0,56.04398968233478,0.0
14819.0,64,4,470.16,3,3,2,High-Yield Volatile,0,0.0,14.081716879004103,0.0
14845.0,600,1,150.0,1,1,1,Dormant Capital,1,1.0,0.0,0.0
14844.0,64,10,6702.43,3,5,5,High-Yield Volatile,0,0.0,117.19971255378505,0.0
14843.0,437,1,211.8,1,1,1,Dormant Capital,1,1.0,0.0,0.0
14842.0,44,4,2824.69,4,3,4,High-Yield Volatile,0,0.0,65.561362959617,0.0
14841.0,53,14,7163.0,4,5,5,Tier 1 Alpha Asset,0,0.0,137.4113334883807,0.0
14836.0,10,3,102.45,5,3,1,High-Yield Volatile,0,0.0,184.28998291361447,0.0
14834.0,18,7,2206.16,5,4,4,Tier 1 Alpha Asset,0,0.0,122.20480447054257,0.0
14833.0,499,1,94.8,1,1,1,Dormant Capital,1,1.0,0.0,0.0
14832.0,630,1,322.69,1,1,2,Dormant Capital,1,1.0,0.0,0.0
14830.0,53,1,197.13,4,1,1,Dormant Capital,0,0.0,0.0,0.0
14829.0,29,7,1692.84,4,4,4,Tier 1 Alpha Asset,0,0.0,70.58116311645738,0.0
14825.0,4,24,4925.08,5,5,5,Tier 1 Alpha Asset,0,0.0,190.0641660529669,0.0
14824.0,10,10,4022.91,5,5,5,Tier 1 Alpha Asset,0,0.0,119.2851973150909,0.0
14822.0,485,1,157.7,1,1,1,Dormant Capital,1,1.0,0.0,0.0
14865.0,7,4,129.72,5,3,1,High-Yield Volatile,0,0.0,22.979584743405876,0.0
14863.0,29,1,266.76,4,1,1,Dormant Capital,0,0.0,0.0,0.0
14862.0,26,2,841.2,4,2,3,Dormant Capital,0,0.0,48.02740875470678,0.0
14861.0,52,10,1380.73,4,5,4,Tier 1 Alpha Asset,0,0.0,66.30019070242616,0.0
14860.0,19,1,170.32,5,1,1,Dormant Capital,0,0.0,0.0,0.0
14859.0,13,5,1705.64,5,4,4,Tier 1 Alpha Asset,0,0.0,66.03693711597825,0.0
14858.0,506,1,180.75,1,1,1,Dormant Capital,1,1.0,0.0,0.0
14856.0,36,3,1311.38,4,3,4,High-Yield Volatile,0,0.0,149.81356698237315,0.0
14854.0,78,11,4322.86,3,5,5,High-Yield Volatile,0,0.0,95.91349787933065,0.0
14853.0,24,5,1376.87,4,4,4,Tier 1 Alpha Asset,0,0.0,103.2640427709857,0.0
14852.0,58,18,6147.18,4,5,5,Tier 1 Alpha Asset,0,0.0,166.35327384838092,0.0
14851.0,23,3,829.41,4,3,3,High-Yield Volatile,0,0.0,25.940340949894896,0.0
14849.0,22,43,15763.45,4,5,5,Tier 1 Alpha Asset,0,0.0,395.99495278828624,0.0
14848.0,405,1,310.56,2,1,2,Dormant Capital,1,1.0,0.0,0.0
14846.0,427,1,437.4,1,1,2,Dormant Capital,1,1.0,0.0,0.0
13625.0,597,1,301.26,1,1,2,Dormant Capital,1,1.0,0.0,0.0
13624.0,388,1,462.08,2,1,2,Dormant Capital,1,1.0,0.0,0.0
13623.0,31,10,2566.49,4,5,4,Tier 1 Alpha Asset,0,0.0,36.85867638323133,0.0
13622.0,696,1,658.95,1,1,3,Dormant Capital,1,1.0,0.0,0.0
13621.0,117,1,213.85,3,1,1,Dormant Capital,1,1.0,0.0,0.0
13620.0,528,1,112.34,1,1,1,Dormant Capital,1,1.0,0.0,0.0
13618.0,174,1,177.34,3,1,1,Dormant Capital,1,1.0,0.0,0.0
13617.0,40,8,1278.75,4,4,4,Tier 1 Alpha Asset,0,0.0,56.55750781465383,0.0
13614.0,24,6,2359.19,4,4,4,Tier 1 Alpha Asset,0,0.0,28.48612054447255,0.0
13612.0,633,1,818.29,1,1,3,Dormant Capital,1,1.0,0.0,0.0
13611.0,89,10,3319.53,3,5,5,High-Yield Volatile,0,0.0,59.07857458234354,0.0
14869.0,9,6,2804.24,5,4,4,Tier 1 Alpha Asset,0,0.0,28.201153293346138,0.0
14868.0,3,12,4184.01,5,5,5,Tier 1 Alpha Asset,0,0.0,163.90825137510961,0.0
14866.0,11,19,20850.22,5,5,5,Tier 1 Alpha Asset,0,0.0,1800.3196089303694,0.0
14895.0,8,38,25119.54,5,5,5,Tier 1 Alpha Asset,0,0.0,450.5854109519553,0.0
14894.0,85,3,1492.81,3,3,4,High-Yield Volatile,0,0.0,35.468352013638054,0.0
14893.0,10,3,1809.61,5,3,4,High-Yield Volatile,0,0.0,23.17881658426964,0.0
14892.0,691,1,202.35,1,1,1,Dormant Capital,1,1.0,0.0,0.0
14889.0,336,1,135.9,2,1,1,Dormant Capital,1,1.0,0.0,0.0
14888.0,207,1,369.2,2,1,2,Dormant Capital,1,1.0,0.0,0.0
14887.0,79,1,1862.0,3,1,4,Dormant Capital,0,0.0,0.0,0.0
14886.0,253,1,364.8,2,1,2,Dormant Capital,1,1.0,0.0,0.0
14884.0,669,1,120.6,1,1,1,Dormant Capital,1,1.0,0.0,0.0
14883.0,19,6,761.59,5,4,3,Tier 1 Alpha Asset,0,0.0,103.33921423953016,0.0
14882.0,27,14,3628.15,4,5,5,Tier 1 Alpha Asset,0,0.0,360.2335588739615,0.0
14881.0,20,1,255.4,4,1,1,Dormant Capital,0,0.0,0.0,0.0
14880.0,77,3,706.19,3,3,3,High-Yield Volatile,0,0.0,38.9217317035405,0.0
14879.0,685,1,185.06,1,1,1,Dormant Capital,1,1.0,0.0,0.0
14878.0,13,25,4105.24,5,5,5,Tier 1 Alpha Asset,0,0.0,127.54398551692849,0.0
14874.0,535,1,116.18,1,1,1,Dormant Capital,1,1.0,0.0,0.0
14916.0,71,8,3042.95,3,4,5,High-Yield Volatile,0,0.0,85.84157318965997,0.0
14913.0,36,8,4073.13,4,4,5,Tier 1 Alpha Asset,0,0.0,78.5854777531126,0.0
14912.0,17,6,1889.25,5,4,4,Tier 1 Alpha Asset,0,0.0,76.86462633518903,0.0
14911.0,1,398,295972.63,5,5,5,Tier 1 Alpha Asset,0,0.0,4435.696625928842,0.0
14910.0,3,4,434.35,5,3,2,High-Yield Volatile,0,0.0,167.4751232642046,0.0
14908.0,74,2,381.9,3,2,2,Dormant Capital,0,0.0,27.822883331281457,0.0
14907.0,3,16,6165.79,5,5,5,Tier 1 Alpha Asset,0,0.0,167.16269474257294,0.0
14906.0,445,1,68.44,1,1,1,Dormant Capital,1,1.0,0.0,0.0
14904.0,2,4,1640.64,5,3,4,High-Yield Volatile,0,0.0,30.33086024664002,0.0
14903.0,21,5,2810.63,4,4,4,Tier 1 Alpha Asset,0,0.0,39.270025165208686,0.0
14902.0,26,3,1035.62,4,3,3,High-Yield Volatile,0,0.0,26.17810866623114,0.0
14901.0,11,12,2289.65,5,5,4,Tier 1 Alpha Asset,0,0.0,97.71803271433113,0.0
14900.0,522,1,13.919999999999998,1,1,1,Dormant Capital,1,1.0,0.0,0.0
14899.0,395,1,1384.88,2,1,4,Dormant Capital,1,1.0,0.0,0.0
14898.0,23,14,3507.81,4,5,5,Tier 1 Alpha Asset,0,0.0,67.60794794094724,0.0
14897.0,8,8,3140.54,5,4,5,Tier 1 Alpha Asset,0,0.0,81.6677769865257,0.0
14927.0,397,1,308.2,2,1,2,Dormant Capital,1,1.0,0.0,0.0
14923.0,51,1,749.1,4,1,3,Dormant Capital,0,0.0,0.0,0.0
13609.0,593,1,167.35,1,1,1,Dormant Capital,1,1.0,0.0,0.0
13608.0,541,1,236.2,1,1,1,Dormant Capital,1,1.0,0.0,0.0
13604.0,659,1,717.62,1,1,3,Dormant Capital,1,1.0,0.0,0.0
13603.0,26,1,164.34,4,1,1,Dormant Capital,0,0.01,0.0,0.0
13601.0,45,4,1185.14,4,3,3,High-Yield Volatile,0,0.0,13.902363281234257,0.0
13599.0,1,33,10167.63,5,5,5,Tier 1 Alpha Asset,0,0.0,343.1824212356952,0.0
13598.0,47,5,789.59,4,4,3,Tier 1 Alpha Asset,0,0.0,18.704958248159425,0.0
14919.0,539,1,359.35,1,1,2,Dormant Capital,1,1.0,0.0,0.0
14937.0,57,3,1621.88,4,3,4,High-Yield Volatile,0,0.0,209.02318243823228,0.0
13594.0,53,2,533.32,4,2,2,Dormant Capital,0,0.0,17.093435692648672,0.0
13592.0,36,4,247.96,4,3,1,High-Yield Volatile,0,0.0,60.22199584173135,0.0
13591.0,65,7,2093.94,3,4,4,High-Yield Volatile,0,0.0,59.21005692653586,0.0
13590.0,11,18,6349.59,5,5,5,Tier 1 Alpha Asset,0,0.0,116.4115273417837,0.0
13589.0,15,6,1120.74,5,4,3,Tier 1 Alpha Asset,0,0.0,52.06093886340774,0.0
13588.0,16,9,2478.95,5,5,4,Tier 1 Alpha Asset,0,0.0,134.56392219012946,0.0
13587.0,64,4,1673.5,3,3,4,High-Yield Volatile,0,0.0,92.28262307780265,0.0
13586.0,541,1,131.53,1,1,1,Dormant Capital,1,1.0,0.0,0.0
13580.0,406,1,107.75,2,1,1,Dormant Capital,1,1.0,0.0,0.0
13579.0,15,5,1539.04,5,4,4,Tier 1 Alpha Asset,0,0.0,37.9350295840807,0.0
14936.0,34,12,12410.81,4,5,5,Tier 1 Alpha Asset,0,0.0,143.71617160454656,0.0
14931.0,5,5,1257.68,5,4,4,Tier 1 Alpha Asset,0,0.0,160.62985378760416,0.0
14929.0,32,2,836.69,4,2,3,Dormant Capital,0,0.0,27.9472468722617,0.0
14928.0,628,1,223.91000000000005,1,1,1,Dormant Capital,1,1.0,0.0,0.0
14960.0,8,2,221.27,5,2,1,Dormant Capital,0,0.0,24.28701215762317,0.0
14959.0,64,4,695.42,3,3,3,High-Yield Volatile,0,0.0,41.95550547264807,0.0
14956.0,421,1,1325.0,1,1,4,Dormant Capital,1,1.0,0.0,0.0
14955.0,733,1,163.77,1,1,1,Dormant Capital,1,1.0,0.0,0.0
14954.0,12,2,503.44,5,2,2,Dormant Capital,0,0.0,4.627632854288825,0.0
14952.0,60,32,17629.35,3,5,5,High-Yield Volatile,0,0.0,753.3832241940256,0.0
14951.0,79,1,311.69,3,1,2,Dormant Capital,0,0.0,0.0,0.0
14950.0,19,1,371.2,5,1,2,Dormant Capital,0,0.0,0.0,0.0
14948.0,23,6,1101.97,4,4,3,Tier 1 Alpha Asset,0,0.0,121.41088822549952,0.0
14947.0,72,6,1049.79,3,4,3,High-Yield Volatile,0,0.0,54.0545177289334,0.0
14946.0,14,1,100.9,5,1,1,Dormant Capital,0,0.0,0.0,0.0
14945.0,414,1,179.4,1,1,1,Dormant Capital,1,1.0,0.0,0.0
14943.0,663,1,107.62,1,1,1,Dormant Capital,1,1.0,0.0,0.0
14941.0,579,1,182.1,1,1,1,Dormant Capital,1,1.0,0.0,0.0
14980.0,737,1,150.68,1,1,1,Dormant Capital,1,1.0,0.0,0.0
14979.0,735,1,439.46,1,1,2,Dormant Capital,1,1.0,0.0,0.0
14978.0,72,10,3142.14,3,5,5,High-Yield Volatile,0,0.0,54.02293194969634,0.0
14977.0,726,1,31.93,1,1,1,Dormant Capital,1,1.0,0.0,0.0
14976.0,57,7,790.86,4,4,3,Tier 1 Alpha Asset,0,0.0,64.50358487029291,0.0
14975.0,57,2,472.39,4,2,2,Dormant Capital,0,0.0,21.330406179649675,0.0
14974.0,37,1,114.39,4,1,1,Dormant Capital,0,0.0,0.0,0.0
14971.0,35,3,1116.57,4,3,3,High-Yield Volatile,0,0.0,67.80439650998055,0.0
14970.0,68,12,4919.35,3,5,5,High-Yield Volatile,0,0.0,233.3647884604778,0.0
14969.0,704,1,906.23,1,1,3,Dormant Capital,1,1.0,0.0,0.0
14968.0,30,2,504.99,4,2,2,Dormant Capital,0,0.0,8.596199799133485,0.0
14967.0,50,6,1982.61,4,4,4,Tier 1 Alpha Asset,0,0.0,160.6865845204297,0.0
14966.0,15,6,1115.84,5,4,3,Tier 1 Alpha Asset,0,0.0,18.1071067858813,0.0
14964.0,247,1,206.21,2,1,1,Dormant Capital,1,1.0,0.0,0.0
14963.0,10,12,3164.48,5,5,5,Tier 1 Alpha Asset,0,0.0,44.685016962786264,0.0
14961.0,11,22,16410.15,5,5,5,Tier 1 Alpha Asset,0,0.0,225.3758258170814,0.0
13563.0,84,2,777.53,3,2,3,Dormant Capital,0,0.0,41.48767714927295,0.0
15000.0,48,1,490.52,4,1,2,Dormant Capital,0,0.0,0.0,0.0
14999.0,593,1,129.48000000000002,1,1,1,Dormant Capital,1,1.0,0.0,0.0
14997.0,46,4,776.6,4,3,3,High-Yield Volatile,0,0.0,35.368219442853494,0.0
14995.0,39,2,233.23,4,2,1,Dormant Capital,0,0.0,10.005004834265762,0.0
14993.0,564,1,36.13,1,1,1,Dormant Capital,1,1.0,0.0,0.0
14992.0,442,1,210.5,1,1,1,Dormant Capital,1,1.0,0.0,0.0
14991.0,430,1,314.67,1,1,2,Dormant Capital,1,1.0,0.0,0.0
14989.0,662,1,342.4,1,1,2,Dormant Capital,1,1.0,0.0,0.0
14987.0,16,8,1713.85,5,4,4,Tier 1 Alpha Asset,0,0.0,322.66173506279637,0.0
14984.0,19,6,1271.41,5,4,4,Tier 1 Alpha Asset,0,0.0,57.41372233509295,0.0
14983.0,689,1,183.2,1,1,1,Dormant Capital,1,1.0,0.0,0.0
14982.0,572,1,237.78,1,1,1,Dormant Capital,1,1.0,0.0,0.0
15004.0,147,1,1246.32,3,1,3,Dormant Capital,1,1.0,0.0,0.0
13578.0,409,1,147.66,2,1,1,Dormant Capital,1,1.0,0.0,0.0
13577.0,25,11,3489.28,4,5,5,Tier 1 Alpha Asset,0,0.0,95.40442954624906,0.0
13576.0,10,28,11551.74,5,5,5,Tier 1 Alpha Asset,0,0.0,488.77839061684375,0.0
13575.0,23,5,732.07,4,4,3,Tier 1 Alpha Asset,0,0.0,108.29692959756991,0.0
13574.0,411,1,421.25,1,1,2,Dormant Capital,1,1.0,0.0,0.0
13573.0,50,6,916.47,4,4,3,Tier 1 Alpha Asset,0,0.0,29.088171469297695,0.0
13572.0,206,1,1384.25,2,1,4,Dormant Capital,1,1.0,0.0,0.0
13571.0,13,26,4546.54,5,5,5,Tier 1 Alpha Asset,0,0.0,74.80499510445905,0.0
13570.0,243,1,239.49,2,1,1,Dormant Capital,1,1.0,0.0,0.0
13569.0,17,4,893.78,5,3,3,High-Yield Volatile,0,0.0,12.754502487703897,0.0
13568.0,173,1,192.85,3,1,1,Dormant Capital,1,1.0,0.0,0.0
13566.0,41,5,1708.12,4,4,4,Tier 1 Alpha Asset,0,0.0,11.658689862547387,0.0
13565.0,19,3,414.8,5,3,2,High-Yield Volatile,0,0.0,15.219477796921907,0.0
15023.0,3,20,12170.68,5,5,5,Tier 1 Alpha Asset,0,0.0,109.5334951198566,0.0
15022.0,12,5,1186.09,5,4,3,Tier 1 Alpha Asset,0,0.0,17.598234514518122,0.0
15021.0,9,12,2783.83,5,5,4,Tier 1 Alpha Asset,0,0.0,29.181741345274485,0.0
15020.0,379,1,203.42,2,1,1,Dormant Capital,1,1.0,0.0,0.0
15019.0,267,1,266.0,2,1,1,Dormant Capital,1,1.0,0.0,0.0
15018.0,39,3,607.46,4,3,2,High-Yield Volatile,0,0.0,36.08095219648076,0.0
15017.0,34,1,125.58,4,1,1,Dormant Capital,0,0.0,0.0,0.0
15014.0,43,2,260.17,4,2,1,Dormant Capital,0,0.0,21.55711521587834,0.0
15012.0,54,3,860.62,4,3,3,High-Yield Volatile,0,0.0,6.547390535819809,0.0
15010.0,36,1,308.94,4,1,2,Dormant Capital,0,0.0,0.0,0.0
15009.0,12,3,1261.78,5,3,4,High-Yield Volatile,0,0.0,89.1348983008192,0.0
15007.0,159,1,156.91,3,1,1,Dormant Capital,1,1.0,0.0,0.0
15005.0,16,56,14106.2,5,5,5,Tier 1 Alpha Asset,0,0.0,136.5056663305046,0.0
15040.0,542,1,7.49,1,1,1,Dormant Capital,1,1.0,0.0,0.0
15039.0,10,93,40031.43,5,5,5,Tier 1 Alpha Asset,0,0.0,569.08617633444,0.0
15036.0,72,3,465.55,3,3,2,High-Yield Volatile,0,0.0,17.63778258492516,0.0
15035.0,90,1,252.73,3,1,1,Dormant Capital,0,0.0,0.0,0.0
15034.0,16,14,8313.4,5,5,5,Tier 1 Alpha Asset,0,0.0,79.90258374620021,0.0
15033.0,5,10,2586.67,5,5,4,Tier 1 Alpha Asset,0,0.0,45.19551553570916,0.0
15031.0,4,14,3156.58,5,5,5,Tier 1 Alpha Asset,0,0.0,46.53276436835131,0.0
15030.0,72,8,1979.91,3,4,4,High-Yield Volatile,0,0.0,215.52338506245258,0.0
15029.0,620,1,365.1,1,1,2,Dormant Capital,1,1.0,0.0,0.0
15028.0,8,6,1157.71,5,4,3,Tier 1 Alpha Asset,0,0.0,42.69917845849627,0.0
15027.0,31,10,3195.6,4,5,5,Tier 1 Alpha Asset,0,0.0,166.49356952119345,0.0
15026.0,80,5,1061.61,3,4,3,High-Yield Volatile,0,0.0,24.72450560862739,0.0
15025.0,33,2,1013.09,4,2,3,Dormant Capital,0,0.0,7.863120112147828,0.0
15024.0,10,16,4075.51,5,5,5,Tier 1 Alpha Asset,0,0.0,121.79941405645319,0.0
15061.0,4,127,137818.52,5,5,5,Tier 1 Alpha Asset,0,0.0,7485.8766216890235,0.0
15060.0,8,4,303.09000000000003,5,3,2,High-Yield Volatile,0,0.0,67.24299422088791,0.0
15059.0,41,19,3523.57,4,5,5,Tier 1 Alpha Asset,0,0.0,47.887630286559684,0.0
15058.0,25,16,3410.03,4,5,5,Tier 1 Alpha Asset,0,0.0,71.79145798236559,0.0
15056.0,520,1,133.45,1,1,1,Dormant Capital,1,1.0,0.0,0.0
15054.0,12,2,302.1,5,2,2,Dormant Capital,0,0.0,29.70228515364616,0.0
15053.0,5,3,697.79,5,3,3,High-Yield Volatile,0,0.0,28.28447899521027,0.0
15052.0,319,1,215.78,2,1,1,Dormant Capital,1,1.0,0.0,0.0
15051.0,23,9,3935.16,4,5,5,Tier 1 Alpha Asset,0,0.0,50.35997879523587,0.0
15050.0,25,5,4193.79,4,4,5,Tier 1 Alpha Asset,0,0.0,77.84741397205687,0.0
15049.0,274,1,121.17000000000002,2,1,1,Dormant Capital,1,1.0,0.0,0.0
15048.0,65,4,482.75,3,3,2,High-Yield Volatile,0,0.0,13.864899350453555,0.0
15047.0,270,1,343.62,2,1,2,Dormant Capital,1,1.0,0.0,0.0
15046.0,9,25,7812.39,5,5,5,Tier 1 Alpha Asset,0,0.0,213.2592470456122,0.0
15044.0,19,35,16204.33,5,5,5,Tier 1 Alpha Asset,0,0.0,265.12512302252617,0.0
15043.0,31,6,2873.8,4,4,4,Tier 1 Alpha Asset,0,0.0,175.155279326468,0.0
15066.0,53,1,893.59,4,1,3,Dormant Capital,0,0.0,0.0,0.0
13560.0,7,1,174.37,5,1,1,Dormant Capital,0,0.0,0.0,0.0
13558.0,6,4,605.06,5,3,2,High-Yield Volatile,0,0.0,43.51822315149124,0.0
13557.0,28,13,3032.26,4,5,5,Tier 1 Alpha Asset,0,0.0,91.40673814643573,0.0
13555.0,74,13,8999.19,3,5,5,High-Yield Volatile,0,0.0,124.75372799026128,0.0
13553.0,675,1,517.8,1,1,2,Dormant Capital,1,1.0,0.0,0.0
13552.0,66,22,6978.92,3,5,5,High-Yield Volatile,0,0.0,334.59391848634675,0.0
13550.0,383,1,349.51,2,1,2,Dormant Capital,1,1.0,0.0,0.0
13549.0,26,8,1005.8,4,4,3,Tier 1 Alpha Asset,0,0.0,99.18330184247125,0.0
13547.0,408,1,175.53,2,1,1,Dormant Capital,1,1.0,0.0,0.0
15065.0,38,5,3326.86,4,4,5,Tier 1 Alpha Asset,0,0.0,67.13422455484584,0.0
15063.0,213,1,370.8,2,1,2,Dormant Capital,1,1.0,0.0,0.0
13546.0,12,5,1092.14,5,4,3,Tier 1 Alpha Asset,0,0.0,25.056569312366165,0.0
13539.0,86,7,1569.36,3,4,4,High-Yield Volatile,0,0.0,62.52327435179179,0.0
13538.0,43,12,3112.73,4,5,5,Tier 1 Alpha Asset,0,0.0,115.3825898089625,0.0
13536.0,1,7,3448.29,5,4,5,Tier 1 Alpha Asset,0,0.0,335.94929107676097,0.0
13535.0,403,1,89.5,2,1,1,Dormant Capital,1,1.0,0.0,0.0
13534.0,2,35,7720.900000000001,5,5,5,Tier 1 Alpha Asset,0,0.0,399.53251813667316,0.0
13532.0,34,1,210.31,4,1,1,Dormant Capital,0,0.0,0.0,0.0
15081.0,22,12,1965.72,4,5,4,Tier 1 Alpha Asset,0,0.0,119.67367976206577,0.0
15078.0,7,53,17761.88,5,5,5,Tier 1 Alpha Asset,0,0.0,501.50163150065964,0.0
15075.0,78,1,773.03,3,1,3,Dormant Capital,0,0.0,0.0,0.0
15073.0,10,8,2788.02,5,4,4,Tier 1 Alpha Asset,0,0.0,61.647584492061554,0.0
15072.0,479,1,187.52,1,1,1,Dormant Capital,1,1.0,0.0,0.0
15069.0,179,1,1109.53,3,1,3,Dormant Capital,1,1.0,0.0,0.0
15068.0,46,4,1176.85,4,3,3,High-Yield Volatile,0,0.0,11.075388437301102,0.0
15106.0,18,5,1422.52,5,4,4,Tier 1 Alpha Asset,0,0.0,69.81136698308633,0.0
15105.0,18,9,3094.91,5,5,5,Tier 1 Alpha Asset,0,0.0,87.5527985681826,0.0
15103.0,31,2,703.36,4,2,3,Dormant Capital,0,0.0,76.65394981865684,0.0
15101.0,9,6,1477.94,5,4,4,Tier 1 Alpha Asset,0,0.0,74.94124855670646,0.0
15099.0,84,1,410.48,3,1,2,Dormant Capital,0,0.01,0.0,0.0
15097.0,4,3,908.35,5,3,3,High-Yield Volatile,0,0.0,20.133441926256054,0.0
15096.0,43,1,219.39,4,1,1,Dormant Capital,0,0.0,0.0,0.0
15093.0,18,23,14326.11,5,5,5,Tier 1 Alpha Asset,0,0.0,416.0138764161221,0.0
15091.0,68,3,1046.61,3,3,3,High-Yield Volatile,0,0.0,22.63948933427241,0.0
15090.0,308,1,381.32,2,1,2,Dormant Capital,1,1.0,0.0,0.0
15089.0,10,6,2420.84,5,4,4,Tier 1 Alpha Asset,0,0.0,174.88741083045514,0.0
15088.0,21,2,1160.07,4,2,3,Dormant Capital,0,0.0,90.69419714219785,0.0
15087.0,282,1,306.94,2,1,2,Dormant Capital,1,1.0,0.0,0.0
15085.0,730,1,347.54,1,1,2,Dormant Capital,1,1.0,0.0,0.0
15083.0,257,1,88.2,2,1,1,Dormant Capital,1,1.0,0.0,0.0
15082.0,669,1,93.35,1,1,1,Dormant Capital,1,1.0,0.0,0.0
15125.0,25,24,17024.87,4,5,5,Tier 1 Alpha Asset,0,0.0,832.1967710906556,0.0
15124.0,23,4,450.82,4,3,2,High-Yield Volatile,0,0.0,25.917043815444586,0.0
15123.0,7,5,4656.17,5,4,5,Tier 1 Alpha Asset,0,0.0,57.66070512750531,0.0
15121.0,50,2,457.72,4,2,2,Dormant Capital,0,0.0,26.810382610281454,0.0
15120.0,134,1,358.82,3,1,2,Dormant Capital,1,1.0,0.0,0.0
15119.0,246,1,266.4,2,1,1,Dormant Capital,1,1.0,0.0,0.0
15118.0,134,1,244.8,3,1,1,Dormant Capital,1,1.0,0.0,0.0
15117.0,15,8,2485.97,5,4,4,Tier 1 Alpha Asset,0,0.0,71.16295042809672,0.0
15116.0,18,4,1352.75,5,3,4,High-Yield Volatile,0,0.0,139.6182825834103,0.0
15115.0,18,2,531.85,5,2,2,Dormant Capital,0,0.0,11.317788106495701,0.0
15114.0,30,12,3400.12,4,5,5,Tier 1 Alpha Asset,0,0.0,121.22086135660896,0.0
15112.0,611,1,209.4,1,1,1,Dormant Capital,1,1.0,0.0,0.0
15111.0,29,5,2730.87,4,4,4,Tier 1 Alpha Asset,0,0.0,44.04866220402897,0.0
13515.0,73,6,1265.82,3,4,4,High-Yield Volatile,0,0.0,45.24748622103196,0.0
15145.0,4,4,1194.73,5,3,3,High-Yield Volatile,0,0.0,73.18840503129906,0.0
15144.0,8,29,12160.31,5,5,5,Tier 1 Alpha Asset,0,0.0,428.6841332427489,0.0
15140.0,52,8,3243.69,4,4,5,Tier 1 Alpha Asset,0,0.0,147.56016646926065,0.0
15138.0,394,1,502.52,2,1,2,Dormant Capital,1,1.0,0.0,0.0
15136.0,3,4,1286.7,5,3,4,High-Yield Volatile,0,0.0,155.94405571643347,0.0
15134.0,15,10,1596.29,5,5,4,Tier 1 Alpha Asset,0,0.0,127.68441561567397,0.0
15132.0,18,5,977.93,5,4,3,Tier 1 Alpha Asset,0,0.0,92.75096960412247,0.0
15131.0,395,1,80.28,2,1,1,Dormant Capital,1,1.0,0.0,0.0
15130.0,170,1,330.11,3,1,2,Dormant Capital,1,1.0,0.0,0.0
15129.0,50,23,6860.18,4,5,5,Tier 1 Alpha Asset,0,0.0,373.4363227778169,0.0
15128.0,60,5,1783.68,3,4,4,High-Yield Volatile,0,0.0,47.06230747549531,0.0
15127.0,66,2,711.5,3,2,3,Dormant Capital,0,0.0,23.687502113064443,0.0
15148.0,11,1,301.29,5,1,2,Dormant Capital,0,0.0,0.0,0.0
15147.0,240,1,623.5,2,1,3,Dormant Capital,1,1.0,0.0,0.0
13530.0,634,1,402.98,1,1,2,Dormant Capital,1,1.0,0.0,0.0
13527.0,34,12,4683.74,4,5,5,Tier 1 Alpha Asset,0,0.0,54.733158807745454,0.0
13525.0,15,2,628.78,5,2,3,Dormant Capital,0,0.0,170.75145220980954,0.0
13524.0,41,5,680.1800000000001,4,4,3,Tier 1 Alpha Asset,0,0.0,140.22172044997612,0.0
13523.0,33,6,5101.52,4,4,5,Tier 1 Alpha Asset,0,0.0,91.38089421744773,0.0
13522.0,30,1,125.8,4,1,1,Dormant Capital,0,0.0,0.0,0.0
13521.0,1,3,1093.65,5,3,3,High-Yield Volatile,0,0.0,54.891461959750785,0.0
13520.0,59,11,6909.4,4,5,5,Tier 1 Alpha Asset,0,0.0,153.35677612495962,0.0
13519.0,78,2,343.21,3,2,2,Dormant Capital,0,0.0,20.142539741025114,0.0
13518.0,86,1,659.44,3,1,3,Dormant Capital,0,0.0,0.0,0.0
13517.0,60,3,2128.42,3,3,4,High-Yield Volatile,0,0.0,56.74247589438176,0.0
15168.0,26,1,106.56,4,1,1,Dormant Capital,0,0.0,0.0,0.0
15166.0,468,1,167.16,1,1,1,Dormant Capital,1,1.0,0.0,0.0
15165.0,373,1,975.5,2,1,3,Dormant Capital,1,1.0,0.0,0.0
15164.0,69,9,2068.92,3,5,4,High-Yield Volatile,0,0.0,23.335836277861095,0.0
15163.0,18,2,304.47,5,2,2,Dormant Capital,0,0.0,26.52974123803623,0.0
15162.0,731,1,312.9,1,1,2,Dormant Capital,1,1.0,0.0,0.0
15161.0,388,1,119.92,2,1,1,Dormant Capital,1,1.0,0.0,0.0
15159.0,2,34,22116.73,5,5,5,Tier 1 Alpha Asset,0,0.0,634.1520752037376,0.0
15158.0,45,2,606.02,4,2,2,Dormant Capital,0,0.0,60.886076583702234,0.0
15157.0,4,5,2654.11,5,4,4,Tier 1 Alpha Asset,0,0.0,35.30303974773558,0.0
15156.0,1,3,961.49,5,3,3,High-Yield Volatile,0,0.0,181.86275290179856,0.0
15155.0,383,1,383.97,2,1,2,Dormant Capital,1,1.0,0.0,0.0
15154.0,75,3,1388.41,3,3,4,High-Yield Volatile,0,0.0,13.856002600997812,0.0
15153.0,31,1,329.25,4,1,2,Dormant Capital,0,0.0,0.0,0.0
15152.0,10,14,5263.83,5,5,5,Tier 1 Alpha Asset,0,0.0,106.94904727673432,0.0
15150.0,17,13,9001.08,5,5,5,Tier 1 Alpha Asset,0,0.0,111.61202200606138,0.0
15189.0,1,46,17524.38,5,5,5,Tier 1 Alpha Asset,0,0.0,1975.6651588710668,0.0
15188.0,725,1,310.43,1,1,2,Dormant Capital,1,1.0,0.0,0.0
15187.0,2,16,4777.18,5,5,5,Tier 1 Alpha Asset,0,0.0,1030.0772978647622,0.0
15186.0,14,5,1403.2,5,4,4,Tier 1 Alpha Asset,0,0.0,55.90556506035258,0.0
15185.0,70,1,310.62,3,1,2,Dormant Capital,0,0.0,0.0,0.0
15184.0,29,4,689.95,4,3,3,High-Yield Volatile,0,0.0,13.84915337334672,0.0
15181.0,66,5,1200.2,3,4,3,High-Yield Volatile,0,0.0,116.21548972793312,0.0
15179.0,18,13,7491.92,5,5,5,Tier 1 Alpha Asset,0,0.0,128.06367028213327,0.0
15178.0,260,1,40.5,2,1,1,Dormant Capital,1,1.0,0.0,0.0
15177.0,426,1,948.93,1,1,3,Dormant Capital,1,1.0,0.0,0.0
15176.0,668,1,988.04,1,1,3,Dormant Capital,1,1.0,0.0,0.0
15175.0,72,1,224.14,3,1,1,Dormant Capital,0,0.0,0.0,0.0
15172.0,9,5,1624.05,5,4,4,Tier 1 Alpha Asset,0,0.0,80.42343940679353,0.0
15171.0,331,1,1289.5,2,1,4,Dormant Capital,1,1.0,0.0,0.0
15170.0,407,1,81.15,2,1,1,Dormant Capital,1,1.0,0.0,0.0
15197.0,11,6,1877.51,5,4,4,Tier 1 Alpha Asset,0,0.0,76.75412484092645,0.0
15195.0,3,1,3861.0,5,1,5,Dormant Capital,0,0.0,0.0,0.0
15194.0,3,28,12427.69,5,5,5,Tier 1 Alpha Asset,0,0.0,296.6848678513482,0.0
13511.0,677,1,282.76,1,1,1,Dormant Capital,1,1.0,0.0,0.0
13510.0,1,11,4558.29,5,5,5,Tier 1 Alpha Asset,0,0.0,73.56866883062352,0.0
13509.0,9,8,1114.72,5,4,3,Tier 1 Alpha Asset,0,0.0,103.9738720454707,0.0
13507.0,3,4,2479.16,5,3,4,High-Yield Volatile,0,0.0,95.65072975033588,0.0
13505.0,73,4,4393.63,3,3,5,High-Yield Volatile,0,0.0,83.72775515367563,0.0
13504.0,64,1,295.93,3,1,2,Dormant Capital,0,0.0,0.0,0.0
13503.0,71,6,1905.39,3,4,4,High-Yield Volatile,0,0.0,26.284838860679507,0.0
13502.0,17,5,780.5,5,4,3,Tier 1 Alpha Asset,0,0.0,61.159750845487316,0.0
13500.0,23,4,1466.3,4,3,4,High-Yield Volatile,0,0.0,46.992757129291526,0.0
13499.0,18,5,1159.11,5,4,3,Tier 1 Alpha Asset,0,0.0,131.48329649788582,0.0
13498.0,730,1,327.38,1,1,2,Dormant Capital,1,1.0,0.0,0.0
15193.0,61,1,499.32,3,1,2,Dormant Capital,0,0.0,0.0,0.0
15190.0,434,1,834.4399999999999,1,1,3,Dormant Capital,1,1.0,0.0,0.0
13494.0,312,1,316.26000000000005,2,1,2,Dormant Capital,1,1.0,0.0,0.0
13491.0,52,27,4566.56,4,5,5,Tier 1 Alpha Asset,0,0.0,191.86094706488893,0.0
13490.0,654,1,154.25,1,1,1,Dormant Capital,1,1.0,0.0,0.0
13488.0,17,23,15587.88,5,5,5,Tier 1 Alpha Asset,0,0.0,221.77830280621086,0.0
13487.0,58,5,846.87,4,4,3,Tier 1 Alpha Asset,0,0.0,34.45514763443693,0.0
13486.0,78,3,1122.41,3,3,3,High-Yield Volatile,0,0.0,64.75578243377703,0.0
13483.0,66,1,140.34,3,1,1,Dormant Capital,0,0.0,0.0,0.0
15209.0,730,1,178.98000000000002,1,1,1,Dormant Capital,1,1.0,0.0,0.0
15208.0,1,6,970.52,5,4,3,Tier 1 Alpha Asset,0,0.0,80.59467187289569,0.0
15206.0,10,4,420.3,5,3,2,High-Yield Volatile,0,0.0,168.9138192214785,0.0
15205.0,85,2,653.24,3,2,3,Dormant Capital,0,0.0,47.604620152383674,0.0
15204.0,357,1,316.58,2,1,2,Dormant Capital,1,1.0,0.0,0.0
15203.0,26,15,4400.18,4,5,5,Tier 1 Alpha Asset,0,0.0,80.92862284908497,0.0
15201.0,87,7,1842.95,3,4,4,High-Yield Volatile,0,0.0,61.29072117547059,0.0
15200.0,495,1,549.0500000000001,1,1,2,Dormant Capital,1,1.0,0.0,0.0
15199.0,59,10,3122.4,4,5,5,Tier 1 Alpha Asset,0,0.0,308.50899658427556,0.0
15233.0,401,1,59.400000000000006,2,1,1,Dormant Capital,1,1.0,0.0,0.0
15231.0,621,1,250.26,1,1,1,Dormant Capital,1,1.0,0.0,0.0
15229.0,586,1,160.5,1,1,1,Dormant Capital,1,1.0,0.0,0.0
15228.0,66,6,5580.27,3,4,5,High-Yield Volatile,0,0.0,80.52037834423439,0.0
15227.0,37,9,2488.49,4,5,4,Tier 1 Alpha Asset,0,0.0,87.41924398545007,0.0
15226.0,311,1,154.41,2,1,1,Dormant Capital,1,1.0,0.0,0.0
15225.0,234,1,409.4,2,1,2,Dormant Capital,1,1.0,0.0,0.0
15220.0,52,6,1778.96,4,4,4,Tier 1 Alpha Asset,0,0.0,85.3865879210324,0.0
15218.0,11,22,11516.57,5,5,5,Tier 1 Alpha Asset,0,0.0,282.95513343161,0.0
15217.0,563,1,426.24,1,1,2,Dormant Capital,1,1.0,0.0,0.0
15215.0,47,7,2422.4300000000003,4,4,4,Tier 1 Alpha Asset,0,0.0,71.52642994140638,0.0
15214.0,2,8,1661.44,5,4,4,Tier 1 Alpha Asset,0,0.0,131.8070885868645,0.0
15211.0,60,2,1277.48,3,2,4,Dormant Capital,0,0.0,22.76793764616492,0.0
13496.0,11,2,653.33,5,2,3,Dormant Capital,0,0.0,25.422708647696926,0.0
13495.0,8,10,5374.26,5,5,5,Tier 1 Alpha Asset,0,0.0,149.85704633818114,0.0
15242.0,422,1,302.04,1,1,2,Dormant Capital,1,1.0,0.0,0.0
13481.0,46,11,3830.84,4,5,5,Tier 1 Alpha Asset,0,0.0,77.47243563084231,0.0
13477.0,38,11,2834.17,4,5,4,Tier 1 Alpha Asset,0,0.0,86.98279716165194,0.0
13473.0,61,8,2657.76,3,4,4,High-Yield Volatile,0,0.0,123.64802602062085,0.0
13471.0,1,4,2531.58,5,3,4,High-Yield Volatile,0,0.0,126.25646288973354,0.0
13469.0,653,1,82.4,1,1,1,Dormant Capital,1,1.0,0.0,0.0
13468.0,2,72,13390.51,5,5,5,Tier 1 Alpha Asset,0,0.0,561.0678592455222,0.0
13467.0,11,2,1083.71,5,2,3,Dormant Capital,0,0.0,74.77287272032088,0.0
15240.0,45,12,4459.9800000000005,4,5,5,Tier 1 Alpha Asset,0,0.0,98.64499918040995,0.0
15239.0,10,2,780.59,5,2,3,Dormant Capital,0,0.0,68.40755273404808,0.0
15237.0,2,4,1412.32,5,3,4,High-Yield Volatile,0,0.0,63.853403903777846,0.0
15236.0,299,1,321.05,2,1,2,Dormant Capital,1,1.0,0.0,0.0
15234.0,277,1,197.0,2,1,1,Dormant Capital,1,1.0,0.0,0.0
13458.0,7,16,11959.27,5,5,5,Tier 1 Alpha Asset,0,0.0,292.5632416306149,0.0
13456.0,18,6,1766.72,5,4,4,Tier 1 Alpha Asset,0,0.0,201.250851456768,0.0
13455.0,25,6,2905.93,4,4,4,Tier 1 Alpha Asset,0,0.0,48.971057270074745,0.0
13454.0,641,1,219.87,1,1,1,Dormant Capital,1,1.0,0.0,0.0
13451.0,26,11,7190.92,4,5,5,Tier 1 Alpha Asset,0,0.0,37.28797582048107,0.0
13450.0,27,13,4120.04,4,5,5,Tier 1 Alpha Asset,0,0.0,180.35202912972628,0.0
13449.0,24,1,291.88,4,1,2,Dormant Capital,0,0.0,0.0,0.0
15255.0,67,9,3729.42,3,5,5,High-Yield Volatile,0,0.0,72.13647368656262,0.0
15253.0,16,8,2055.09,5,4,4,Tier 1 Alpha Asset,0,0.0,71.37744258678467,0.0
15252.0,36,5,2103.41,4,4,4,Tier 1 Alpha Asset,0,0.0,42.09669192789352,0.0
15251.0,9,21,20324.54,5,5,5,Tier 1 Alpha Asset,0,0.0,830.6916265349812,0.0
15250.0,641,1,60.0,1,1,1,Dormant Capital,1,1.0,0.0,0.0
15249.0,32,18,9266.0,4,5,5,Tier 1 Alpha Asset,0,0.0,161.25225095062814,0.0
15244.0,65,3,912.08,3,3,3,High-Yield Volatile,0,0.0,23.659951324524528,0.0
15243.0,74,2,927.28,3,2,3,Dormant Capital,0,0.0,17.742071247058508,0.0
15281.0,59,16,8543.57,4,5,5,Tier 1 Alpha Asset,0,0.0,173.62681456648147,0.0
15277.0,47,2,476.34,4,2,2,Dormant Capital,0,0.0,21.399287337604058,0.0
15276.0,66,4,649.53,3,3,3,High-Yield Volatile,0,0.0,10.618739932691934,0.0
15275.0,38,1,615.14,4,1,2,Dormant Capital,0,0.0,0.0,0.0
15274.0,4,2,716.57,5,2,3,Dormant Capital,0,0.0,124.36214289334856,0.0
15273.0,600,1,228.96,1,1,1,Dormant Capital,1,1.0,0.0,0.0
15272.0,57,6,2085.48,4,4,4,Tier 1 Alpha Asset,0,0.0,19.04618021817288,0.0
15271.0,7,24,4709.54,5,5,5,Tier 1 Alpha Asset,0,0.0,111.25573240588773,0.0
15270.0,16,21,8524.86,5,5,5,Tier 1 Alpha Asset,0,0.0,451.57385889628046,0.0
15269.0,24,3,1225.36,4,3,3,High-Yield Volatile,0,0.0,68.26452443506818,0.0
15267.0,22,5,1717.36,4,4,4,Tier 1 Alpha Asset,0,0.0,987.0460258604387,0.0
15264.0,64,2,848.4,3,2,3,Dormant Capital,0,0.0,15.18979988937277,0.0
15263.0,107,1,156.51,3,1,1,Dormant Capital,1,1.0,0.0,0.0
13464.0,58,6,3097.64,4,4,5,Tier 1 Alpha Asset,0,0.0,57.70590470119472,0.0
13461.0,39,6,4160.0,4,4,5,Tier 1 Alpha Asset,0,0.0,191.32413258531983,0.0
15298.0,2,23,9459.37,5,5,5,Tier 1 Alpha Asset,0,0.0,207.7324822477776,0.0
15297.0,10,3,641.94,5,3,3,High-Yield Volatile,0,0.0,126.28754081310514,0.0
15296.0,51,12,10342.83,4,5,5,Tier 1 Alpha Asset,0,0.0,101.68538054096256,0.0
15295.0,654,1,217.24,1,1,1,Dormant Capital,1,1.0,0.0,0.0
15294.0,411,1,233.35,1,1,1,Dormant Capital,1,1.0,0.0,0.0
15293.0,666,1,247.5,1,1,1,Dormant Capital,1,1.0,0.0,0.0
15292.0,201,1,180.94,2,1,1,Dormant Capital,1,1.0,0.0,0.0
15291.0,26,40,13846.56,4,5,5,Tier 1 Alpha Asset,0,0.0,941.9604396817102,0.0
15290.0,5,26,10496.28,5,5,5,Tier 1 Alpha Asset,0,0.0,436.68274468392406,0.0
15289.0,29,5,1593.09,4,4,4,Tier 1 Alpha Asset,0,0.0,38.40323421748051,0.0
15288.0,43,10,3883.13,4,5,5,Tier 1 Alpha Asset,0,0.0,96.38666549637945,0.0
15287.0,22,5,856.03,4,4,3,Tier 1 Alpha Asset,0,0.0,46.869827322444905,0.0
15286.0,50,1,240.55,4,1,1,Dormant Capital,0,0.0,0.0,0.0
15285.0,408,1,94.92,2,1,1,Dormant Capital,1,1.0,0.0,0.0
15284.0,500,1,24.75,1,1,1,Dormant Capital,1,1.0,0.0,0.0
15282.0,570,1,348.59,1,1,2,Dormant Capital,1,1.0,0.0,0.0
15317.0,677,1,129.75,1,1,1,Dormant Capital,1,1.0,0.0,0.0
15316.0,327,1,165.0,2,1,1,Dormant Capital,1,1.0,0.0,0.0
15315.0,64,2,570.5,3,2,2,Dormant Capital,0,0.0,47.5973365119733,0.0
15313.0,110,1,52.0,3,1,1,Dormant Capital,1,1.0,0.0,0.0
15312.0,75,12,2930.19,3,5,4,High-Yield Volatile,0,0.0,89.6244291000035,0.0
15311.0,1,208,116771.16,5,5,5,Tier 1 Alpha Asset,0,0.0,2318.005241589139,0.0
15310.0,479,1,1634.64,1,1,4,Dormant Capital,1,1.0,0.0,0.0
15308.0,274,1,310.47,2,1,2,Dormant Capital,1,1.0,0.0,0.0
15307.0,96,1,205.3,3,1,1,Dormant Capital,1,1.0,0.0,0.0
15306.0,64,9,3484.73,3,5,5,High-Yield Volatile,0,0.0,86.96001180107497,0.0
15305.0,555,1,93.6,1,1,1,Dormant Capital,1,1.0,0.0,0.0
15302.0,730,1,308.0,1,1,2,Dormant Capital,1,1.0,0.0,0.0
15301.0,51,17,7603.44,4,5,5,Tier 1 Alpha Asset,0,0.0,217.78449891563432,0.0
15300.0,64,1,496.44,3,1,2,Dormant Capital,0,0.0,0.0,0.0
15299.0,67,10,7991.54,3,5,5,High-Yield Volatile,0,0.0,2589.087720485818,0.0
15322.0,86,2,1390.86,3,2,4,Dormant Capital,0,0.0,17.7281704600428,0.0
13448.0,17,13,9240.87,5,5,5,Tier 1 Alpha Asset,0,0.0,89.68809557333697,0.0
13447.0,23,3,1129.14,4,3,3,High-Yield Volatile,0,0.0,183.9158903563779,0.0
13445.0,626,1,241.9,1,1,1,Dormant Capital,1,1.0,0.0,0.0
13438.0,547,1,46.5,1,1,1,Dormant Capital,1,1.0,0.0,0.0
13437.0,14,7,3408.06,5,4,5,Tier 1 Alpha Asset,0,0.0,186.00190180852613,0.0
13436.0,2,1,196.89,5,1,1,Dormant Capital,0,0.0,0.0,0.0
13435.0,5,9,4475.2300000000005,5,5,5,Tier 1 Alpha Asset,0,0.0,153.79226996634355,0.0
13434.0,74,5,1666.86,3,4,4,High-Yield Volatile,0,0.0,101.98858895226181,0.0
15321.0,71,12,6709.7300000000005,3,5,5,High-Yield Volatile,0,0.0,115.15288812591609,0.0
15320.0,44,1,267.13,4,1,1,Dormant Capital,0,0.0,0.0,0.0
15319.0,284,1,204.5,2,1,1,Dormant Capital,1,1.0,0.0,0.0
15318.0,4,1,312.62,5,1,2,Dormant Capital,0,0.0,0.0,0.0
15344.0,1,3,563.94,5,3,2,High-Yield Volatile,0,0.0,151.49148144500236,0.0
15343.0,87,1,364.5,3,1,2,Dormant Capital,0,0.0,0.0,0.0
15342.0,130,1,406.09,3,1,2,Dormant Capital,1,1.0,0.0,0.0
15341.0,81,2,2402.72,3,2,4,Dormant Capital,0,0.0,96.46322774494632,0.0
15340.0,562,1,105.5,1,1,1,Dormant Capital,1,1.0,0.0,0.0
15339.0,66,7,1827.84,3,4,4,High-Yield Volatile,0,0.0,26.05206064548139,0.0
15338.0,677,1,283.43,1,1,1,Dormant Capital,1,1.0,0.0,0.0
15337.0,411,1,373.02,1,1,2,Dormant Capital,1,1.0,0.0,0.0
15336.0,402,1,240.5,2,1,1,Dormant Capital,1,1.0,0.0,0.0
15335.0,54,1,173.97,4,1,1,Dormant Capital,0,0.0,0.0,0.0
15333.0,208,1,1028.56,2,1,3,Dormant Capital,1,1.0,0.0,0.0
15330.0,32,2,714.9599999999999,4,2,3,Dormant Capital,0,0.0,228.42090885938515,0.0
15329.0,39,11,2984.33,4,5,5,Tier 1 Alpha Asset,0,0.0,88.24959851896517,0.0
15328.0,408,1,107.24,2,1,1,Dormant Capital,1,1.0,0.0,0.0
15327.0,53,1,208.75,4,1,1,Dormant Capital,0,0.0,0.0,0.0
15324.0,701,1,140.22000000000003,1,1,1,Dormant Capital,1,1.0,0.0,0.0
15370.0,41,8,3739.01,4,4,5,Tier 1 Alpha Asset,0,0.0,141.7039481137545,0.0
15368.0,21,2,722.74,4,2,3,Dormant Capital,0,0.0,100.02141443067634,0.0
15367.0,57,11,5081.33,4,5,5,Tier 1 Alpha Asset,0,0.0,82.95144719005135,0.0
15366.0,75,7,2389.08,3,4,4,High-Yield Volatile,0,0.0,54.594182857373866,0.0
15365.0,26,13,4557.13,4,5,5,Tier 1 Alpha Asset,0,0.0,122.083368254225,0.0
15360.0,40,1,427.93,4,1,2,Dormant Capital,0,0.0,0.0,0.0
15358.0,5,42,17050.41,5,5,5,Tier 1 Alpha Asset,0,0.0,268.82874833012306,0.0
15356.0,31,13,3464.95,4,5,5,Tier 1 Alpha Asset,0,0.0,42.538544770927196,0.0
15355.0,29,2,277.05,4,2,1,Dormant Capital,0,0.0,97.42611579080965,0.0
15352.0,549,1,114.95,1,1,1,Dormant Capital,1,1.0,0.0,0.0
15351.0,12,10,3738.29,5,5,5,Tier 1 Alpha Asset,0,0.0,68.07193657288214,0.0
15348.0,72,1,158.04,3,1,1,Dormant Capital,0,0.0,0.0,0.0
15345.0,46,1,393.54,4,1,2,Dormant Capital,0,0.0,0.0,0.0
15373.0,8,17,3421.39,5,5,5,Tier 1 Alpha Asset,0,0.0,148.90969502048608,0.0
15371.0,662,1,59.400000000000006,1,1,1,Dormant Capital,1,1.0,0.0,0.0
13431.0,67,8,3316.24,3,4,5,High-Yield Volatile,0,0.0,91.47017587331437,0.0
13430.0,19,2,679.45,5,2,3,Dormant Capital,0,0.0,57.37620764986271,0.0
13429.0,11,4,1006.8,5,3,3,High-Yield Volatile,0,0.0,145.1869936358508,0.0
13428.0,10,3,499.98,5,3,2,High-Yield Volatile,0,0.0,7.46952624621539,0.0
13427.0,19,6,1006.53,5,4,3,Tier 1 Alpha Asset,0,0.0,47.60481812908779,0.0
13426.0,1,22,8167.38,5,5,5,Tier 1 Alpha Asset,0,0.0,221.07308152435033,0.0
13424.0,450,1,572.77,1,1,2,Dormant Capital,1,1.0,0.0,0.0
13423.0,429,1,217.03,1,1,1,Dormant Capital,1,1.0,0.0,0.0
13422.0,64,1,2626.3,3,1,4,Dormant Capital,0,0.0,0.0,0.0
13421.0,40,8,4103.12,4,4,5,Tier 1 Alpha Asset,0,0.0,54.42244358771893,0.0
13419.0,64,1,221.06,3,1,1,Dormant Capital,0,0.0,0.0,0.0
13418.0,12,31,12233.6,5,5,5,Tier 1 Alpha Asset,0,0.0,286.08371634566953,0.0
13417.0,5,6,1669.49,5,4,4,Tier 1 Alpha Asset,0,0.0,57.02332641040839,0.0
13412.0,620,1,487.35,1,1,2,Dormant Capital,1,1.0,0.0,0.0
13411.0,107,1,213.55,3,1,1,Dormant Capital,1,1.0,0.0,0.0
13410.0,24,9,2201.96,4,5,4,Tier 1 Alpha Asset,0,0.0,161.54630622484325,0.0
13408.0,2,106,51733.462,5,5,5,Tier 1 Alpha Asset,0,0.0,2765.9274322035553,0.0
13405.0,74,6,1213.811,3,4,3,High-Yield Volatile,0,0.0,67.9818052680307,0.0
13404.0,1,2,252.49,5,2,1,Dormant Capital,0,0.0,47.111599905306534,0.0
13400.0,583,1,310.83,1,1,2,Dormant Capital,1,1.0,0.0,0.0
15387.0,492,1,468.65,1,1,2,Dormant Capital,1,1.0,0.0,0.0
15386.0,186,1,394.14,3,1,2,Dormant Capital,1,0.99,0.0,0.0
15385.0,40,3,942.08,4,3,3,High-Yield Volatile,0,0.0,52.7672261053564,0.0
15382.0,15,12,13733.55,5,5,5,Tier 1 Alpha Asset,0,0.0,107.8705497044824,0.0
15380.0,9,11,3479.06,5,5,5,Tier 1 Alpha Asset,0,0.0,294.06774632472894,0.0
15376.0,40,3,1233.36,4,3,3,High-Yield Volatile,0,0.0,35.91234833605397,0.0
15375.0,690,1,60.96,1,1,1,Dormant Capital,1,1.0,0.0,0.0
15410.0,84,10,4685.72,3,5,5,High-Yield Volatile,0,0.0,140.0897697529537,0.0
15409.0,721,1,131.25,1,1,1,Dormant Capital,1,1.0,0.0,0.0
15408.0,264,1,267.18,2,1,1,Dormant Capital,1,1.0,0.0,0.0
15407.0,34,4,1056.44,4,3,3,High-Yield Volatile,0,0.0,25.784554401261875,0.0
15406.0,31,4,975.87,4,3,3,High-Yield Volatile,0,0.0,20.881049134155855,0.0
15404.0,376,1,257.06,2,1,1,Dormant Capital,1,1.0,0.0,0.0
15399.0,1,3,815.77,5,3,3,High-Yield Volatile,0,0.0,112.04916928099806,0.0
15397.0,290,1,94.0,2,1,1,Dormant Capital,1,1.0,0.0,0.0
15395.0,326,1,107.45,2,1,1,Dormant Capital,1,1.0,0.0,0.0
15394.0,10,11,5286.8,5,5,5,Tier 1 Alpha Asset,0,0.0,107.14543983033865,0.0
15393.0,16,5,891.34,5,4,3,Tier 1 Alpha Asset,0,0.0,40.906165209284644,0.0
15392.0,5,7,2911.62,5,4,4,Tier 1 Alpha Asset,0,0.0,93.1698980230293,0.0
15391.0,584,1,289.87,1,1,1,Dormant Capital,1,1.0,0.0,0.0
15388.0,270,1,140.54,2,1,1,Dormant Capital,1,1.0,0.0,0.0
13416.0,44,3,940.8,4,3,3,High-Yield Volatile,0,0.0,39.72706840449092,0.0
15432.0,23,2,320.76,4,2,2,Dormant Capital,0,0.0,18.824491340088407,0.0
15431.0,503,1,153.24,1,1,1,Dormant Capital,1,1.0,0.0,0.0
15429.0,27,2,397.35,4,2,2,Dormant Capital,0,0.0,28.972355387886424,0.0
15428.0,15,4,762.75,5,3,3,High-Yield Volatile,0,0.0,27.842068167697228,0.0
15427.0,33,3,1483.14,4,3,4,High-Yield Volatile,0,0.0,49.57300115313861,0.0
15426.0,19,9,2615.39,5,5,4,Tier 1 Alpha Asset,0,0.0,23.632585225861316,0.0
15423.0,38,3,266.89,4,3,1,High-Yield Volatile,0,0.0,25.417662171582705,0.0
15421.0,59,10,3805.34,4,5,5,Tier 1 Alpha Asset,0,0.0,50.03424936945901,0.0
15419.0,25,1,135.86,4,1,1,Dormant Capital,0,0.0,0.0,0.0
15417.0,85,1,508.8,3,1,2,Dormant Capital,0,0.01,0.0,0.0
15416.0,65,7,4572.82,3,4,5,High-Yield Volatile,0,0.0,61.01475411632977,0.0
15415.0,313,1,572.8100000000001,2,1,2,Dormant Capital,1,1.0,0.0,0.0
15414.0,10,3,774.9000000000001,5,3,3,High-Yield Volatile,0,0.0,60.09079793603578,0.0
15412.0,171,1,190.53,3,1,1,Dormant Capital,1,1.0,0.0,0.0
15411.0,26,4,1358.88,4,3,4,High-Yield Volatile,0,0.0,72.10970911130063,0.0
15440.0,55,3,383.68,4,3,2,High-Yield Volatile,0,0.0,23.894790825091942,0.0
15438.0,131,1,156.57999999999998,3,1,1,Dormant Capital,1,1.0,0.0,0.0
15436.0,12,3,1122.53,5,3,3,High-Yield Volatile,0,0.0,14.459266418766555,0.0
13397.0,73,10,3191.87,3,5,5,High-Yield Volatile,0,0.0,153.873794742506,0.0
13396.0,29,2,1360.99,4,2,4,Dormant Capital,0,0.0,44.52550239933917,0.0
13394.0,2,19,6621.7,5,5,5,Tier 1 Alpha Asset,0,0.0,128.45427086664355,0.0
13392.0,677,1,91.14,1,1,1,Dormant Capital,1,1.0,0.0,0.0
13391.0,204,1,59.8,2,1,1,Dormant Capital,1,1.0,0.0,0.0
13390.0,75,1,544.08,3,1,2,Dormant Capital,0,0.0,0.0,0.0
13389.0,11,3,797.96,5,3,3,High-Yield Volatile,0,0.0,49.749309199296206,0.0
13387.0,417,1,189.44,1,1,1,Dormant Capital,1,1.0,0.0,0.0
13385.0,330,1,534.57,2,1,2,Dormant Capital,1,1.0,0.0,0.0
13384.0,31,11,6680.83,4,5,5,Tier 1 Alpha Asset,0,0.0,162.01710378673096,0.0
13383.0,544,1,305.28000000000003,1,1,2,Dormant Capital,1,1.0,0.0,0.0
15435.0,22,1,149.29,4,1,1,Dormant Capital,0,0.0,0.0,0.0
15434.0,8,11,2567.06,5,5,4,Tier 1 Alpha Asset,0,0.0,93.17317972353929,0.0
13381.0,32,12,8224.37,4,5,5,Tier 1 Alpha Asset,0,0.0,113.9034540434177,0.0
13380.0,433,1,62.4,1,1,1,Dormant Capital,1,1.0,0.0,0.0
13379.0,26,3,572.56,4,3,2,High-Yield Volatile,0,0.0,32.111750313366294,0.0
13375.0,89,2,1792.23,3,2,4,Dormant Capital,0,0.0,26.703651988218674,0.0
13372.0,90,1,378.64,3,1,2,Dormant Capital,0,0.0,0.0,0.0
13370.0,372,1,1509.74,2,1,4,Dormant Capital,1,1.0,0.0,0.0
13369.0,366,1,616.5600000000001,2,1,2,Dormant Capital,1,1.0,0.0,0.0
13367.0,432,1,510.2,1,1,2,Dormant Capital,1,1.0,0.0,0.0
13366.0,50,1,56.16,4,1,1,Dormant Capital,0,0.02,0.0,0.0
15450.0,30,1,429.84,4,1,2,Dormant Capital,0,0.0,0.0,0.0
15449.0,26,3,974.52,4,3,3,High-Yield Volatile,0,0.0,46.50803270019419,0.0
15444.0,9,2,1418.26,5,2,4,Dormant Capital,0,0.0,49.261255342130106,0.0
15443.0,2,14,5175.93,5,5,5,Tier 1 Alpha Asset,0,0.0,53.81041289446379,0.0
15442.0,249,1,594.0,2,1,2,Dormant Capital,1,1.0,0.0,0.0
15472.0,113,1,371.56,3,1,2,Dormant Capital,1,1.0,0.0,0.0
15471.0,2,3,1316.56,5,3,4,High-Yield Volatile,0,0.0,13.435469658800706,0.0
15470.0,576,1,63.42,1,1,1,Dormant Capital,1,1.0,0.0,0.0
15469.0,50,3,874.25,4,3,3,High-Yield Volatile,0,0.0,36.63467973723029,0.0
15468.0,51,3,1430.48,4,3,4,High-Yield Volatile,0,0.0,35.80589249074923,0.0
15467.0,9,3,524.88,5,3,2,High-Yield Volatile,0,0.0,46.96397624843463,0.0
15466.0,85,4,1571.01,3,3,4,High-Yield Volatile,0,0.0,10.29421775337777,0.0
15465.0,20,32,12655.65,4,5,5,Tier 1 Alpha Asset,0,0.0,649.9295243435727,0.0
15464.0,338,1,1048.85,2,1,3,Dormant Capital,1,1.0,0.0,0.0
15463.0,29,1,126.14,4,1,1,Dormant Capital,0,0.0,0.0,0.0
15460.0,354,1,216.76,2,1,1,Dormant Capital,1,1.0,0.0,0.0
15458.0,25,2,370.44,4,2,2,Dormant Capital,0,0.0,33.29777718753482,0.0
15457.0,262,1,237.07,2,1,1,Dormant Capital,1,1.0,0.0,0.0
15455.0,598,1,38.25,1,1,1,Dormant Capital,1,1.0,0.0,0.0
15453.0,2,7,1388.37,5,4,4,Tier 1 Alpha Asset,0,0.0,48.55872450228258,0.0
15452.0,30,6,1799.11,4,4,4,Tier 1 Alpha Asset,0,0.0,31.10431654314796,0.0
15494.0,21,5,3780.05,4,4,5,Tier 1 Alpha Asset,0,0.0,20.796964039273302,0.0
15493.0,33,9,4314.9800000000005,4,5,5,Tier 1 Alpha Asset,0,0.0,28.29356729377141,0.0
15490.0,430,1,217.6,1,1,1,Dormant Capital,1,1.0,0.0,0.0
15489.0,23,8,2419.61,4,4,4,Tier 1 Alpha Asset,0,0.0,73.08294516807392,0.0
15487.0,680,1,231.32,1,1,1,Dormant Capital,1,1.0,0.0,0.0
15486.0,527,1,102.0,1,1,1,Dormant Capital,1,1.0,0.0,0.0
15485.0,30,7,5771.51,4,4,5,Tier 1 Alpha Asset,0,0.0,100.16339696128264,0.0
15484.0,1,6,4656.0,5,4,5,Tier 1 Alpha Asset,0,0.0,46.888922228603555,0.0
15482.0,16,19,14592.56,5,5,5,Tier 1 Alpha Asset,0,0.0,770.7115623065208,0.0
15481.0,401,1,1993.34,2,1,4,Dormant Capital,1,1.0,0.0,0.0
15479.0,733,1,147.4,1,1,1,Dormant Capital,1,1.0,0.0,0.0
15478.0,40,3,2024.98,4,3,4,High-Yield Volatile,0,0.0,39.68363223176742,0.0
15477.0,650,1,368.4,1,1,2,Dormant Capital,1,1.0,0.0,0.0
15475.0,77,1,454.11,3,1,2,Dormant Capital,0,0.0,0.0,0.0
15474.0,596,1,163.1,1,1,1,Dormant Capital,1,1.0,0.0,0.0
15511.0,12,5,909.23,5,4,3,Tier 1 Alpha Asset,0,0.0,69.96519484184603,0.0
15510.0,331,1,250.0,2,1,1,Dormant Capital,1,1.0,0.0,0.0
15509.0,380,1,166.51,2,1,1,Dormant Capital,1,1.0,0.0,0.0
15507.0,172,1,492.36,3,1,2,Dormant Capital,1,1.0,0.0,0.0
15505.0,53,5,3610.96,4,4,5,Tier 1 Alpha Asset,0,0.0,260.5480166810252,0.0
15504.0,81,4,423.85,3,3,2,High-Yield Volatile,0,0.0,11.640649961912054,0.0
15502.0,16,14,13993.47,5,5,5,Tier 1 Alpha Asset,0,0.0,290.0840475983992,0.0
15500.0,8,4,1131.56,5,3,3,High-Yield Volatile,0,0.0,153.04258943774417,0.0
15499.0,724,1,161.6,1,1,1,Dormant Capital,1,1.0,0.0,0.0
15498.0,3,44,26039.58,5,5,5,Tier 1 Alpha Asset,0,0.0,506.1619108091969,0.0
15497.0,18,9,8657.39,5,5,5,Tier 1 Alpha Asset,0,0.0,265.0790940744405,0.0
15496.0,631,1,146.14,1,1,1,Dormant Capital,1,1.0,0.0,0.0
15495.0,379,1,246.5,2,1,1,Dormant Capital,1,1.0,0.0,0.0
15529.0,23,12,5111.95,4,5,5,Tier 1 Alpha Asset,0,0.0,56.664120989739175,0.0
15528.0,254,1,229.33,2,1,1,Dormant Capital,1,1.0,0.0,0.0
15527.0,19,23,5575.64,5,5,5,Tier 1 Alpha Asset,0,0.0,164.93460500093326,0.0
15526.0,33,2,148.44,4,2,1,Dormant Capital,0,0.0,201.8018431993447,0.0
15525.0,2,4,1295.7,5,3,4,High-Yield Volatile,0,0.0,16.31253299691342,0.0
15524.0,25,2,591.4,4,2,2,Dormant Capital,0,0.0,50.196584230482834,0.0
15523.0,84,16,17359.99,3,5,5,High-Yield Volatile,0,0.0,525.0528073037376,0.0
15522.0,33,2,398.84,4,2,2,Dormant Capital,0,0.0,33.011993164532896,0.0
15521.0,40,16,7106.69,4,5,5,Tier 1 Alpha Asset,0,0.0,121.45569646483547,0.0
15520.0,2,1,343.5,5,1,2,Dormant Capital,0,0.0,0.0,0.0
15518.0,64,15,4218.94,3,5,5,High-Yield Volatile,0,0.0,59.171589460598554,0.0
15517.0,233,1,267.03,2,1,1,Dormant Capital,1,1.0,0.0,0.0
15515.0,387,1,171.81,2,1,1,Dormant Capital,1,1.0,0.0,0.0
15514.0,12,18,6598.55,5,5,5,Tier 1 Alpha Asset,0,0.0,146.05617293932804,0.0
15513.0,33,35,27750.55,4,5,5,Tier 1 Alpha Asset,0,0.0,760.362307174331,0.0
15532.0,25,10,3771.9,4,5,5,Tier 1 Alpha Asset,0,0.0,33.64651633044378,0.0
13365.0,34,2,2225.37,4,2,4,Dormant Capital,0,0.0,35.71096193393327,0.0
13364.0,71,1,134.96,3,1,1,Dormant Capital,0,0.0,0.0,0.0
13363.0,18,3,1723.86,5,3,4,High-Yield Volatile,0,0.0,33.10174945680046,0.0
13362.0,9,7,5394.07,5,4,5,Tier 1 Alpha Asset,0,0.0,84.81798353914527,0.0
13359.0,64,2,1043.31,3,2,3,Dormant Capital,0,0.0,22.560628103445534,0.0
13358.0,269,1,439.03,2,1,2,Dormant Capital,1,1.0,0.0,0.0
13356.0,80,1,768.24,3,1,3,Dormant Capital,0,0.0,0.0,0.0
13355.0,122,1,674.7,3,1,3,Dormant Capital,1,0.99,0.0,0.0
13354.0,71,1,743.53,3,1,3,Dormant Capital,0,0.0,0.0,0.0
13352.0,60,1,397.98,3,1,2,Dormant Capital,0,0.0,0.0,0.0
13351.0,66,1,373.94,3,1,2,Dormant Capital,0,0.0,0.0,0.0
13350.0,16,2,979.12,5,2,3,Dormant Capital,0,0.0,98.17524773465912,0.0
13349.0,11,1,247.32,5,1,1,Dormant Capital,0,0.0,0.0,0.0
15531.0,8,2,2007.44,5,2,4,Dormant Capital,0,0.0,68.54936703637436,0.0
15530.0,22,5,1813.72,4,4,4,Tier 1 Alpha Asset,0,0.0,35.84159899572218,0.0
15553.0,60,1,437.23,3,1,2,Dormant Capital,0,0.0,0.0,0.0
15551.0,37,7,1710.08,4,4,4,Tier 1 Alpha Asset,0,0.0,42.67899630636639,0.0
15550.0,4,12,2218.8,5,5,4,Tier 1 Alpha Asset,0,0.0,46.7204370021578,0.0
15549.0,77,8,2345.96,3,4,4,High-Yield Volatile,0,0.0,49.60777979016463,0.0
15548.0,596,1,158.09,1,1,1,Dormant Capital,1,1.0,0.0,0.0
15547.0,7,26,10154.39,5,5,5,Tier 1 Alpha Asset,0,0.0,82.8492306332657,0.0
15545.0,54,2,428.05,4,2,2,Dormant Capital,0,0.0,7.8571849671031275,0.0
15544.0,9,20,8162.43,5,5,5,Tier 1 Alpha Asset,0,0.0,132.34526912027056,0.0
15541.0,114,1,85.13000000000001,3,1,1,Dormant Capital,1,1.0,0.0,0.0
15540.0,11,2,460.68,5,2,2,Dormant Capital,0,0.0,20.229596258659516,0.0
15539.0,7,1,538.46,5,1,2,Dormant Capital,0,0.0,0.0,0.0
15537.0,163,1,110.92,3,1,1,Dormant Capital,1,1.0,0.0,0.0
15536.0,409,1,259.09,2,1,1,Dormant Capital,1,1.0,0.0,0.0
15534.0,726,1,162.25,1,1,1,Dormant Capital,1,1.0,0.0,0.0
15533.0,19,3,807.57,5,3,3,High-Yield Volatile,0,0.0,64.79087631421517,0.0
15575.0,620,1,30.1,1,1,1,Dormant Capital,1,1.0,0.0,0.0
15573.0,32,5,1207.18,4,4,3,Tier 1 Alpha Asset,0,0.0,12.13252185327264,0.0
15572.0,5,10,4068.67,5,5,5,Tier 1 Alpha Asset,0,0.0,57.217184211066694,0.0
15571.0,12,14,4051.63,5,5,5,Tier 1 Alpha Asset,0,0.0,38.175229572460935,0.0
15570.0,7,25,9311.04,5,5,5,Tier 1 Alpha Asset,0,0.0,146.09572344436845,0.0
15568.0,3,3,758.29,5,3,3,High-Yield Volatile,0,0.0,104.17769080394015,0.0
15567.0,19,1,186.01,5,1,1,Dormant Capital,0,0.0,0.0,0.0
15565.0,50,2,173.16000000000005,4,2,1,Dormant Capital,0,0.0,85.088980139757,0.0
15563.0,22,7,2867.0,4,4,4,Tier 1 Alpha Asset,0,0.0,34.45685963333382,0.0
15561.0,12,8,1934.39,5,4,4,Tier 1 Alpha Asset,0,0.0,75.41375869318777,0.0
15559.0,568,1,1109.4,1,1,3,Dormant Capital,1,1.0,0.0,0.0
15558.0,639,1,214.13,1,1,1,Dormant Capital,1,1.0,0.0,0.0
15557.0,29,1,473.65,4,1,2,Dormant Capital,0,0.0,0.0,0.0
15556.0,24,1,279.77,4,1,1,Dormant Capital,0,0.0,0.0,0.0
15555.0,12,36,12112.35,5,5,5,Tier 1 Alpha Asset,0,0.0,110.41435456992296,0.0
15554.0,278,1,217.2,2,1,1,Dormant Capital,1,1.0,0.0,0.0
15582.0,25,3,682.9100000000001,4,3,3,High-Yield Volatile,0,0.0,51.39961572425888,0.0
13348.0,64,1,233.76,3,1,1,Dormant Capital,0,0.0,0.0,0.0
13347.0,70,1,341.36,3,1,2,Dormant Capital,0,0.0,0.0,0.0
13345.0,288,1,389.5,2,1,2,Dormant Capital,1,1.0,0.0,0.0
13344.0,68,3,2543.7200000000003,3,3,4,High-Yield Volatile,0,0.0,55.78981208822461,0.0
13343.0,178,1,353.43,3,1,2,Dormant Capital,1,1.0,0.0,0.0
13341.0,261,1,775.85,2,1,3,Dormant Capital,1,1.0,0.0,0.0
13339.0,201,1,860.12,2,1,3,Dormant Capital,1,1.0,0.0,0.0
13337.0,546,1,1575.26,1,1,4,Dormant Capital,1,1.0,0.0,0.0
13336.0,77,1,795.12,3,1,3,Dormant Capital,0,0.0,0.0,0.0
13332.0,14,1,350.90000000000003,5,1,2,Dormant Capital,0,0.0,0.0,0.0
13331.0,402,1,262.4,2,1,1,Dormant Capital,1,1.0,0.0,0.0
15579.0,69,5,1302.5,3,4,4,High-Yield Volatile,0,0.0,25.727234707531668,0.0
15578.0,162,1,127.1,3,1,1,Dormant Capital,1,1.0,0.0,0.0
15576.0,38,1,940.67,4,1,3,Dormant Capital,0,0.0,0.0,0.0
15604.0,52,1,216.39,4,1,1,Dormant Capital,0,0.0,0.0,0.0
15603.0,79,2,88.48,3,2,1,Dormant Capital,0,0.0,17.180707802904188,0.0
15602.0,8,16,3230.51,5,5,5,Tier 1 Alpha Asset,0,0.0,167.4737723137345,0.0
15601.0,11,30,14960.12,5,5,5,Tier 1 Alpha Asset,0,0.0,216.08957433657156,0.0
15599.0,27,3,1250.06,4,3,4,High-Yield Volatile,0,0.0,27.632677645274576,0.0
15598.0,53,2,548.02,4,2,2,Dormant Capital,0,0.0,18.16715999015633,0.0
15597.0,35,2,563.37,4,2,2,Dormant Capital,0,0.0,14.091546583642605,0.0
15595.0,488,1,357.6,1,1,2,Dormant Capital,1,1.0,0.0,0.0
15594.0,16,5,1771.78,5,4,4,Tier 1 Alpha Asset,0,0.0,93.4061413039376,0.0
15593.0,71,1,199.8,3,1,1,Dormant Capital,0,0.0,0.0,0.0
15592.0,47,1,388.58,4,1,2,Dormant Capital,0,0.0,0.0,0.0
15588.0,678,1,579.6,1,1,2,Dormant Capital,1,1.0,0.0,0.0
15587.0,50,7,1522.08,4,4,4,Tier 1 Alpha Asset,0,0.0,432.5431238244486,0.0
15585.0,177,1,455.3,3,1,2,Dormant Capital,1,1.0,0.0,0.0
15584.0,24,6,1277.5,4,4,4,Tier 1 Alpha Asset,0,0.0,16.164699073906938,0.0
15583.0,376,1,107.86,2,1,1,Dormant Capital,1,1.0,0.0,0.0
15626.0,75,3,1067.52,3,3,3,High-Yield Volatile,0,0.0,25.69252249804057,0.0
15622.0,43,17,7852.610000000001,4,5,5,Tier 1 Alpha Asset,0,0.0,146.5500032447135,0.0
15621.0,4,4,1293.03,5,3,4,High-Yield Volatile,0,0.0,1274.8265463454914,0.0
15620.0,57,4,1942.36,4,3,4,High-Yield Volatile,0,0.0,40.189668345489395,0.0
15619.0,11,1,336.4,5,1,2,Dormant Capital,0,0.0,0.0,0.0
15618.0,33,4,776.851,4,3,3,High-Yield Volatile,0,0.0,109.5583668701149,0.0
15616.0,438,1,317.11,1,1,2,Dormant Capital,1,1.0,0.0,0.0
15615.0,10,47,21373.97,5,5,5,Tier 1 Alpha Asset,0,0.0,469.76011015063835,0.0
15613.0,610,1,433.72,1,1,2,Dormant Capital,1,1.0,0.0,0.0
15612.0,36,2,195.15,4,2,1,Dormant Capital,0,0.0,137.43382116276962,0.0
15611.0,10,26,2997.28,5,5,5,Tier 1 Alpha Asset,0,0.0,372.11899354376527,0.0
15610.0,52,1,112.46,4,1,1,Dormant Capital,0,0.0,0.0,0.0
15609.0,184,1,298.48,3,1,2,Dormant Capital,1,1.0,0.0,0.0
15608.0,28,5,1785.98,4,4,4,Tier 1 Alpha Asset,0,0.0,56.90589107937009,0.0
15606.0,61,17,5230.99,3,5,5,High-Yield Volatile,0,0.0,282.985562162816,0.0
15605.0,36,9,1936.8,4,5,4,Tier 1 Alpha Asset,0,0.0,67.96892085589546,0.0
15628.0,5,17,5652.26,5,5,5,Tier 1 Alpha Asset,0,0.0,127.88621940146503,0.0
13329.0,32,8,5112.97,4,4,5,Tier 1 Alpha Asset,0,0.0,131.8694328227745,0.0
13328.0,316,1,1308.48,2,1,4,Dormant Capital,1,1.0,0.0,0.0
13327.0,39,20,9879.48,4,5,5,Tier 1 Alpha Asset,0,0.0,244.45373188762895,0.0
13326.0,432,1,281.76,1,1,1,Dormant Capital,1,1.0,0.0,0.0
13325.0,82,1,675.3,3,1,3,Dormant Capital,0,0.0,0.0,0.0
13324.0,36,18,10513.47,4,5,5,Tier 1 Alpha Asset,0,0.0,754.1402532835983,0.0
13323.0,3,5,787.85,5,4,3,Tier 1 Alpha Asset,0,0.0,418.95659717225135,0.0
13322.0,17,1,199.48,5,1,1,Dormant Capital,0,0.0,0.0,0.0
13321.0,72,2,567.36,3,2,2,Dormant Capital,0,0.0,155.2572911865118,0.0
13320.0,78,6,2228.1,3,4,4,High-Yield Volatile,0,0.0,52.67092979783424,0.0
13319.0,5,58,22082.5,5,5,5,Tier 1 Alpha Asset,0,0.0,569.1382935078375,0.0
13318.0,1,3,640.76,5,3,3,High-Yield Volatile,0,0.0,309.889451359691,0.0
13317.0,66,19,6486.091,3,5,5,High-Yield Volatile,0,0.0,149.29880115387633,0.0
13316.0,37,10,13191.57,4,5,5,Tier 1 Alpha Asset,0,0.0,346.8918111737433,0.0
13315.0,689,1,310.26000000000005,1,1,2,Dormant Capital,1,1.0,0.0,0.0
13310.0,28,5,1541.2,4,4,4,Tier 1 Alpha Asset,0,0.0,56.059975155827416,0.0
13309.0,7,6,1706.37,5,4,4,Tier 1 Alpha Asset,0,0.0,56.811582319212654,0.0
13308.0,23,4,1670.37,4,3,4,High-Yield Volatile,0,0.0,44.23933400372433,0.0
13306.0,430,1,53.65,1,1,1,Dormant Capital,1,1.0,0.0,0.0
13305.0,4,16,3754.71,5,5,5,Tier 1 Alpha Asset,0,0.0,138.67704693183433,0.0
13303.0,400,1,61.72,2,1,1,Dormant Capital,1,1.0,0.0,0.0
15642.0,730,1,105.78,1,1,1,Dormant Capital,1,1.0,0.0,0.0
15640.0,4,29,23957.58,5,5,5,Tier 1 Alpha Asset,0,0.0,386.60574211867885,0.0
15637.0,53,5,797.59,4,4,3,Tier 1 Alpha Asset,0,0.0,39.15581112398202,0.0
15636.0,90,4,1444.58,3,3,4,High-Yield Volatile,0,0.0,48.82087187785955,0.0
15635.0,396,1,100.35,2,1,1,Dormant Capital,1,1.0,0.0,0.0
15634.0,17,2,554.65,5,2,2,Dormant Capital,0,0.0,21.46847434761381,0.0
15632.0,16,8,3285.31,5,4,5,Tier 1 Alpha Asset,0,0.0,153.31360072530737,0.0
15631.0,642,1,596.67,1,1,2,Dormant Capital,1,1.0,0.0,0.0
15630.0,45,3,1481.4,4,3,4,High-Yield Volatile,0,0.0,23.91254724746451,0.0
15664.0,51,4,1254.03,4,3,4,High-Yield Volatile,0,0.0,31.459482577856964,0.0
15663.0,106,1,138.14,3,1,1,Dormant Capital,1,1.0,0.0,0.0
15660.0,25,15,2812.99,4,5,4,Tier 1 Alpha Asset,0,0.0,118.56452237225524,0.0
15659.0,44,3,532.49,4,3,2,High-Yield Volatile,0,0.0,31.633871423235234,0.0
15657.0,23,1,30.0,4,1,1,Dormant Capital,0,0.0,0.0,0.0
15656.0,45,4,748.5,4,3,3,High-Yield Volatile,0,0.0,57.923434914316815,0.0
15655.0,243,1,560.6700000000001,2,1,2,Dormant Capital,1,1.0,0.0,0.0
15654.0,9,2,922.53,5,2,3,Dormant Capital,0,0.0,280.3693887135582,0.0
15651.0,37,5,1259.06,4,4,4,Tier 1 Alpha Asset,0,0.0,50.429132576820464,0.0
15647.0,415,1,169.0,1,1,1,Dormant Capital,1,1.0,0.0,0.0
15645.0,19,3,1055.17,5,3,3,High-Yield Volatile,0,0.0,29.673982676014607,0.0
13314.0,2,3,775.94,5,3,3,High-Yield Volatile,0,0.0,91.80888662960209,0.0
13313.0,22,12,3445.32,4,5,5,Tier 1 Alpha Asset,0,0.0,91.37158963873019,0.0
13312.0,451,1,124.75,1,1,1,Dormant Capital,1,1.0,0.0,0.0
13311.0,4,2,598.57,5,2,2,Dormant Capital,0,0.0,61.59960807548218,0.0
13297.0,8,7,4368.62,5,4,5,Tier 1 Alpha Asset,0,0.0,131.8124276072717,0.0
13292.0,39,5,994.51,4,4,3,Tier 1 Alpha Asset,0,0.0,45.733069541438596,0.0
13290.0,438,1,208.63,1,1,1,Dormant Capital,1,1.0,0.0,0.0
13289.0,724,1,307.95,1,1,2,Dormant Capital,1,1.0,0.0,0.0
13286.0,600,1,734.91,1,1,3,Dormant Capital,1,1.0,0.0,0.0
13285.0,23,6,3364.59,4,4,5,Tier 1 Alpha Asset,0,0.0,41.37659587544449,0.0
13284.0,331,1,201.19,2,1,1,Dormant Capital,1,1.0,0.0,0.0
13283.0,60,4,373.36,3,3,2,High-Yield Volatile,0,0.0,33.12323915681665,0.0
15675.0,81,4,542.04,3,3,2,High-Yield Volatile,0,0.0,41.37112742220711,0.0
15674.0,73,13,6948.2300000000005,3,5,5,High-Yield Volatile,0,0.0,106.04385874401227,0.0
15673.0,88,9,6414.79,3,5,5,High-Yield Volatile,0,0.0,90.1534090934833,0.0
15672.0,725,1,45.3,1,1,1,Dormant Capital,1,1.0,0.0,0.0
15671.0,19,7,2657.13,5,4,4,Tier 1 Alpha Asset,0,0.0,230.84954801220186,0.0
15669.0,40,4,684.34,4,3,3,High-Yield Volatile,0,0.0,79.05642217779179,0.0
15668.0,218,1,76.32000000000001,2,1,1,Dormant Capital,1,1.0,0.0,0.0
15667.0,40,1,301.32000000000005,4,1,2,Dormant Capital,0,0.0,0.0,0.0
15694.0,1,24,10810.81,5,5,5,Tier 1 Alpha Asset,0,0.0,702.8179093174145,0.0
15693.0,659,1,37.5,1,1,1,Dormant Capital,1,1.0,0.0,0.0
15692.0,28,1,191.04,4,1,1,Dormant Capital,0,0.0,0.0,0.0
15690.0,4,2,239.76,5,2,1,Dormant Capital,0,0.0,48.93161443212475,0.0
15688.0,419,1,190.57,1,1,1,Dormant Capital,1,1.0,0.0,0.0
15687.0,9,9,2993.1,5,5,5,Tier 1 Alpha Asset,0,0.0,136.72681189427243,0.0
15686.0,420,1,90.0,1,1,1,Dormant Capital,1,1.0,0.0,0.0
15685.0,450,1,55.98,1,1,1,Dormant Capital,1,0.99,0.0,0.0
15680.0,9,10,4507.58,5,5,5,Tier 1 Alpha Asset,0,0.0,69.7996250484617,0.0
15679.0,24,4,781.28,4,3,3,High-Yield Volatile,0,0.0,39.91340753990717,0.0
15678.0,53,3,1893.89,4,3,4,High-Yield Volatile,0,0.0,30.223162426223894,0.0
15677.0,49,3,1305.63,4,3,4,High-Yield Volatile,0,0.0,31.417799738428933,0.0
13298.0,1,1,360.0,5,1,2,Dormant Capital,0,0.0,0.0,0.0
15720.0,24,2,741.92,4,2,3,Dormant Capital,0,0.0,6.398118327889519,0.0
15719.0,33,31,10223.06,4,5,5,Tier 1 Alpha Asset,0,0.0,75.23113018746119,0.0
15718.0,540,1,293.79,1,1,2,Dormant Capital,1,1.0,0.0,0.0
15714.0,12,5,784.8100000000001,5,4,3,Tier 1 Alpha Asset,0,0.0,41.626083029825296,0.0
15712.0,9,12,3472.41,5,5,5,Tier 1 Alpha Asset,0,0.0,103.42809488207203,0.0
15710.0,417,1,898.87,1,1,3,Dormant Capital,1,1.0,0.0,0.0
15708.0,41,9,4378.72,4,5,5,Tier 1 Alpha Asset,0,0.0,67.66728797556829,0.0
15707.0,35,4,945.58,4,3,3,High-Yield Volatile,0,0.0,44.01631057507761,0.0
15706.0,64,4,1060.56,3,3,3,High-Yield Volatile,0,0.0,125.44285663919767,0.0
15705.0,201,1,143.1,2,1,1,Dormant Capital,1,1.0,0.0,0.0
15703.0,265,1,211.5,2,1,1,Dormant Capital,1,1.0,0.0,0.0
15701.0,2,4,1542.14,5,3,4,High-Yield Volatile,0,0.0,53.765156696319366,0.0
15699.0,18,1,309.65,5,1,2,Dormant Capital,0,0.0,0.0,0.0
15698.0,624,1,46.2,1,1,1,Dormant Capital,1,1.0,0.0,0.0
15697.0,690,1,246.75,1,1,1,Dormant Capital,1,1.0,0.0,0.0
13282.0,18,4,1313.19,5,3,4,High-Yield Volatile,0,0.0,68.11152287548445,0.0
13281.0,439,1,350.85,1,1,2,Dormant Capital,1,1.0,0.0,0.0
13279.0,78,1,137.75,3,1,1,Dormant Capital,0,0.0,0.0,0.0
13278.0,41,4,1435.85,4,3,4,High-Yield Volatile,0,0.0,25.231108728295702,0.0
13276.0,64,5,1939.26,3,4,4,High-Yield Volatile,0,0.0,18.51099697002627,0.0
13274.0,409,1,360.85,2,1,2,Dormant Capital,1,1.0,0.0,0.0
13273.0,113,1,138.98,3,1,1,Dormant Capital,1,1.0,0.0,0.0
13272.0,31,2,276.56,4,2,1,Dormant Capital,0,0.0,69.20755424909865,0.0
13271.0,37,1,217.38,4,1,1,Dormant Capital,0,0.0,0.0,0.0
13270.0,366,1,1180.0,2,1,3,Dormant Capital,1,1.0,0.0,0.0
13269.0,1,28,8891.7,5,5,5,Tier 1 Alpha Asset,0,0.0,209.4841234532343,0.0
13267.0,3,36,9758.26,5,5,5,Tier 1 Alpha Asset,0,0.0,349.2689141705468,0.0
15722.0,36,11,5258.1,4,5,5,Tier 1 Alpha Asset,0,0.0,148.7366198643499,0.0
15721.0,12,1,507.08,5,1,2,Dormant Capital,0,0.0,0.0,0.0
15746.0,134,1,196.88,3,1,1,Dormant Capital,1,1.0,0.0,0.0
15745.0,19,4,1094.59,5,3,3,High-Yield Volatile,0,0.0,75.08136696072201,0.0
15744.0,78,1,34.8,3,1,1,Dormant Capital,0,0.0,0.0,0.0
15743.0,16,4,784.46,5,3,3,High-Yield Volatile,0,0.0,48.56107867616237,0.0
15742.0,619,1,156.87,1,1,1,Dormant Capital,1,1.0,0.0,0.0
15740.0,49,1,154.88,4,1,1,Dormant Capital,0,0.0,0.0,0.0
15739.0,66,1,449.12,3,1,2,Dormant Capital,0,0.0,0.0,0.0
15738.0,19,41,13372.97,5,5,5,Tier 1 Alpha Asset,0,0.0,469.0773833533233,0.0
15737.0,15,8,1205.12,5,4,3,Tier 1 Alpha Asset,0,0.0,145.02167081310427,0.0
15735.0,421,1,327.68,1,1,2,Dormant Capital,1,1.0,0.0,0.0
15733.0,283,1,162.3,2,1,1,Dormant Capital,1,1.0,0.0,0.0
15731.0,554,1,125.3,1,1,1,Dormant Capital,1,1.0,0.0,0.0
15730.0,66,5,1726.58,3,4,4,High-Yield Volatile,0,0.0,50.10681167034141,0.0
15727.0,17,15,9445.51,5,5,5,Tier 1 Alpha Asset,0,0.0,91.19252786466782,0.0
15726.0,390,1,321.91,2,1,2,Dormant Capital,1,1.0,0.0,0.0
15725.0,15,1,415.25,5,1,2,Dormant Capital,0,0.0,0.0,0.0
15765.0,667,1,370.63,1,1,2,Dormant Capital,1,1.0,0.0,0.0
15763.0,32,2,1086.92,4,2,3,Dormant Capital,0,0.0,72.78993725964862,0.0
15762.0,65,2,583.75,3,2,2,Dormant Capital,0,0.0,58.44837296438909,0.0
15761.0,443,1,143.05,1,1,1,Dormant Capital,1,1.0,0.0,0.0
15758.0,25,1,205.25,4,1,1,Dormant Capital,0,0.0,0.0,0.0
15757.0,66,6,2940.36,3,4,4,High-Yield Volatile,0,0.0,48.24175353032865,0.0
15755.0,10,17,5993.12,5,5,5,Tier 1 Alpha Asset,0,0.0,114.8198025262714,0.0
15754.0,51,9,3037.61,4,5,5,Tier 1 Alpha Asset,0,0.0,94.43903322000665,0.0
15753.0,305,1,79.2,2,1,1,Dormant Capital,1,1.0,0.0,0.0
15752.0,40,9,4207.54,4,5,5,Tier 1 Alpha Asset,0,0.0,40.38252397093095,0.0
15750.0,3,18,6797.191,5,5,5,Tier 1 Alpha Asset,0,0.0,79.14092424532616,0.0
15748.0,40,3,614.76,4,3,2,High-Yield Volatile,0,0.0,29.923763169253817,0.0
15747.0,13,9,2562.61,5,5,4,Tier 1 Alpha Asset,0,0.0,46.215586250148775,0.0
15773.0,6,2,774.52,5,2,3,Dormant Capital,0,0.0,20.523581409726336,0.0
13266.0,11,19,6135.04,5,5,5,Tier 1 Alpha Asset,0,0.0,161.31352415087972,0.0
13265.0,53,5,2107.66,4,4,4,Tier 1 Alpha Asset,0,0.0,107.7062721919961,0.0
13264.0,443,1,722.5600000000001,1,1,3,Dormant Capital,1,1.0,0.0,0.0
13263.0,1,39,8704.69,5,5,5,Tier 1 Alpha Asset,0,0.0,127.83198429472914,0.0
13260.0,61,1,557.62,3,1,2,Dormant Capital,0,0.0,0.0,0.0
13259.0,62,9,1433.38,3,5,4,High-Yield Volatile,0,0.0,18.181023368912715,0.0
13258.0,12,5,1035.18,5,4,3,Tier 1 Alpha Asset,0,0.0,77.15901172476315,0.0
13257.0,436,1,149.75,1,1,1,Dormant Capital,1,1.0,0.0,0.0
13255.0,9,3,904.46,5,3,3,High-Yield Volatile,0,0.0,43.93295941945734,0.0
13254.0,376,1,51.41,2,1,1,Dormant Capital,1,1.0,0.0,0.0
13251.0,402,1,252.68,2,1,1,Dormant Capital,1,1.0,0.0,0.0
15772.0,418,1,280.88,1,1,1,Dormant Capital,1,1.0,0.0,0.0
15770.0,613,1,321.45,1,1,2,Dormant Capital,1,1.0,0.0,0.0
15769.0,7,46,88704.32,5,5,5,Tier 1 Alpha Asset,0,0.0,7733.102230967582,0.0
15766.0,64,3,831.0600000000001,3,3,3,High-Yield Volatile,0,0.0,37.717457509339575,0.0
15801.0,46,3,1063.95,4,3,3,High-Yield Volatile,0,0.0,87.49658944476917,0.0
15799.0,76,4,1424.29,3,3,4,High-Yield Volatile,0,0.0,24.98285873923159,0.0
15796.0,1,17,5175.83,5,5,5,Tier 1 Alpha Asset,0,0.0,146.5258265145051,0.0
15793.0,15,8,2399.57,5,4,4,Tier 1 Alpha Asset,0,0.0,256.0101424740205,0.0
15791.0,44,5,3608.34,4,4,5,Tier 1 Alpha Asset,0,0.0,48.42218147027373,0.0
15790.0,10,1,220.85,5,1,1,Dormant Capital,0,0.0,0.0,0.0
15788.0,509,1,221.83,1,1,1,Dormant Capital,1,1.0,0.0,0.0
15787.0,26,3,948.05,4,3,3,High-Yield Volatile,0,0.0,43.49191379230967,0.0
15786.0,46,5,8514.82,4,4,5,Tier 1 Alpha Asset,0,0.0,48.40972023307806,0.0
15785.0,33,16,5969.93,4,5,5,Tier 1 Alpha Asset,0,0.0,178.53426277693129,0.0
15783.0,11,1,246.3,5,1,1,Dormant Capital,0,0.0,0.0,0.0
15782.0,10,4,4014.1,5,3,5,High-Yield Volatile,0,0.0,161.70172525002195,0.0
15781.0,25,3,345.46000000000004,4,3,2,High-Yield Volatile,0,0.0,43.28340455000588,0.0
15778.0,431,1,307.95000000000005,1,1,2,Dormant Capital,1,1.0,0.0,0.0
15776.0,133,1,241.62,3,1,1,Dormant Capital,1,1.0,0.0,0.0
15774.0,69,6,1329.94,3,4,4,High-Yield Volatile,0,0.0,32.015405262254625,0.0
15807.0,50,5,1817.52,4,4,4,Tier 1 Alpha Asset,0,0.0,44.784954647707764,0.0
15806.0,46,3,784.58,4,3,3,High-Yield Volatile,0,0.0,66.37326465406976,0.0
15805.0,23,30,10189.23,4,5,5,Tier 1 Alpha Asset,0,0.0,243.7881530557477,0.0
13247.0,18,4,501.12,5,3,2,High-Yield Volatile,0,0.0,177.64465342121116,0.0
13246.0,18,11,3387.43,5,5,5,Tier 1 Alpha Asset,0,0.0,56.31725291605532,0.0
13245.0,51,2,989.22,4,2,3,Dormant Capital,0,0.0,24.642911645883764,0.0
13244.0,93,1,121.74,3,1,1,Dormant Capital,1,0.97,0.0,0.0
13241.0,412,1,115.58,1,1,1,Dormant Capital,1,1.0,0.0,0.0
13238.0,17,6,1006.63,5,4,3,Tier 1 Alpha Asset,0,0.0,63.21727426334034,0.0
13237.0,388,1,643.0,2,1,3,Dormant Capital,1,0.99,0.0,0.0
13236.0,25,2,744.85,4,2,3,Dormant Capital,0,0.0,69.44218653115978,0.0
13235.0,212,1,1031.07,2,1,3,Dormant Capital,1,1.0,0.0,0.0
15804.0,1,13,4206.39,5,5,5,Tier 1 Alpha Asset,0,0.0,270.575625407645,0.0
15803.0,51,4,1929.66,4,3,4,High-Yield Volatile,0,0.0,62.18103039445868,0.0
15802.0,143,1,451.42,3,1,2,Dormant Capital,1,1.0,0.0,0.0
15828.0,375,1,1108.82,2,1,3,Dormant Capital,1,1.0,0.0,0.0
15827.0,73,28,3794.07,3,5,5,High-Yield Volatile,0,0.0,194.7746741505131,0.0
15826.0,56,4,2598.28,4,3,4,High-Yield Volatile,0,0.0,42.82750059060545,0.0
15825.0,172,1,532.94,3,1,2,Dormant Capital,1,1.0,0.0,0.0
15822.0,3,6,1840.06,5,4,4,Tier 1 Alpha Asset,0,0.0,68.06662699545112,0.0
15821.0,44,2,570.96,4,2,2,Dormant Capital,0,0.0,46.93677163573941,0.0
15820.0,320,1,206.98,2,1,1,Dormant Capital,1,1.0,0.0,0.0
15819.0,49,10,3934.79,4,5,5,Tier 1 Alpha Asset,0,0.0,71.60420030317903,0.0
15818.0,588,1,340.5,1,1,2,Dormant Capital,1,1.0,0.0,0.0
15815.0,64,5,2100.6,3,4,4,High-Yield Volatile,0,0.0,202.92122359016136,0.0
15811.0,22,7,3890.52,4,4,5,Tier 1 Alpha Asset,0,0.0,64.32852735285145,0.0
15809.0,36,7,1274.44,4,4,4,Tier 1 Alpha Asset,0,0.0,83.02644308367636,0.0
15846.0,385,1,107.01,2,1,1,Dormant Capital,1,1.0,0.0,0.0
15845.0,18,11,4426.28,5,5,5,Tier 1 Alpha Asset,0,0.0,123.41185658885638,0.0
15844.0,46,1,130.73999999999998,4,1,1,Dormant Capital,0,0.0,0.0,0.0
15843.0,304,1,118.95,2,1,1,Dormant Capital,1,1.0,0.0,0.0
15841.0,73,9,2742.41,3,5,4,High-Yield Volatile,0,0.0,109.02868996875853,0.0
15840.0,59,2,355.56,4,2,2,Dormant Capital,0,0.0,32.863515981679065,0.0
15839.0,33,3,1048.49,4,3,3,High-Yield Volatile,0,0.0,74.37790416995655,0.0
15838.0,11,34,74163.0,5,5,5,Tier 1 Alpha Asset,0,0.0,5126.503439130958,0.0
15837.0,65,2,777.01,3,2,3,Dormant Capital,0,0.0,15.954281333573135,0.0
15836.0,50,1,137.37,4,1,1,Dormant Capital,0,0.0,0.0,0.0
15835.0,44,4,954.09,4,3,3,High-Yield Volatile,0,0.0,60.51059016025875,0.0
15834.0,70,7,3772.99,3,4,5,High-Yield Volatile,0,0.0,47.05725517172901,0.0
15833.0,738,1,80.4,1,1,1,Dormant Capital,1,1.0,0.0,0.0
15832.0,254,1,836.79,2,1,3,Dormant Capital,1,1.0,0.0,0.0
15831.0,58,3,801.76,4,3,3,High-Yield Volatile,0,0.0,28.903609482305235,0.0
15830.0,38,1,576.0,4,1,2,Dormant Capital,0,0.0,0.0,0.0
15865.0,41,5,2248.92,4,4,4,Tier 1 Alpha Asset,0,0.0,36.83045996564878,0.0
15864.0,22,7,2180.76,4,4,4,Tier 1 Alpha Asset,0,0.0,475.98806115167883,0.0
15862.0,8,13,2928.29,5,5,4,Tier 1 Alpha Asset,0,0.0,28.726076642847698,0.0
15861.0,12,12,4401.79,5,5,5,Tier 1 Alpha Asset,0,0.0,30.592042195615424,0.0
15859.0,432,1,438.46,1,1,2,Dormant Capital,1,1.0,0.0,0.0
15858.0,16,13,3960.37,5,5,5,Tier 1 Alpha Asset,0,0.0,45.37073091742571,0.0
15857.0,19,2,570.48,5,2,2,Dormant Capital,0,0.0,26.79074180428834,0.0
15856.0,4,52,34220.340000000004,5,5,5,Tier 1 Alpha Asset,0,0.0,647.3039415320121,0.0
15854.0,4,21,5583.81,5,5,5,Tier 1 Alpha Asset,0,0.0,191.71476185118993,0.0
15853.0,52,1,110.8,4,1,1,Dormant Capital,0,0.0,0.0,0.0
15851.0,527,1,109.73,1,1,1,Dormant Capital,1,1.0,0.0,0.0
15850.0,19,6,1058.72,5,4,3,Tier 1 Alpha Asset,0,0.0,9.046318908110667,0.0
15848.0,622,1,139.94,1,1,1,Dormant Capital,1,1.0,0.0,0.0
15847.0,38,5,822.57,4,4,3,Tier 1 Alpha Asset,0,0.0,38.7999776440814,0.0
15870.0,33,4,862.61,4,3,3,High-Yield Volatile,0,0.0,16.196582011483844,0.0
13233.0,74,4,1176.46,3,3,3,High-Yield Volatile,0,0.0,25.734136580829784,0.0
13232.0,13,7,1357.6,5,4,4,Tier 1 Alpha Asset,0,0.0,51.90949307234203,0.0
13230.0,4,30,6360.78,5,5,5,Tier 1 Alpha Asset,0,0.0,70.3653507951342,0.0
13229.0,226,1,160.95,2,1,1,Dormant Capital,1,1.0,0.0,0.0
13228.0,81,1,358.0,3,1,2,Dormant Capital,0,0.0,0.0,0.0
13227.0,202,1,257.7,2,1,1,Dormant Capital,1,1.0,0.0,0.0
13225.0,3,16,16260.07,5,5,5,Tier 1 Alpha Asset,0,0.0,874.1652180390051,0.0
13222.0,577,1,88.5,1,1,1,Dormant Capital,1,1.0,0.0,0.0
13220.0,78,5,1336.09,3,4,4,High-Yield Volatile,0,0.0,61.520890628925756,0.0
13219.0,618,1,76.23,1,1,1,Dormant Capital,1,1.0,0.0,0.0
13218.0,127,1,62.64,3,1,1,Dormant Capital,1,1.0,0.0,0.0
15868.0,583,1,94.53,1,1,1,Dormant Capital,1,1.0,0.0,0.0
15867.0,5,31,9063.95,5,5,5,Tier 1 Alpha Asset,0,0.0,114.06850753114577,0.0
15866.0,101,1,230.53,3,1,1,Dormant Capital,1,1.0,0.0,0.0
15899.0,369,1,112.5,2,1,1,Dormant Capital,1,1.0,0.0,0.0
15898.0,1,25,5596.31,5,5,5,Tier 1 Alpha Asset,0,0.0,86.0280703388954,0.0
15895.0,150,1,179.17,3,1,1,Dormant Capital,1,1.0,0.0,0.0
15893.0,482,1,305.28000000000003,1,1,2,Dormant Capital,1,1.0,0.0,0.0
15892.0,669,1,128.2,1,1,1,Dormant Capital,1,1.0,0.0,0.0
15891.0,227,1,524.52,2,1,2,Dormant Capital,1,1.0,0.0,0.0
15888.0,81,3,429.16,3,3,2,High-Yield Volatile,0,0.0,17.80184252420662,0.0
15883.0,2,2,396.48,5,2,2,Dormant Capital,0,0.0,62.99566603160639,0.0
15880.0,369,1,686.56,2,1,3,Dormant Capital,1,1.0,0.0,0.0
15877.0,2,2,493.28,5,2,2,Dormant Capital,0,0.0,47.813307474431994,0.0
15875.0,646,1,111.72,1,1,1,Dormant Capital,1,1.0,0.0,0.0
15874.0,64,21,11284.76,3,5,5,High-Yield Volatile,0,0.0,297.6450766113749,0.0
15872.0,15,4,795.68,5,3,3,High-Yield Volatile,0,0.0,9.278611197232864,0.0
15871.0,437,1,33.099999999999994,1,1,1,Dormant Capital,1,1.0,0.0,0.0
13216.0,268,1,333.74,2,1,2,Dormant Capital,1,1.0,0.0,0.0
13215.0,402,1,81.6,2,1,1,Dormant Capital,1,1.0,0.0,0.0
13213.0,57,11,3851.52,4,5,5,Tier 1 Alpha Asset,0,0.0,107.71710801900358,0.0
13212.0,20,3,788.08,4,3,3,High-Yield Volatile,0,0.0,50.72389407714589,0.0
13211.0,10,10,2729.32,5,5,4,Tier 1 Alpha Asset,0,0.0,55.23264935604765,0.0
13210.0,94,1,353.48,3,1,2,Dormant Capital,1,0.99,0.0,0.0
13209.0,30,13,8509.51,4,5,5,Tier 1 Alpha Asset,0,0.0,133.4926775257558,0.0
13208.0,59,9,1988.5,4,5,4,Tier 1 Alpha Asset,0,0.0,29.58421710481883,0.0
13205.0,443,1,2803.2,1,1,4,Dormant Capital,1,1.0,0.0,0.0
13204.0,731,1,966.66,1,1,3,Dormant Capital,1,1.0,0.0,0.0
13203.0,10,10,2648.25,5,5,4,Tier 1 Alpha Asset,0,0.0,65.98168310055065,0.0
15902.0,380,1,145.01,2,1,1,Dormant Capital,1,1.0,0.0,0.0
15900.0,24,4,900.4,4,3,3,High-Yield Volatile,0,0.0,15.184435996788213,0.0
15926.0,542,1,134.44,1,1,1,Dormant Capital,1,1.0,0.0,0.0
15925.0,194,1,207.15,2,1,1,Dormant Capital,1,1.0,0.0,0.0
15924.0,731,1,102.82,1,1,1,Dormant Capital,1,1.0,0.0,0.0
15923.0,373,1,254.16,2,1,1,Dormant Capital,1,1.0,0.0,0.0
15922.0,373,1,739.0,2,1,3,Dormant Capital,1,1.0,0.0,0.0
15919.0,20,2,910.61,4,2,3,Dormant Capital,0,0.0,9.051340779422317,0.0
15916.0,16,13,3427.17,5,5,5,Tier 1 Alpha Asset,0,0.0,57.65483931648803,0.0
15915.0,402,1,429.21,2,1,2,Dormant Capital,1,1.0,0.0,0.0
15913.0,534,1,6.300000000000001,1,1,1,Dormant Capital,1,1.0,0.0,0.0
15910.0,1,15,2681.8,5,5,4,Tier 1 Alpha Asset,0,0.0,29.59609903356128,0.0
15909.0,174,1,191.94,3,1,1,Dormant Capital,1,1.0,0.0,0.0
15907.0,4,3,967.45,5,3,3,High-Yield Volatile,0,0.0,17.30710456903221,0.0
15906.0,20,10,2555.64,4,5,4,Tier 1 Alpha Asset,0,0.0,81.56432046595626,0.0
15905.0,543,1,114.69,1,1,1,Dormant Capital,1,1.0,0.0,0.0
15904.0,8,1,164.68,5,1,1,Dormant Capital,0,0.01,0.0,0.0
13197.0,610,1,373.0100000000001,1,1,2,Dormant Capital,1,1.0,0.0,0.0
13196.0,11,7,3068.84,5,4,5,Tier 1 Alpha Asset,0,0.0,54.874066003692015,0.0
13195.0,414,1,172.38,1,1,1,Dormant Capital,1,1.0,0.0,0.0
13193.0,61,1,117.88,3,1,1,Dormant Capital,0,0.0,0.0,0.0
13191.0,658,1,164.69,1,1,1,Dormant Capital,1,1.0,0.0,0.0
13189.0,19,2,260.68,5,2,1,Dormant Capital,0,0.0,34.12757137531004,0.0
13188.0,11,1,114.6,5,1,1,Dormant Capital,0,0.0,0.0,0.0
13185.0,268,1,71.4,2,1,1,Dormant Capital,1,1.0,0.0,0.0
15933.0,21,3,1107.46,4,3,3,High-Yield Volatile,0,0.0,95.73229956454284,0.0
15932.0,4,8,2495.87,5,4,4,Tier 1 Alpha Asset,0,0.0,162.4876691071625,0.0
15931.0,428,1,239.9,1,1,1,Dormant Capital,1,1.0,0.0,0.0
15930.0,67,1,426.63,3,1,2,Dormant Capital,0,0.0,0.0,0.0
15929.0,644,1,594.0,1,1,2,Dormant Capital,1,1.0,0.0,0.0
15928.0,656,1,293.53,1,1,2,Dormant Capital,1,1.0,0.0,0.0
15927.0,647,1,123.39,1,1,1,Dormant Capital,1,1.0,0.0,0.0
15955.0,24,22,8658.36,4,5,5,Tier 1 Alpha Asset,0,0.0,244.91912902716422,0.0
15954.0,589,1,190.75,1,1,1,Dormant Capital,1,1.0,0.0,0.0
15953.0,15,18,3669.55,5,5,5,Tier 1 Alpha Asset,0,0.0,148.22723500981485,0.0
15952.0,34,4,806.57,4,4,3,Tier 1 Alpha Asset,0,0.0,41.106897258682245,0.0
15951.0,9,3,1013.17,5,3,3,High-Yield Volatile,0,0.0,35.88307044161263,0.0
15950.0,32,10,7180.71,4,5,5,Tier 1 Alpha Asset,0,0.0,80.07779380381862,0.0
15949.0,17,2,364.72,5,2,2,Dormant Capital,0,0.0,84.33933789404841,0.0
15948.0,8,3,1509.09,5,3,4,High-Yield Volatile,0,0.0,30.379510650460574,0.0
15947.0,83,1,1708.24,3,1,4,Dormant Capital,0,0.0,0.0,0.0
15942.0,134,1,337.44,3,1,2,Dormant Capital,1,1.0,0.0,0.0
15941.0,637,1,405.0,1,1,2,Dormant Capital,1,1.0,0.0,0.0
15940.0,311,1,35.8,2,1,1,Dormant Capital,1,1.0,0.0,0.0
15937.0,64,1,145.35000000000002,3,1,1,Dormant Capital,0,0.0,0.0,0.0
13200.0,19,4,870.09,5,3,3,High-Yield Volatile,0,0.0,128.41409987330408,0.0
13199.0,4,67,16432.89,5,5,5,Tier 1 Alpha Asset,0,0.0,2250.3913948559157,0.0
13198.0,10,8,4974.2300000000005,5,4,5,Tier 1 Alpha Asset,0,0.0,84.04309420228243,0.0
15977.0,17,2,1054.73,5,2,3,Dormant Capital,0,0.0,97.53124024673578,0.0
15975.0,84,1,371.01,3,1,2,Dormant Capital,0,0.0,0.0,0.0
15974.0,39,7,3442.15,4,4,5,Tier 1 Alpha Asset,0,0.0,125.91888854657302,0.0
15971.0,18,18,5902.83,5,5,5,Tier 1 Alpha Asset,0,0.0,1052.1023900864604,0.0
15969.0,3,5,1127.05,5,4,3,Tier 1 Alpha Asset,0,0.0,86.5725395668369,0.0
15968.0,388,1,418.05,2,1,2,Dormant Capital,1,1.0,0.0,0.0
15967.0,23,12,3041.6,4,5,5,Tier 1 Alpha Asset,0,0.0,31.21241067933051,0.0
15966.0,451,1,426.53,1,1,2,Dormant Capital,1,1.0,0.0,0.0
15965.0,17,13,3013.09,5,5,5,Tier 1 Alpha Asset,0,0.0,44.89812354562973,0.0
15964.0,663,1,272.96000000000004,1,1,1,Dormant Capital,1,1.0,0.0,0.0
15963.0,20,2,470.76,4,2,2,Dormant Capital,0,0.0,94.03583627789075,0.0
15962.0,449,1,295.83,1,1,2,Dormant Capital,1,1.0,0.0,0.0
15961.0,379,1,451.29,2,1,2,Dormant Capital,1,1.0,0.0,0.0
15958.0,74,4,492.99,3,4,2,High-Yield Volatile,0,0.0,14.81202253974232,0.0
15957.0,32,3,930.1,4,3,3,High-Yield Volatile,0,0.0,13.546619068814175,0.0
15996.0,88,7,1686.9,3,4,4,High-Yield Volatile,0,0.0,39.62242762055255,0.0
15995.0,414,1,696.19,1,1,3,Dormant Capital,1,1.0,0.0,0.0
15994.0,55,3,1202.18,4,3,3,High-Yield Volatile,0,0.0,14.588174364725234,0.0
15993.0,9,7,2797.57,5,4,4,Tier 1 Alpha Asset,0,0.0,124.75234231419167,0.0
15992.0,4,3,896.6,5,3,3,High-Yield Volatile,0,0.0,29.8586599455027,0.0
15991.0,534,1,150.55,1,1,1,Dormant Capital,1,1.0,0.0,0.0
15990.0,44,7,2010.05,4,4,4,Tier 1 Alpha Asset,0,0.0,36.140524347254946,0.0
15988.0,19,3,770.09,5,3,3,High-Yield Volatile,0,0.0,8.891595653578332,0.0
15987.0,12,8,1682.13,5,4,4,Tier 1 Alpha Asset,0,0.0,52.49471586799701,0.0
15986.0,30,2,354.42,4,2,2,Dormant Capital,0,0.0,19.06915254504482,0.0
15984.0,3,30,8759.32,5,5,5,Tier 1 Alpha Asset,0,0.0,148.27266956313977,0.0
15983.0,22,8,3958.82,4,4,5,Tier 1 Alpha Asset,0,0.0,41.57425137382671,0.0
15982.0,605,1,324.51,1,1,2,Dormant Capital,1,1.0,0.0,0.0
15981.0,25,21,9362.77,4,5,5,Tier 1 Alpha Asset,0,0.0,332.2532333835904,0.0
15979.0,603,1,329.22,1,1,2,Dormant Capital,1,1.0,0.0,0.0
15978.0,77,3,3279.42,3,3,5,High-Yield Volatile,0,0.0,31.910762262323153,0.0
16015.0,4,3,705.39,5,3,3,High-Yield Volatile,0,0.0,44.46377845117548,0.0
16014.0,38,5,1130.27,4,4,3,Tier 1 Alpha Asset,0,0.0,9.660546135825571,0.0
16013.0,4,84,57446.44,5,5,5,Tier 1 Alpha Asset,0,0.0,9324.718620916658,0.0
16012.0,35,5,2989.79,4,4,5,Tier 1 Alpha Asset,0,0.0,34.00389164802331,0.0
16011.0,8,29,5880.46,5,5,5,Tier 1 Alpha Asset,0,0.0,157.495251265639,0.0
16009.0,22,4,992.71,4,4,3,Tier 1 Alpha Asset,0,0.0,65.38597953176168,0.0
16008.0,24,15,5384.13,4,5,5,Tier 1 Alpha Asset,0,0.0,152.0329994476611,0.0
16007.0,48,7,3075.14,4,4,5,Tier 1 Alpha Asset,0,0.0,18.725946202429196,0.0
16005.0,12,10,2436.22,5,5,4,Tier 1 Alpha Asset,0,0.0,32.24394477121907,0.0
16003.0,30,10,5613.83,4,5,5,Tier 1 Alpha Asset,0,0.0,112.99973250079815,0.0
16002.0,625,1,169.21,1,1,1,Dormant Capital,1,1.0,0.0,0.0
16001.0,381,1,583.39,2,1,2,Dormant Capital,1,1.0,0.0,0.0
16000.0,3,3,12393.7,5,3,5,High-Yield Volatile,0,0.0,20649.861170056367,0.0
15999.0,736,1,20.4,1,1,1,Dormant Capital,1,0.99,0.0,0.0
15998.0,37,16,8308.34,4,5,5,Tier 1 Alpha Asset,0,0.0,39.283909876743344,0.0
16016.0,3,11,2533.94,5,5,4,Tier 1 Alpha Asset,0,0.0,53.791475799686715,0.0
13184.0,15,10,1701.29,5,5,4,Tier 1 Alpha Asset,0,0.0,90.09626086420796,0.0
13183.0,8,15,7036.18,5,5,5,Tier 1 Alpha Asset,0,0.0,320.0903415242081,0.0
13182.0,45,1,121.18,4,1,1,Dormant Capital,0,0.0,0.0,0.0
13181.0,381,1,359.69,2,1,2,Dormant Capital,1,1.0,0.0,0.0
13180.0,607,1,86.10000000000001,1,1,1,Dormant Capital,1,1.0,0.0,0.0
13179.0,619,1,572.3100000000001,1,1,2,Dormant Capital,1,1.0,0.0,0.0
13178.0,26,21,14059.19,4,5,5,Tier 1 Alpha Asset,0,0.0,182.45423658876894,0.0
13177.0,65,2,512.2,3,2,2,Dormant Capital,0,0.0,19.771497291588243,0.0
13176.0,46,1,492.84,4,1,2,Dormant Capital,0,0.0,0.0,0.0
13174.0,16,12,9494.84,5,5,5,Tier 1 Alpha Asset,0,0.0,42.51715584386251,0.0
13173.0,4,11,2639.35,5,5,4,Tier 1 Alpha Asset,0,0.0,49.09305244598946,0.0
13172.0,400,1,69.6,2,1,1,Dormant Capital,1,1.0,0.0,0.0
13171.0,22,3,468.41,4,3,2,High-Yield Volatile,0,0.0,27.614665318519314,0.0
13170.0,27,1,116.01,4,1,1,Dormant Capital,0,0.0,0.0,0.0
13169.0,64,3,840.08,3,3,3,High-Yield Volatile,0,0.0,64.5738583090036,0.0
16036.0,87,4,2556.84,3,4,4,High-Yield Volatile,0,0.0,33.197218758557284,0.0
16035.0,560,1,217.73,1,1,1,Dormant Capital,1,1.0,0.0,0.0
16033.0,6,27,10836.13,5,5,5,Tier 1 Alpha Asset,0,0.0,129.61532376940474,0.0
16030.0,310,1,331.24,2,1,2,Dormant Capital,1,1.0,0.0,0.0
16029.0,39,107,122209.14,4,5,5,Tier 1 Alpha Asset,0,0.0,12444.365773671185,0.0
16028.0,596,1,82.2,1,1,1,Dormant Capital,1,1.0,0.0,0.0
16026.0,43,1,236.09,4,1,1,Dormant Capital,0,0.0,0.0,0.0
16025.0,30,1,439.66,4,1,2,Dormant Capital,0,0.0,0.0,0.0
16024.0,12,3,484.2,5,3,2,High-Yield Volatile,0,0.0,12.927270856571164,0.0
16023.0,46,3,719.81,4,3,3,High-Yield Volatile,0,0.0,22.30307354454318,0.0
16022.0,260,1,628.28,2,1,3,Dormant Capital,1,1.0,0.0,0.0
16020.0,17,3,851.01,5,3,3,High-Yield Volatile,0,0.0,138.21084446394002,0.0
16019.0,47,27,17465.85,4,5,5,Tier 1 Alpha Asset,0,0.0,489.5486294410948,0.0
16018.0,39,4,698.13,4,4,3,Tier 1 Alpha Asset,0,0.0,20.16496948937337,0.0
16017.0,47,5,1553.83,4,4,4,Tier 1 Alpha Asset,0,0.0,25.145428201217733,0.0
16058.0,406,1,62.7,2,1,1,Dormant Capital,1,1.0,0.0,0.0
16057.0,16,10,3854.85,5,5,5,Tier 1 Alpha Asset,0,0.0,76.25918841322695,0.0
16056.0,45,1,664.85,4,1,3,Dormant Capital,0,0.0,0.0,0.0
16055.0,221,1,134.8,2,1,1,Dormant Capital,1,1.0,0.0,0.0
16053.0,33,6,3634.84,4,4,5,Tier 1 Alpha Asset,0,0.0,53.66559857490159,0.0
16052.0,54,1,362.06,4,1,2,Dormant Capital,0,0.0,0.0,0.0
16051.0,682,1,188.44,1,1,1,Dormant Capital,1,1.0,0.0,0.0
16049.0,40,6,1899.68,4,4,4,Tier 1 Alpha Asset,0,0.0,14.300946802161995,0.0
16047.0,682,1,107.14,1,1,1,Dormant Capital,1,1.0,0.0,0.0
16046.0,562,1,235.78,1,1,1,Dormant Capital,1,1.0,0.0,0.0
16044.0,435,1,340.84000000000003,1,1,2,Dormant Capital,1,1.0,0.0,0.0
16042.0,22,8,2265.12,4,4,4,Tier 1 Alpha Asset,0,0.0,88.36585740531757,0.0
16041.0,31,3,3166.4,4,3,5,High-Yield Volatile,0,0.0,2203.9161905671026,0.0
16038.0,8,3,471.78,5,3,2,High-Yield Volatile,0,0.0,63.89403748195285,0.0
16066.0,17,5,1521.87,5,4,4,Tier 1 Alpha Asset,0,0.0,131.87302056092184,0.0
16064.0,725,1,111.0,1,1,1,Dormant Capital,1,1.0,0.0,0.0
13168.0,36,5,1875.31,4,4,4,Tier 1 Alpha Asset,0,0.0,28.311598639951516,0.0
13167.0,19,5,1125.15,5,4,3,Tier 1 Alpha Asset,0,0.0,49.78790176976811,0.0
13165.0,46,3,1451.16,4,3,4,High-Yield Volatile,0,0.0,55.0285170906307,0.0
13163.0,610,1,17.65,1,1,1,Dormant Capital,1,1.0,0.0,0.0
13160.0,22,1,91.8,4,1,1,Dormant Capital,0,0.0,0.0,0.0
13159.0,9,4,1437.85,5,3,4,High-Yield Volatile,0,0.0,88.73398414781076,0.0
13157.0,49,9,5687.36,4,5,5,Tier 1 Alpha Asset,0,0.0,94.04027878252428,0.0
13155.0,33,6,1750.18,4,4,4,Tier 1 Alpha Asset,0,0.0,38.08583391259878,0.0
13153.0,6,1,486.22,5,1,2,Dormant Capital,0,0.0,0.0,0.0
16063.0,260,1,335.32,2,1,2,Dormant Capital,1,1.0,0.0,0.0
16062.0,10,8,2863.45,5,5,4,Tier 1 Alpha Asset,0,0.0,68.03648843551697,0.0
16061.0,431,1,89.65,1,1,1,Dormant Capital,1,1.0,0.0,0.0
16059.0,66,12,3217.77,3,5,5,High-Yield Volatile,0,0.0,48.36651168016144,0.0
16090.0,624,1,205.91,1,1,1,Dormant Capital,1,1.0,0.0,0.0
16086.0,59,10,2864.99,4,5,4,Tier 1 Alpha Asset,0,0.0,85.26230100096973,0.0
16084.0,299,1,436.18,2,1,2,Dormant Capital,1,1.0,0.0,0.0
16082.0,670,1,106.75,1,1,1,Dormant Capital,1,1.0,0.0,0.0
16080.0,82,4,602.5600000000001,3,4,2,High-Yield Volatile,0,0.0,48.211760572294224,0.0
16079.0,17,3,1352.0,5,3,4,High-Yield Volatile,0,0.0,572.3041013326041,0.0
16077.0,626,1,2300.4,1,1,4,Dormant Capital,1,1.0,0.0,0.0
16076.0,3,10,2234.73,5,5,4,Tier 1 Alpha Asset,0,0.0,214.05307997138758,0.0
16074.0,390,1,265.25,2,1,1,Dormant Capital,1,1.0,0.0,0.0
16073.0,297,1,122.4,2,1,1,Dormant Capital,1,1.0,0.0,0.0
16070.0,22,2,852.15,4,2,3,Dormant Capital,0,0.0,154.2781128394079,0.0
16069.0,418,1,457.7,1,1,2,Dormant Capital,1,1.0,0.0,0.0
16068.0,594,1,122.93,1,1,1,Dormant Capital,1,1.0,0.0,0.0
16098.0,88,14,4448.1,3,5,5,High-Yield Volatile,0,0.0,157.2328712101305,0.0
16097.0,240,1,185.05,2,1,1,Dormant Capital,1,1.0,0.0,0.0
13149.0,14,4,1676.06,5,3,4,High-Yield Volatile,0,0.0,69.90625950418082,0.0
13148.0,29,26,8621.81,4,5,5,Tier 1 Alpha Asset,0,0.0,119.52458444785412,0.0
13147.0,10,4,712.8,5,3,3,High-Yield Volatile,0,0.0,1353.0400210936002,0.0
13146.0,26,1,228.91,4,1,1,Dormant Capital,0,0.0,0.0,0.0
13145.0,40,7,1423.52,4,4,4,Tier 1 Alpha Asset,0,0.0,474.7598353837465,0.0
13143.0,585,1,405.1,1,1,2,Dormant Capital,1,1.0,0.0,0.0
13142.0,19,1,307.09000000000003,5,1,2,Dormant Capital,0,0.0,0.0,0.0
13141.0,85,17,7668.58,3,5,5,High-Yield Volatile,0,0.0,126.16635780997093,0.0
13139.0,16,8,8202.98,5,4,5,Tier 1 Alpha Asset,0,0.0,160.41046480653577,0.0
13138.0,22,7,1467.24,4,4,4,Tier 1 Alpha Asset,0,0.0,73.99251896355572,0.0
13137.0,11,16,7712.7,5,5,5,Tier 1 Alpha Asset,0,0.0,52.091331148949045,0.0
16095.0,456,1,447.05,1,1,2,Dormant Capital,1,1.0,0.0,0.0
16094.0,12,11,3695.56,5,5,5,Tier 1 Alpha Asset,0,0.0,103.09504865975549,0.0
16093.0,107,1,17.0,3,1,1,Dormant Capital,1,0.98,0.0,0.0
16118.0,653,1,4376.25,1,1,5,Dormant Capital,1,1.0,0.0,0.0
16116.0,212,1,612.78,2,1,2,Dormant Capital,1,1.0,0.0,0.0
16115.0,10,12,2575.14,5,5,4,Tier 1 Alpha Asset,0,0.0,38.752913665958616,0.0
16114.0,171,1,135.75000000000003,3,1,1,Dormant Capital,1,1.0,0.0,0.0
16113.0,183,1,161.38,3,1,1,Dormant Capital,1,1.0,0.0,0.0
16111.0,428,1,562.48,1,1,2,Dormant Capital,1,1.0,0.0,0.0
16110.0,45,4,1819.27,4,4,4,Tier 1 Alpha Asset,0,0.0,10.379735633022687,0.0
16108.0,85,4,2235.92,3,4,4,High-Yield Volatile,0,0.0,29.81903644229267,0.0
16107.0,18,7,3204.1600000000003,5,4,5,Tier 1 Alpha Asset,0,0.0,947.9114146757795,0.0
16106.0,66,1,108.38,3,1,1,Dormant Capital,0,0.0,0.0,0.0
16104.0,62,9,2778.61,3,5,4,High-Yield Volatile,0,0.0,44.37525426644828,0.0
16103.0,7,22,6191.71,5,5,5,Tier 1 Alpha Asset,0,0.0,297.7677038035864,0.0
16102.0,42,3,1842.14,4,3,4,High-Yield Volatile,0,0.0,148.0877250292573,0.0
16101.0,71,4,3229.16,3,4,5,High-Yield Volatile,0,0.0,33.65861221857392,0.0
16100.0,463,1,582.64,1,1,2,Dormant Capital,1,1.0,0.0,0.0
16099.0,50,7,1573.2,4,4,4,Tier 1 Alpha Asset,0,0.0,72.26954216173405,0.0
12349.0,19,4,4428.6900000000005,5,3,5,High-Yield Volatile,0,0.0,48.054518893138585,0.0
16139.0,19,5,1111.15,5,4,3,Tier 1 Alpha Asset,0,0.0,38.819338542833194,0.0
16137.0,680,1,422.7,1,1,2,Dormant Capital,1,1.0,0.0,0.0
16136.0,60,4,946.8,3,4,3,High-Yield Volatile,0,0.0,35.132195235976596,0.0
16134.0,22,5,2145.34,4,4,4,Tier 1 Alpha Asset,0,0.0,48.87959501117447,0.0
16133.0,4,56,22992.26,5,5,5,Tier 1 Alpha Asset,0,0.0,1172.4172840757242,0.0
16131.0,52,12,9957.42,4,5,5,Tier 1 Alpha Asset,0,0.0,221.98702167588,0.0
16128.0,18,11,3801.05,5,5,5,Tier 1 Alpha Asset,0,0.0,132.1225400024893,0.0
16127.0,39,2,801.3100000000001,4,2,3,Dormant Capital,0,0.0,8.580206813639391,0.0
16126.0,29,15,14646.8,4,5,5,Tier 1 Alpha Asset,0,0.0,236.49283636743635,0.0
18253.0,643,1,317.88,1,2,2,Dormant Capital,1,1.0,0.0,0.0
16123.0,52,1,307.78000000000003,4,1,2,Dormant Capital,0,0.0,0.0,0.0
16122.0,73,6,1001.34,3,4,3,High-Yield Volatile,0,0.0,61.512861810930836,0.0
16121.0,57,5,1477.09,4,4,4,Tier 1 Alpha Asset,0,0.0,11.896335819560695,0.0
16120.0,59,6,3056.91,4,4,5,Tier 1 Alpha Asset,0,0.0,125.37650770898199,0.0
16119.0,8,8,1720.81,5,5,4,Tier 1 Alpha Asset,0,0.0,104.7958719363844,0.0
16145.0,9,19,6805.4400000000005,5,5,5,Tier 1 Alpha Asset,0,0.0,169.10321411316596,0.0
16144.0,247,1,175.2,2,1,1,Dormant Capital,1,1.0,0.0,0.0
12347.0,2,8,5633.32,5,4,5,Tier 1 Alpha Asset,0,0.0,124.96543367119351,0.0
13134.0,86,6,2475.23,3,4,4,High-Yield Volatile,0,0.0,80.54564986475161,0.0
13132.0,262,1,77.3,2,1,1,Dormant Capital,1,1.0,0.0,0.0
13131.0,23,7,3313.77,4,4,5,Tier 1 Alpha Asset,0,0.0,68.70806740750206,0.0
13130.0,94,1,64.0,3,1,1,Dormant Capital,1,0.98,0.0,0.0
13128.0,631,1,263.5,1,1,1,Dormant Capital,1,1.0,0.0,0.0
13127.0,78,1,259.17,3,1,1,Dormant Capital,0,0.0,0.0,0.0
13126.0,5,13,3998.25,5,5,5,Tier 1 Alpha Asset,0,0.0,96.96841373127728,0.0
13125.0,524,1,158.57,1,1,1,Dormant Capital,1,1.0,0.0,0.0
18285.0,661,1,427.0,1,2,2,Dormant Capital,1,1.0,0.0,0.0
13121.0,269,1,283.73,2,1,1,Dormant Capital,1,1.0,0.0,0.0
16143.0,3,12,4910.83,5,5,5,Tier 1 Alpha Asset,0,0.0,102.8440878445386,0.0
16142.0,250,1,535.34,2,1,2,Dormant Capital,1,1.0,0.0,0.0
16141.0,88,2,955.94,3,2,3,Dormant Capital,0,0.0,22.146472696834287,0.0
16171.0,59,1,73.19999999999999,4,1,1,Dormant Capital,0,0.0,0.0,0.0
18284.0,432,1,461.68,1,2,2,Dormant Capital,1,1.0,0.0,0.0
16169.0,8,4,1822.97,5,4,4,Tier 1 Alpha Asset,0,0.0,201.87624861122123,0.0
16168.0,11,66,10636.47,5,5,5,Tier 1 Alpha Asset,0,0.0,958.4085470009547,0.0
16165.0,505,1,79.9,1,1,1,Dormant Capital,1,1.0,0.0,0.0
16164.0,17,3,822.48,5,3,3,High-Yield Volatile,0,0.0,216.5238870589173,0.0
16162.0,252,1,37.4,2,1,1,Dormant Capital,1,1.0,0.0,0.0
16161.0,2,43,12831.8,5,5,5,Tier 1 Alpha Asset,0,0.0,220.18314215246113,0.0
16160.0,65,2,1025.44,3,2,3,Dormant Capital,0,0.0,159.8409317701056,0.0
18267.0,673,1,269.37,1,2,1,Dormant Capital,1,1.0,0.0,0.0
16157.0,16,3,656.69,5,3,3,High-Yield Volatile,0,0.0,245.36410288227714,0.0
16156.0,9,20,6218.18,5,5,5,Tier 1 Alpha Asset,0,0.0,197.3330714688297,0.0
16153.0,50,11,5133.49,4,5,5,Tier 1 Alpha Asset,0,0.0,130.50784790740465,0.0
16152.0,269,1,1829.04,2,1,4,Dormant Capital,1,1.0,0.0,0.0
16150.0,43,10,4395.59,4,5,5,Tier 1 Alpha Asset,0,0.0,77.15541370065819,0.0
16149.0,5,3,422.22,5,3,2,High-Yield Volatile,0,0.0,27.037003607544733,0.0
16179.0,61,1,215.83,3,1,1,Dormant Capital,0,0.0,0.0,0.0
13120.0,239,1,30.6,2,1,1,Dormant Capital,1,1.0,0.0,0.0
13119.0,669,1,134.9,1,1,1,Dormant Capital,1,1.0,0.0,0.0
18266.0,434,1,251.1,1,2,1,Dormant Capital,1,1.0,0.0,0.0
13117.0,22,18,2643.81,4,5,4,Tier 1 Alpha Asset,0,0.0,123.51809902284519,0.0
13116.0,138,1,501.14,3,1,2,Dormant Capital,1,1.0,0.0,0.0
13115.0,12,10,5494.7,5,5,5,Tier 1 Alpha Asset,0,0.0,87.25769351699385,0.0
13114.0,731,1,234.38,1,1,1,Dormant Capital,1,1.0,0.0,0.0
13112.0,541,1,20.6,1,1,1,Dormant Capital,1,0.99,0.0,0.0
13111.0,719,1,321.88000000000005,1,1,2,Dormant Capital,1,1.0,0.0,0.0
13110.0,31,12,2957.4700000000003,4,5,4,Tier 1 Alpha Asset,0,0.0,58.581107003189686,0.0
13109.0,60,3,1134.03,3,3,3,High-Yield Volatile,0,0.0,24.282855252578475,0.0
13107.0,44,9,5253.07,4,5,5,Tier 1 Alpha Asset,0,0.0,116.80374334184467,0.0
13105.0,436,1,72.0,1,1,1,Dormant Capital,1,1.0,0.0,0.0
16177.0,50,8,2247.31,4,5,4,Tier 1 Alpha Asset,0,0.0,69.69092962894814,0.0
16173.0,16,6,1418.32,5,4,4,Tier 1 Alpha Asset,0,0.0,210.46609850907103,0.0
18265.0,72,2,801.51,3,3,3,High-Yield Volatile,0,0.0,43.04678500697992,0.0
16196.0,489,1,93.3,1,1,1,Dormant Capital,1,1.0,0.0,0.0
16195.0,723,1,323.25,1,1,2,Dormant Capital,1,1.0,0.0,0.0
16194.0,375,1,308.6,2,1,2,Dormant Capital,1,1.0,0.0,0.0
16192.0,736,1,351.3,1,1,2,Dormant Capital,1,1.0,0.0,0.0
16191.0,3,24,15688.02,5,5,5,Tier 1 Alpha Asset,0,0.0,680.9150505915767,0.0
18264.0,499,1,603.25,1,2,2,Dormant Capital,1,1.0,0.0,0.0
16189.0,16,2,215.48,5,2,1,Dormant Capital,0,0.0,77.43221193928873,0.0
16188.0,45,5,1087.66,4,4,3,Tier 1 Alpha Asset,0,0.0,50.043225914101875,0.0
16187.0,32,15,6911.4400000000005,4,5,5,Tier 1 Alpha Asset,0,0.0,335.2550075522258,0.0
16186.0,23,26,9026.11,4,5,5,Tier 1 Alpha Asset,0,0.0,188.9444653327106,0.0
16185.0,17,3,644.72,5,3,3,High-Yield Volatile,0,0.0,23.832531819536335,0.0
16184.0,64,6,1158.79,3,4,3,High-Yield Volatile,0,0.0,174.30270976596077,0.0
18263.0,26,3,1213.16,4,3,3,High-Yield Volatile,0,0.0,57.61074638561151,0.0
16182.0,72,9,9971.65,3,5,5,High-Yield Volatile,0,0.0,795.2527720428716,0.0
16181.0,73,1,305.54,3,1,2,Dormant Capital,0,0.0,0.0,0.0
16216.0,267,1,914.93,2,1,3,Dormant Capital,1,1.0,0.0,0.0
16215.0,81,1,242.35,3,1,1,Dormant Capital,0,0.0,0.0,0.0
16213.0,79,1,159.0,3,1,1,Dormant Capital,0,0.0,0.0,0.0
16212.0,19,4,1293.71,5,4,4,Tier 1 Alpha Asset,0,0.0,28.598903989197805,0.0
16211.0,89,3,1090.59,3,3,3,High-Yield Volatile,0,0.0,52.670579505322266,0.0
16210.0,2,35,38489.51,5,5,5,Tier 1 Alpha Asset,0,0.0,2010.337138465187,0.0
16209.0,89,9,4146.78,3,5,5,High-Yield Volatile,0,0.0,288.8761094734478,0.0
16208.0,45,10,3440.4500000000003,4,5,5,Tier 1 Alpha Asset,0,0.0,62.68945493848294,0.0
16207.0,25,1,394.38,4,1,2,Dormant Capital,0,0.0,0.0,0.0
16206.0,55,13,2602.32,4,5,4,Tier 1 Alpha Asset,0,0.0,61.74569144213167,0.0
16205.0,31,7,1830.61,4,4,4,Tier 1 Alpha Asset,0,0.0,35.307056318501836,0.0
16204.0,23,3,944.24,4,3,3,High-Yield Volatile,0,0.0,10.827853032509479,0.0
16203.0,59,6,1114.54,4,4,3,Tier 1 Alpha Asset,0,0.0,49.488193420297705,0.0
16201.0,3,5,2112.12,5,4,4,Tier 1 Alpha Asset,0,0.0,57.28313988799135,0.0
16200.0,4,12,5643.45,5,5,5,Tier 1 Alpha Asset,0,0.0,45.46254445521619,0.0
16198.0,75,2,1030.0410000000002,3,2,3,Dormant Capital,0,0.0,33.004044908920065,0.0
16242.0,8,14,7474.400000000001,5,5,5,Tier 1 Alpha Asset,0,0.0,73.90413387266331,0.0
16241.0,10,16,4329.31,5,5,5,Tier 1 Alpha Asset,0,0.0,51.20784736808807,0.0
18261.0,43,2,324.24,4,3,2,High-Yield Volatile,0,0.0,56.00453965276936,0.0
16239.0,57,6,1492.2,4,4,4,Tier 1 Alpha Asset,0,0.0,152.68492505628137,0.0
16238.0,423,1,63.66,1,1,1,Dormant Capital,1,1.0,0.0,0.0
16237.0,437,1,136.65,1,1,1,Dormant Capital,1,1.0,0.0,0.0
16236.0,78,1,432.2,3,1,2,Dormant Capital,0,0.0,0.0,0.0
16235.0,41,9,2053.71,4,5,4,Tier 1 Alpha Asset,0,0.0,98.48790356031489,0.0
16233.0,71,9,1965.71,3,5,4,High-Yield Volatile,0,0.0,95.25256463729909,0.0
18259.0,25,7,4318.2,4,4,5,Tier 1 Alpha Asset,0,0.0,131.77455561889326,0.0
18257.0,39,12,4600.15,4,5,5,Tier 1 Alpha Asset,0,0.0,91.50218760291132,0.0
16225.0,45,15,2867.41,4,5,4,Tier 1 Alpha Asset,0,0.0,64.94074401943908,0.0
16224.0,57,5,1616.54,4,4,4,Tier 1 Alpha Asset,0,0.0,49.69312107608306,0.0
16221.0,37,9,2235.51,4,5,4,Tier 1 Alpha Asset,0,0.0,46.9511563334477,0.0
16219.0,501,1,40.8,1,1,1,Dormant Capital,1,1.0,0.0,0.0
16218.0,30,13,4439.97,4,5,5,Tier 1 Alpha Asset,0,0.0,185.93685758383057,0.0
18256.0,388,1,110.7,2,2,1,Dormant Capital,1,1.0,0.0,0.0
13104.0,3,9,1709.1,5,5,4,Tier 1 Alpha Asset,0,0.0,231.961727736199,0.0
13103.0,40,3,709.64,4,3,3,High-Yield Volatile,0,0.0,30.358772663468898,0.0
13102.0,1,37,11696.92,5,5,5,Tier 1 Alpha Asset,0,0.0,460.203787161321,0.0
13099.0,99,1,207.36,3,1,1,Dormant Capital,1,1.0,0.0,0.0
13098.0,1,28,28882.44,5,5,5,Tier 1 Alpha Asset,0,0.0,1258.9111594591477,0.0
13097.0,33,28,13389.22,4,5,5,Tier 1 Alpha Asset,0,0.0,154.31990607213046,0.0
13096.0,394,1,419.7000000000001,2,1,2,Dormant Capital,1,1.0,0.0,0.0
13095.0,71,1,74.39999999999999,3,1,1,Dormant Capital,0,0.0,0.0,0.0
13094.0,21,13,2433.1200000000003,4,5,4,Tier 1 Alpha Asset,0,0.0,719.4139484661556,0.0
18254.0,581,1,267.9,1,2,1,Dormant Capital,1,1.0,0.0,0.0
13092.0,71,12,2140.28,3,5,4,High-Yield Volatile,0,0.0,109.24797151254766,0.0
13091.0,28,3,2321.82,4,3,4,High-Yield Volatile,0,0.0,56.46528431777815,0.0
13090.0,9,24,14103.09,5,5,5,Tier 1 Alpha Asset,0,0.0,719.059256878209,0.0
13089.0,3,203,116737.86,5,5,5,Tier 1 Alpha Asset,0,0.0,2988.8849915091705,0.0
13088.0,417,1,236.11,1,1,1,Dormant Capital,1,1.0,0.0,0.0
12348.0,75,5,2019.4,3,4,4,High-Yield Volatile,0,0.0,121.51569848782407,0.0
16265.0,9,12,6935.17,5,5,5,Tier 1 Alpha Asset,0,0.0,174.62762187153376,0.0
16263.0,423,1,351.01,1,1,2,Dormant Capital,1,1.0,0.0,0.0
16262.0,378,1,755.15,2,1,3,Dormant Capital,1,1.0,0.0,0.0
16261.0,17,6,1059.45,5,4,3,Tier 1 Alpha Asset,0,0.0,25.827818799795473,0.0
16260.0,51,1,1035.45,4,1,3,Dormant Capital,0,0.0,0.0,0.0
16258.0,45,15,11942.52,4,5,5,Tier 1 Alpha Asset,0,0.0,243.9173879711705,0.0
16257.0,177,1,46.95,3,1,1,Dormant Capital,1,1.0,0.0,0.0
16255.0,17,15,4906.8,5,5,5,Tier 1 Alpha Asset,0,0.0,61.95194974633082,0.0
16253.0,67,7,7310.15,3,4,5,High-Yield Volatile,0,0.0,68.33439518793841,0.0
16252.0,383,1,295.09000000000003,2,1,2,Dormant Capital,1,1.0,0.0,0.0
16251.0,512,1,128.31,1,1,1,Dormant Capital,1,1.0,0.0,0.0
16249.0,53,5,1800.07,4,4,4,Tier 1 Alpha Asset,0,0.0,134.72025875148861,0.0
16248.0,62,1,152.94,3,1,1,Dormant Capital,0,0.0,0.0,0.0
16247.0,170,1,114.56,3,1,1,Dormant Capital,1,1.0,0.0,0.0
16245.0,24,3,1413.66,4,3,4,High-Yield Volatile,0,0.0,45.88889993547495,0.0
13083.0,4,3,395.43,5,3,2,High-Yield Volatile,0,0.0,34.03947507062096,0.0
13081.0,12,28,59205.15,5,5,5,Tier 1 Alpha Asset,0,0.0,297.3883245221477,0.0
13993.0,43,19,6775.71,4,5,5,Tier 1 Alpha Asset,0,0.0,204.25215813871986,0.0
13078.0,3,57,29532.45,5,5,5,Tier 1 Alpha Asset,0,0.0,884.4142327838351,0.0
13992.0,30,3,219.5,4,3,1,High-Yield Volatile,0,0.0,34.54256459945559,0.0
13076.0,458,1,135.4,1,1,1,Dormant Capital,1,1.0,0.0,0.0
13075.0,130,1,919.61,3,1,3,Dormant Capital,1,1.0,0.0,0.0
13072.0,267,1,177.15,2,1,1,Dormant Capital,1,1.0,0.0,0.0
16274.0,373,1,715.9,2,1,3,Dormant Capital,1,1.0,0.0,0.0
13991.0,12,6,855.97,5,4,3,Tier 1 Alpha Asset,0,0.0,100.8724631107188,0.0
16272.0,117,1,411.7,3,1,2,Dormant Capital,1,0.98,0.0,0.0
16271.0,3,10,3463.02,5,5,5,Tier 1 Alpha Asset,0,0.0,53.698745823509086,0.0
16270.0,353,1,1141.24,2,1,3,Dormant Capital,1,1.0,0.0,0.0
16269.0,438,1,717.57,1,1,3,Dormant Capital,1,1.0,0.0,0.0
16268.0,71,2,667.65,3,2,3,Dormant Capital,0,0.0,54.10875668326844,0.0
16267.0,591,1,186.66,1,1,1,Dormant Capital,1,1.0,0.0,0.0
16295.0,10,4,1328.55,5,4,4,Tier 1 Alpha Asset,0,0.0,174.92492220451524,0.0
16294.0,477,1,126.05,1,1,1,Dormant Capital,1,1.0,0.0,0.0
16293.0,22,15,4657.95,4,5,5,Tier 1 Alpha Asset,0,0.0,121.57554077699763,0.0
16291.0,682,1,117.72,1,1,1,Dormant Capital,1,1.0,0.0,0.0
16289.0,462,1,136.31,1,1,1,Dormant Capital,1,1.0,0.0,0.0
16288.0,470,1,129.85,1,1,1,Dormant Capital,1,1.0,0.0,0.0
16285.0,646,1,176.9,1,1,1,Dormant Capital,1,1.0,0.0,0.0
16284.0,31,3,1029.77,4,3,3,High-Yield Volatile,0,0.0,16.69315781718972,0.0
16283.0,6,8,4403.82,5,5,5,Tier 1 Alpha Asset,0,0.0,28.302697484409144,0.0
13990.0,213,1,311.3,2,1,2,Dormant Capital,1,1.0,0.0,0.0
16280.0,725,1,238.05,1,1,1,Dormant Capital,1,1.0,0.0,0.0
16279.0,21,9,5705.08,4,5,5,Tier 1 Alpha Asset,0,0.0,73.4757788906588,0.0
16277.0,734,1,188.69,1,1,1,Dormant Capital,1,1.0,0.0,0.0
13087.0,726,1,313.64,1,1,2,Dormant Capital,1,1.0,0.0,0.0
13086.0,383,1,439.33,2,1,2,Dormant Capital,1,1.0,0.0,0.0
13084.0,492,1,122.4,1,1,1,Dormant Capital,1,1.0,0.0,0.0
16319.0,218,1,404.4,2,1,2,Dormant Capital,1,1.0,0.0,0.0
16318.0,35,1,328.15000000000003,4,1,2,Dormant Capital,0,0.0,0.0,0.0
16316.0,64,13,5744.91,3,5,5,High-Yield Volatile,0,0.0,147.3520588594575,0.0
16313.0,3,2,274.15000000000003,5,2,1,Dormant Capital,0,0.0,94.01692440250861,0.0
16312.0,432,1,171.15,1,1,1,Dormant Capital,1,1.0,0.0,0.0
16311.0,18,2,616.26,5,2,2,Dormant Capital,0,0.0,90.23202439450371,0.0
16308.0,38,7,5120.0,4,4,5,Tier 1 Alpha Asset,0,0.0,2048.721074893504,0.0
16305.0,139,1,361.22,3,1,2,Dormant Capital,1,1.0,0.0,0.0
16304.0,695,1,381.66,1,1,2,Dormant Capital,1,1.0,0.0,0.0
16303.0,26,7,7928.27,4,4,5,Tier 1 Alpha Asset,0,0.0,89.90403554817415,0.0
16302.0,127,1,233.22,3,1,1,Dormant Capital,1,1.0,0.0,0.0
16301.0,737,1,107.33,1,1,1,Dormant Capital,1,1.0,0.0,0.0
16299.0,477,1,193.65,1,1,1,Dormant Capital,1,1.0,0.0,0.0
16298.0,23,7,1085.7,4,4,3,Tier 1 Alpha Asset,0,0.0,103.62936492698942,0.0
16297.0,269,1,301.9,2,1,2,Dormant Capital,1,1.0,0.0,0.0
13989.0,66,5,2026.06,3,4,4,High-Yield Volatile,0,0.0,58.89288055657326,0.0
16326.0,6,24,4826.99,5,5,5,Tier 1 Alpha Asset,0,0.0,106.45525484813051,0.0
16325.0,47,12,3597.5,4,5,5,Tier 1 Alpha Asset,0,0.0,128.49799034176857,0.0
13071.0,612,1,129.22,1,1,1,Dormant Capital,1,1.0,0.0,0.0
13069.0,1,38,9683.13,5,5,5,Tier 1 Alpha Asset,0,0.0,184.97254903842546,0.0
13068.0,10,2,344.0,5,2,2,Dormant Capital,0,0.0,224.69432037410945,0.0
13067.0,82,3,508.51,3,3,2,High-Yield Volatile,0,0.0,28.527357934556747,0.0
13066.0,24,2,470.8,4,2,2,Dormant Capital,0,0.0,68.74130261639586,0.0
13064.0,13,6,1680.74,5,4,4,Tier 1 Alpha Asset,0,0.0,52.95046152343969,0.0
13063.0,481,1,188.4,1,1,1,Dormant Capital,1,1.0,0.0,0.0
13062.0,191,1,346.98,2,1,2,Dormant Capital,1,1.0,0.0,0.0
13061.0,72,1,248.61,3,1,1,Dormant Capital,0,0.0,0.0,0.0
13060.0,254,1,307.53000000000003,2,1,2,Dormant Capital,1,1.0,0.0,0.0
13058.0,25,3,271.40000000000003,4,3,1,High-Yield Volatile,0,0.0,141.02320205818975,0.0
13056.0,551,1,209.48,1,1,1,Dormant Capital,1,1.0,0.0,0.0
16322.0,1,2,326.75,5,2,2,Dormant Capital,0,0.0,64.91658083273533,0.0
16321.0,72,7,604.5500000000001,3,4,2,High-Yield Volatile,0,0.0,73.25602548915013,0.0
16347.0,11,11,3509.41,5,5,5,Tier 1 Alpha Asset,0,0.0,52.187199019697886,0.0
16346.0,385,1,224.51,2,1,1,Dormant Capital,1,1.0,0.0,0.0
16345.0,44,2,1198.74,4,2,3,Dormant Capital,0,0.0,12.477672673729513,0.0
16343.0,16,3,687.0699999999999,5,3,3,High-Yield Volatile,0,0.0,17.30039731080805,0.0
13988.0,20,8,4757.8,4,4,5,Tier 1 Alpha Asset,0,0.0,61.39568747732377,0.0
16341.0,25,7,3850.79,4,4,5,Tier 1 Alpha Asset,0,0.0,81.73665699471033,0.0
16339.0,284,1,109.95,2,1,1,Dormant Capital,1,1.0,0.0,0.0
16338.0,157,1,214.8,3,1,1,Dormant Capital,1,1.0,0.0,0.0
16337.0,37,1,151.05,4,1,1,Dormant Capital,0,0.0,0.0,0.0
13986.0,17,1,320.46,5,1,2,Dormant Capital,0,0.0,0.0,0.0
16334.0,492,1,277.48,1,1,1,Dormant Capital,1,1.0,0.0,0.0
16333.0,8,22,26626.8,5,5,5,Tier 1 Alpha Asset,0,0.0,11709.872277433455,0.0
16332.0,28,11,2010.41,4,5,4,Tier 1 Alpha Asset,0,0.0,57.03146296922049,0.0
16330.0,18,7,634.33,5,4,3,Tier 1 Alpha Asset,0,0.0,18.00872330868825,0.0
16328.0,563,1,310.83,1,1,2,Dormant Capital,1,1.0,0.0,0.0
16327.0,14,16,10731.34,5,5,5,Tier 1 Alpha Asset,0,0.0,77.20045535927026,0.0
16365.0,18,15,3307.2,5,5,5,Tier 1 Alpha Asset,0,0.0,159.63139203026117,0.0
16364.0,12,2,707.04,5,2,3,Dormant Capital,0,0.0,41.295193425917404,0.0
16363.0,53,1,109.36,4,1,1,Dormant Capital,0,0.0,0.0,0.0
16362.0,32,6,946.94,4,4,3,Tier 1 Alpha Asset,0,0.0,39.99224766483306,0.0
16361.0,10,4,896.66,5,4,3,Tier 1 Alpha Asset,0,0.0,88.862005250406,0.0
16360.0,5,6,3512.53,5,4,5,Tier 1 Alpha Asset,0,0.0,77.30849971178687,0.0
16359.0,7,16,2697.75,5,5,4,Tier 1 Alpha Asset,0,0.0,158.58912613380124,0.0
16358.0,1,5,2919.65,5,4,4,Tier 1 Alpha Asset,0,0.0,66.44054013970326,0.0
16357.0,33,4,868.37,4,4,3,Tier 1 Alpha Asset,0,0.0,52.25718040177743,0.0
16355.0,375,1,416.35,2,1,2,Dormant Capital,1,1.0,0.0,0.0
16354.0,63,5,1129.51,3,4,3,High-Yield Volatile,0,0.0,20.336637555019887,0.0
16353.0,4,38,9999.46,5,5,5,Tier 1 Alpha Asset,0,0.0,923.1632135958329,0.0
16352.0,18,2,494.44,5,2,2,Dormant Capital,0,0.0,105.80705142725226,0.0
16350.0,21,9,2253.89,4,5,4,Tier 1 Alpha Asset,0,0.0,111.38027763722334,0.0
16349.0,291,1,53.5,2,1,1,Dormant Capital,1,1.0,0.0,0.0
13985.0,4,22,10020.86,5,5,5,Tier 1 Alpha Asset,0,0.0,210.53803646468106,0.0
16372.0,33,5,1328.61,4,4,4,Tier 1 Alpha Asset,0,0.0,10.935920378764694,0.0
16371.0,449,1,157.2,1,1,1,Dormant Capital,1,1.0,0.0,0.0
13055.0,78,4,2321.11,3,3,4,High-Yield Volatile,0,0.0,38.30321614480541,0.0
13053.0,622,1,127.65,1,1,1,Dormant Capital,1,1.0,0.0,0.0
13050.0,15,35,12344.53,5,5,5,Tier 1 Alpha Asset,0,0.0,183.54322348844494,0.0
13049.0,64,4,1408.24,3,3,4,High-Yield Volatile,0,0.0,139.79488691416356,0.0
13048.0,14,9,4084.21,5,5,5,Tier 1 Alpha Asset,0,0.0,60.788131782861875,0.0
13047.0,32,24,8795.16,4,5,5,Tier 1 Alpha Asset,0,0.0,226.5566590363906,0.0
13046.0,31,3,949.25,4,3,3,High-Yield Volatile,0,0.0,30.137840340413668,0.0
13043.0,273,1,516.42,2,1,2,Dormant Capital,1,1.0,0.0,0.0
13040.0,9,2,676.99,5,2,3,Dormant Capital,0,0.0,103.98080994696129,0.0
16370.0,82,4,1320.56,3,4,4,High-Yield Volatile,0,0.0,27.102485208466568,0.0
16369.0,18,7,2664.81,5,4,4,Tier 1 Alpha Asset,0,0.0,53.181060141480145,0.0
16368.0,2,3,640.21,5,3,3,High-Yield Volatile,0,0.0,13.85828829025426,0.0
16367.0,37,3,1362.4,4,3,4,High-Yield Volatile,0,0.0,14.283302547532198,0.0
16366.0,19,4,1548.13,5,4,4,Tier 1 Alpha Asset,0,0.0,31.54353450700082,0.0
16396.0,476,1,137.8,1,1,1,Dormant Capital,1,1.0,0.0,0.0
16395.0,61,14,3537.85,3,5,5,High-Yield Volatile,0,0.0,32.62943438122329,0.0
16394.0,57,5,1555.34,4,4,4,Tier 1 Alpha Asset,0,0.0,83.69597893285388,0.0
16393.0,2,23,5561.66,5,5,5,Tier 1 Alpha Asset,0,0.0,68.93107373294936,0.0
16389.0,53,4,1382.0700000000002,4,4,4,Tier 1 Alpha Asset,0,0.0,141.90824516370773,0.0
16388.0,654,1,186.05,1,1,1,Dormant Capital,1,1.0,0.0,0.0
16386.0,29,3,1102.59,4,3,3,High-Yield Volatile,0,0.0,17.06105001207493,0.0
16385.0,60,5,1030.61,3,4,3,High-Yield Volatile,0,0.0,18.207457737957565,0.0
16384.0,90,4,1358.95,3,4,4,High-Yield Volatile,0,0.0,32.01100512272242,0.0
16383.0,75,7,2974.84,3,4,5,High-Yield Volatile,0,0.0,22.764452899191205,0.0
13984.0,27,12,2048.6,4,5,4,Tier 1 Alpha Asset,0,0.0,109.43833322887095,0.0
16380.0,61,1,1780.59,3,1,4,Dormant Capital,0,0.01,0.0,0.0
16379.0,4,4,2157.4,5,4,4,Tier 1 Alpha Asset,0,0.0,185.06295703395583,0.0
16376.0,9,2,987.01,5,2,3,Dormant Capital,0,0.0,75.0047907370509,0.0
13983.0,30,21,7108.45,4,5,5,Tier 1 Alpha Asset,0,0.0,184.03961690770626,0.0
16374.0,66,5,1771.45,3,4,4,High-Yield Volatile,0,0.0,13.416669338699235,0.0
16416.0,27,9,2972.88,4,5,5,Tier 1 Alpha Asset,0,0.0,65.53883252147395,0.0
16415.0,44,3,719.44,4,3,3,High-Yield Volatile,0,0.0,6.883022233582871,0.0
18283.0,4,22,2736.65,5,5,4,Tier 1 Alpha Asset,0,0.0,29.746689558693234,0.0
16413.0,57,2,528.98,4,2,2,Dormant Capital,0,0.0,11.972059852812404,0.0
16412.0,54,5,647.23,4,4,3,Tier 1 Alpha Asset,0,0.0,11.510064461013764,0.0
16411.0,19,4,910.19,5,4,3,Tier 1 Alpha Asset,0,0.0,13.280492604161722,0.0
16410.0,734,1,130.32,1,1,1,Dormant Capital,1,1.0,0.0,0.0
16409.0,36,12,5709.04,4,5,5,Tier 1 Alpha Asset,0,0.0,37.11043810605832,0.0
16408.0,591,1,231.93,1,1,1,Dormant Capital,1,1.0,0.0,0.0
16407.0,13,14,2821.65,5,5,4,Tier 1 Alpha Asset,0,0.0,115.5573102665363,0.0
16406.0,19,3,552.68,5,3,2,High-Yield Volatile,0,0.0,5.9992167884900205,0.0
16404.0,70,1,443.05,3,1,2,Dormant Capital,0,0.0,0.0,0.0
16403.0,312,1,177.5,2,1,1,Dormant Capital,1,1.0,0.0,0.0
16401.0,1,23,6849.15,5,5,5,Tier 1 Alpha Asset,0,0.0,236.10934627914074,0.0
16399.0,19,3,641.82,5,3,3,High-Yield Volatile,0,0.0,13.664384578230152,0.0
16397.0,628,1,127.88,1,1,1,Dormant Capital,1,1.0,0.0,0.0
16423.0,25,1,346.12,4,1,2,Dormant Capital,0,0.0,0.0,0.0
16422.0,17,109,63651.47,5,5,5,Tier 1 Alpha Asset,0,0.0,4308.987650540474,0.0
16420.0,396,1,75.0,2,1,1,Dormant Capital,1,1.0,0.0,0.0
13038.0,80,3,908.46,3,3,3,High-Yield Volatile,0,0.0,79.03031759406757,0.0
13036.0,685,1,307.1,1,1,2,Dormant Capital,1,1.0,0.0,0.0
13035.0,74,3,1364.2,3,3,4,High-Yield Volatile,0,0.0,57.38699186119998,0.0
13034.0,55,3,922.68,4,3,3,High-Yield Volatile,0,0.0,33.164578089017766,0.0
13032.0,52,9,2843.55,4,5,4,Tier 1 Alpha Asset,0,0.0,75.81340767347548,0.0
13030.0,11,2,1227.22,5,2,3,Dormant Capital,0,0.0,12.483791630330723,0.0
13029.0,31,5,1927.3,4,4,4,Tier 1 Alpha Asset,0,0.0,297.5148311382398,0.0
18282.0,8,2,178.05,5,3,1,High-Yield Volatile,0,0.0,47.91503239278968,0.0
13026.0,1,9,1733.08,5,5,4,Tier 1 Alpha Asset,0,0.0,78.88646814213482,0.0
13025.0,732,1,323.39,1,1,2,Dormant Capital,1,1.0,0.0,0.0
13023.0,64,3,1449.03,3,3,4,High-Yield Volatile,0,0.0,29.191034976922566,0.0
16418.0,45,5,1101.94,4,4,3,Tier 1 Alpha Asset,0,0.0,22.979301874977708,0.0
16417.0,493,1,35.7,1,1,1,Dormant Capital,1,1.0,0.0,0.0
16444.0,46,17,3656.58,4,5,5,Tier 1 Alpha Asset,0,0.0,80.35957647806642,0.0
16443.0,521,1,162.24,1,1,1,Dormant Capital,1,1.0,0.0,0.0
16442.0,2,5,899.47,5,4,3,Tier 1 Alpha Asset,0,0.0,8.546175143782355,0.0
16441.0,67,5,1034.43,3,4,3,High-Yield Volatile,0,0.0,28.209503690606446,0.0
16440.0,8,6,3856.97,5,4,5,Tier 1 Alpha Asset,0,0.0,44.50014560995278,0.0
16439.0,722,1,310.70000000000005,1,1,2,Dormant Capital,1,1.0,0.0,0.0
16438.0,6,5,798.35,5,4,3,Tier 1 Alpha Asset,0,0.0,75.94834742878186,0.0
18279.0,519,1,231.34,1,2,1,Dormant Capital,1,1.0,0.0,0.0
18278.0,74,2,414.2000000000001,3,3,2,High-Yield Volatile,0,0.0,20.951746716151696,0.0
16434.0,29,12,2741.74,4,5,4,Tier 1 Alpha Asset,0,0.0,77.39276807726466,0.0
16433.0,28,2,384.52,4,2,2,Dormant Capital,0,0.0,15.032087321502708,0.0
16432.0,64,1,287.40000000000003,3,1,1,Dormant Capital,0,0.0,0.0,0.0
16430.0,57,7,1117.94,4,4,3,Tier 1 Alpha Asset,0,0.0,119.26097184331631,0.0
16429.0,106,1,284.55,3,1,1,Dormant Capital,1,1.0,0.0,0.0
16426.0,2,10,1908.25,5,5,4,Tier 1 Alpha Asset,0,0.0,53.01042045744872,0.0
16425.0,302,1,302.7,2,1,2,Dormant Capital,1,1.0,0.0,0.0
16455.0,64,11,4384.37,3,5,5,High-Yield Volatile,0,0.0,102.50037847165676,0.0
18277.0,58,5,1180.05,4,4,3,Tier 1 Alpha Asset,0,0.0,52.34380697990588,0.0
16451.0,88,3,1013.15,3,3,3,High-Yield Volatile,0,0.0,17.97603184073006,0.0
13022.0,430,1,65.3,1,1,1,Dormant Capital,1,1.0,0.0,0.0
13021.0,4,17,4887.24,5,5,5,Tier 1 Alpha Asset,0,0.0,135.1683087093151,0.0
13018.0,16,35,9763.16,5,5,5,Tier 1 Alpha Asset,0,0.0,268.0231705787304,0.0
13017.0,7,1,204.0,5,1,1,Dormant Capital,0,0.0,0.0,0.0
13016.0,73,3,789.89,3,3,3,High-Yield Volatile,0,0.0,76.7757350180085,0.0
13015.0,53,11,6586.42,4,5,5,Tier 1 Alpha Asset,0,0.0,102.15715761556503,0.0
13014.0,11,11,5381.08,5,5,5,Tier 1 Alpha Asset,0,0.0,176.02669565341057,0.0
13013.0,1,29,12625.77,5,5,5,Tier 1 Alpha Asset,0,0.0,281.4553733274298,0.0
13012.0,9,11,2972.83,5,5,5,Tier 1 Alpha Asset,0,0.0,107.16281279909167,0.0
13011.0,372,1,101.1,2,1,1,Dormant Capital,1,1.0,0.0,0.0
13009.0,673,1,234.0,1,1,1,Dormant Capital,1,1.0,0.0,0.0
13007.0,580,1,175.25,1,1,1,Dormant Capital,1,1.0,0.0,0.0
16445.0,34,4,602.73,4,4,2,Tier 1 Alpha Asset,0,0.0,10.542781323821872,0.0
18276.0,44,6,1656.52,4,4,4,Tier 1 Alpha Asset,0,0.0,42.959245942839516,0.0
16477.0,64,11,4320.02,3,5,5,High-Yield Volatile,0,0.0,108.81296177719994,0.0
16476.0,432,1,350.35,1,1,2,Dormant Capital,1,1.0,0.0,0.0
13982.0,39,9,4445.59,4,5,5,Tier 1 Alpha Asset,0,0.0,68.95133242717598,0.0
16474.0,7,7,1871.5,5,4,4,Tier 1 Alpha Asset,0,0.0,62.67765133859857,0.0
16470.0,52,11,2458.6,4,5,4,Tier 1 Alpha Asset,0,0.0,24.259812208341557,0.0
16469.0,24,5,828.91,4,4,3,Tier 1 Alpha Asset,0,0.0,12.871722871470775,0.0
16468.0,74,3,787.52,3,3,3,High-Yield Volatile,0,0.0,29.264434152574452,0.0
16466.0,34,15,3838.59,4,5,5,Tier 1 Alpha Asset,0,0.0,78.07271963417782,0.0
16464.0,20,3,1314.68,4,3,4,High-Yield Volatile,0,0.0,30.100465249453933,0.0
16463.0,21,4,1422.4,4,4,4,Tier 1 Alpha Asset,0,0.0,82.77698107898055,0.0
16462.0,74,3,136.0,3,3,1,High-Yield Volatile,0,0.0,111.59710021636847,0.0
16460.0,28,3,814.72,4,3,3,High-Yield Volatile,0,0.0,45.29058752480516,0.0
16459.0,730,1,71.78999999999999,1,1,1,Dormant Capital,1,1.0,0.0,0.0
16458.0,3,30,5715.34,5,5,5,Tier 1 Alpha Asset,0,0.0,241.89675616352997,0.0
16457.0,218,1,208.36,2,1,1,Dormant Capital,1,1.0,0.0,0.0
13981.0,416,1,331.14,1,1,2,Dormant Capital,1,1.0,0.0,0.0
16483.0,192,1,139.35,2,1,1,Dormant Capital,1,1.0,0.0,0.0
13006.0,56,1,81.57,4,1,1,Dormant Capital,0,0.0,0.0,0.0
13004.0,12,36,11650.85,5,5,5,Tier 1 Alpha Asset,0,0.0,220.21210526529387,0.0
13001.0,4,33,24172.1,5,5,5,Tier 1 Alpha Asset,0,0.0,327.2360967010117,0.0
12997.0,22,8,2110.91,4,4,4,Tier 1 Alpha Asset,0,0.0,76.13914423573468,0.0
12996.0,376,1,355.5,2,1,2,Dormant Capital,1,1.0,0.0,0.0
12995.0,85,1,211.32,3,1,1,Dormant Capital,0,0.0,0.0,0.0
12994.0,4,3,974.42,5,3,3,High-Yield Volatile,0,0.0,45.19639190125262,0.0
12993.0,23,8,1259.63,4,4,4,Tier 1 Alpha Asset,0,0.0,60.039219787405536,0.0
12992.0,725,1,93.35,1,1,1,Dormant Capital,1,1.0,0.0,0.0
12991.0,23,3,764.82,4,3,3,High-Yield Volatile,0,0.0,34.787001535488464,0.0
16482.0,16,1,220.62,5,1,1,Dormant Capital,0,0.0,0.0,0.0
16481.0,682,1,453.38,1,1,2,Dormant Capital,1,1.0,0.0,0.0
16480.0,76,1,769.29,3,1,3,Dormant Capital,0,0.0,0.0,0.0
16479.0,10,2,300.83,5,2,2,Dormant Capital,0,0.0,88.28828863703569,0.0
16505.0,32,1,777.6,4,1,3,Dormant Capital,0,0.0,0.0,0.0
16504.0,25,1,484.38,4,1,2,Dormant Capital,0,0.0,0.0,0.0
13980.0,60,5,799.92,3,4,3,High-Yield Volatile,0,0.0,27.70221954831375,0.0
16501.0,383,1,1237.23,2,1,3,Dormant Capital,1,1.0,0.0,0.0
13979.0,73,7,3416.23,3,4,5,High-Yield Volatile,0,0.0,24.51425946802751,0.0
16497.0,50,23,6695.28,4,5,5,Tier 1 Alpha Asset,0,0.0,189.81257682291923,0.0
13978.0,15,2,196.79,5,2,1,Dormant Capital,0,0.0,77.69061518814708,0.0
16495.0,3,3,684.41,5,3,3,High-Yield Volatile,0,0.0,21.8340222241581,0.0
16494.0,297,1,826.53,2,1,3,Dormant Capital,1,1.0,0.0,0.0
16493.0,80,7,2132.09,3,4,4,High-Yield Volatile,0,0.0,62.843219449647776,0.0
16492.0,541,1,385.56,1,1,2,Dormant Capital,1,1.0,0.0,0.0
16491.0,47,2,1533.16,4,2,4,Dormant Capital,0,0.0,21.22466437011686,0.0
16490.0,436,1,205.41000000000005,1,1,1,Dormant Capital,1,1.0,0.0,0.0
16488.0,33,3,498.8,4,3,2,High-Yield Volatile,0,0.0,75.17684437662535,0.0
13977.0,411,1,519.8100000000001,1,1,2,Dormant Capital,1,1.0,0.0,0.0
16486.0,538,1,134.36,1,1,1,Dormant Capital,1,1.0,0.0,0.0
12988.0,292,1,535.32,2,1,2,Dormant Capital,1,1.0,0.0,0.0
12987.0,74,5,1312.21,3,4,4,High-Yield Volatile,0,0.0,41.686329594626855,0.0
13975.0,31,12,5358.84,4,5,5,Tier 1 Alpha Asset,0,0.0,39.23193492098923,0.0
12985.0,1,2,1239.38,5,2,3,Dormant Capital,0,0.0,114.00365540569453,0.0
12984.0,19,1,97.5,5,1,1,Dormant Capital,0,0.0,0.0,0.0
12983.0,598,1,490.08,1,1,2,Dormant Capital,1,1.0,0.0,0.0
12981.0,30,2,372.22,4,2,2,Dormant Capital,0,0.0,54.5320271350889,0.0
12979.0,729,1,517.7,1,1,2,Dormant Capital,1,1.0,0.0,0.0
16516.0,30,1,101.7,4,1,1,Dormant Capital,0,0.0,0.0,0.0
16515.0,52,10,3216.3,4,5,5,Tier 1 Alpha Asset,0,0.0,73.07473126735748,0.0
16513.0,5,4,874.59,5,4,3,Tier 1 Alpha Asset,0,0.0,315.6880629880068,0.0
16511.0,22,6,1819.02,4,4,4,Tier 1 Alpha Asset,0,0.0,16.62214623182178,0.0
16509.0,297,1,363.7000000000001,2,1,2,Dormant Capital,1,1.0,0.0,0.0
16508.0,630,1,248.8,1,1,1,Dormant Capital,1,1.0,0.0,0.0
16507.0,572,1,152.76,1,1,1,Dormant Capital,1,1.0,0.0,0.0
16506.0,20,2,90.3,4,2,1,Dormant Capital,0,0.0,164.30882395350673,0.0
16536.0,110,1,548.97,3,1,2,Dormant Capital,1,1.0,0.0,0.0
16535.0,5,3,1001.59,5,3,3,High-Yield Volatile,0,0.0,16.823260436328212,0.0
16534.0,642,1,635.9,1,1,3,Dormant Capital,1,1.0,0.0,0.0
16533.0,19,3,1095.56,5,3,3,High-Yield Volatile,0,0.0,52.13284948047256,0.0
16532.0,18,5,8756.64,5,4,5,Tier 1 Alpha Asset,0,0.0,3263.7334588456133,0.0
13974.0,49,2,677.72,4,2,3,Dormant Capital,0,0.0,14.286579896565337,0.0
16530.0,668,1,48.35,1,1,1,Dormant Capital,1,0.99,0.0,0.0
16528.0,4,1,244.41,5,1,1,Dormant Capital,0,0.0,0.0,0.0
16527.0,81,2,1272.44,3,2,4,Dormant Capital,0,0.0,19.3809918737988,0.0
16525.0,2,48,24582.64,5,5,5,Tier 1 Alpha Asset,0,0.0,1364.9847751147406,0.0
16523.0,2,28,11916.33,5,5,5,Tier 1 Alpha Asset,0,0.0,403.922925548866,0.0
16519.0,25,4,556.26,4,4,2,Tier 1 Alpha Asset,0,0.0,23.89480139040876,0.0
16518.0,61,4,959.37,3,4,3,High-Yield Volatile,0,0.0,28.913614155083806,0.0
16517.0,277,1,162.70000000000002,2,1,1,Dormant Capital,1,1.0,0.0,0.0
12990.0,31,7,955.5,4,4,3,Tier 1 Alpha Asset,0,0.0,116.03551876628602,0.0
12989.0,3,33,13551.75,5,5,5,Tier 1 Alpha Asset,0,0.0,1951.2017711807493,0.0
16559.0,397,1,185.2,2,1,1,Dormant Capital,1,1.0,0.0,0.0
16558.0,1,38,13873.51,5,5,5,Tier 1 Alpha Asset,0,0.0,285.33183953533273,0.0
16557.0,24,2,281.85,4,2,1,Dormant Capital,0,0.0,71.0315960837266,0.0
16556.0,67,17,8012.58,3,5,5,High-Yield Volatile,0,0.0,117.03558635989606,0.0
16555.0,35,6,1915.68,4,4,4,Tier 1 Alpha Asset,0,0.0,97.50434976069549,0.0
16554.0,42,8,2841.7200000000003,4,5,4,Tier 1 Alpha Asset,0,0.0,56.344347879602026,0.0
13973.0,287,1,264.7,2,1,1,Dormant Capital,1,1.0,0.0,0.0
16548.0,599,1,30.15,1,1,1,Dormant Capital,1,1.0,0.0,0.0
16547.0,546,1,111.71,1,1,1,Dormant Capital,1,1.0,0.0,0.0
16543.0,592,1,292.21,1,1,2,Dormant Capital,1,1.0,0.0,0.0
16542.0,54,2,257.32,4,2,1,Dormant Capital,0,0.0,22.494064210074786,0.0
16541.0,735,1,424.03,1,1,2,Dormant Capital,1,1.0,0.0,0.0
16540.0,414,1,226.7,1,1,1,Dormant Capital,1,1.0,0.0,0.0
16539.0,3,10,3732.01,5,5,5,Tier 1 Alpha Asset,0,0.0,135.725574395794,0.0
13972.0,71,2,190.25,3,2,1,Dormant Capital,0,0.0,28.187628196393597,0.0
16537.0,641,1,23.35,1,1,1,Dormant Capital,1,1.0,0.0,0.0
12971.0,4,116,15972.79,5,5,5,Tier 1 Alpha Asset,0,0.0,1876.430241749775,0.0
12970.0,7,10,1524.97,5,5,4,Tier 1 Alpha Asset,0,0.0,17.58830161932301,0.0
12969.0,603,1,122.45,1,1,1,Dormant Capital,1,1.0,0.0,0.0
12968.0,112,1,135.95,3,1,1,Dormant Capital,1,1.0,0.0,0.0
12966.0,10,1,160.18,5,1,1,Dormant Capital,0,0.0,0.0,0.0
12965.0,89,1,771.91,3,1,3,Dormant Capital,0,0.0,0.0,0.0
12964.0,437,1,132.24,1,1,1,Dormant Capital,1,1.0,0.0,0.0
12963.0,8,12,3601.59,5,5,5,Tier 1 Alpha Asset,0,0.0,129.71079544331084,0.0
12962.0,7,2,266.39,5,2,1,Dormant Capital,0,0.0,56.845082027389026,0.0
12961.0,379,1,211.99,2,1,1,Dormant Capital,1,1.0,0.0,0.0
12959.0,484,1,150.95,1,1,1,Dormant Capital,1,1.0,0.0,0.0
16564.0,569,1,87.80000000000001,1,1,1,Dormant Capital,1,1.0,0.0,0.0
16563.0,54,6,4422.76,4,4,5,Tier 1 Alpha Asset,0,0.0,115.56913065249046,0.0
16562.0,477,1,223.86,1,1,1,Dormant Capital,1,1.0,0.0,0.0
16561.0,6,2,511.12,5,2,2,Dormant Capital,0,0.0,82.71622095676518,0.0
16560.0,27,8,3048.38,4,5,5,Tier 1 Alpha Asset,0,0.0,50.77729904861672,0.0
16591.0,69,1,213.5,3,1,1,Dormant Capital,0,0.0,0.0,0.0
16589.0,71,4,612.36,3,4,2,High-Yield Volatile,0,0.0,34.289627536823325,0.0
16587.0,232,1,225.15,2,1,1,Dormant Capital,1,1.0,0.0,0.0
16584.0,80,5,3163.67,3,4,5,High-Yield Volatile,0,0.0,81.19246748526737,0.0
16582.0,113,1,313.62,3,1,2,Dormant Capital,1,1.0,0.0,0.0
16581.0,183,1,105.84,3,1,1,Dormant Capital,1,1.0,0.0,0.0
16579.0,426,1,295.05,1,1,2,Dormant Capital,1,1.0,0.0,0.0
16578.0,626,1,156.6,1,1,1,Dormant Capital,1,1.0,0.0,0.0
16577.0,667,1,380.0,1,1,2,Dormant Capital,1,1.0,0.0,0.0
16574.0,71,3,1301.78,3,3,4,High-Yield Volatile,0,0.0,19.390142455543913,0.0
13971.0,19,14,4667.57,5,5,5,Tier 1 Alpha Asset,0,0.0,114.0848193086841,0.0
16571.0,27,10,4248.74,4,5,5,Tier 1 Alpha Asset,0,0.0,79.01778225131636,0.0
16570.0,15,20,7434.31,5,5,5,Tier 1 Alpha Asset,0,0.0,301.11828293795656,0.0
16569.0,3,5,1455.23,5,4,4,Tier 1 Alpha Asset,0,0.0,82.52820685058931,0.0
16566.0,15,5,614.66,5,4,2,Tier 1 Alpha Asset,0,0.0,151.2606738688655,0.0
12973.0,414,1,385.55,1,1,2,Dormant Capital,1,1.0,0.0,0.0
16610.0,219,1,75.66,2,1,1,Dormant Capital,1,1.0,0.0,0.0
16609.0,15,7,5493.46,5,4,5,Tier 1 Alpha Asset,0,0.0,144.47082146588042,0.0
16607.0,18,25,5706.87,5,5,5,Tier 1 Alpha Asset,0,0.0,246.33290817131052,0.0
16605.0,724,1,60.48,1,1,1,Dormant Capital,1,1.0,0.0,0.0
16603.0,75,2,482.47,3,2,2,Dormant Capital,0,0.0,47.59300901794779,0.0
16602.0,36,2,763.33,4,2,3,Dormant Capital,0,0.0,24.00221592341602,0.0
16601.0,41,3,684.25,4,3,3,High-Yield Volatile,0,0.0,13.626875348300128,0.0
16600.0,4,13,2153.41,5,5,4,Tier 1 Alpha Asset,0,0.0,83.16611071290534,0.0
16599.0,386,1,172.8,2,1,1,Dormant Capital,1,1.0,0.0,0.0
16598.0,286,1,145.05,2,1,1,Dormant Capital,1,1.0,0.0,0.0
16597.0,4,1,90.04,5,1,1,Dormant Capital,0,0.0,0.0,0.0
16596.0,16,4,579.63,5,4,2,Tier 1 Alpha Asset,0,0.0,30.569640168604874,0.0
16595.0,61,5,1810.18,3,4,4,High-Yield Volatile,0,0.0,9.31547928363651,0.0
16594.0,75,1,181.09,3,1,1,Dormant Capital,0,0.0,0.0,0.0
16593.0,51,8,1071.14,4,5,3,Tier 1 Alpha Asset,0,0.0,45.12948067472532,0.0
16592.0,4,28,7807.91,5,5,5,Tier 1 Alpha Asset,0,0.0,219.0545477231407,0.0
16617.0,236,1,151.85,2,1,1,Dormant Capital,1,1.0,0.0,0.0
16616.0,15,2,500.42,5,2,2,Dormant Capital,0,0.0,41.43899482658209,0.0
16615.0,626,1,291.5,1,1,2,Dormant Capital,1,1.0,0.0,0.0
12957.0,10,13,8706.97,5,5,5,Tier 1 Alpha Asset,0,0.0,96.80521213051865,0.0
12955.0,1,11,4757.16,5,5,5,Tier 1 Alpha Asset,0,0.0,292.608399955818,0.0
12954.0,639,1,162.45,1,1,1,Dormant Capital,1,1.0,0.0,0.0
12953.0,10,2,828.8100000000001,5,2,3,Dormant Capital,0,0.0,17.175255925662363,0.0
12952.0,6,4,1387.79,5,3,4,High-Yield Volatile,0,0.0,165.01256513131406,0.0
12951.0,9,15,3213.7200000000003,5,5,5,Tier 1 Alpha Asset,0,0.0,108.70897404087277,0.0
12950.0,2,3,1843.0,5,3,4,High-Yield Volatile,0,0.0,880.2905838867698,0.0
12949.0,31,22,15526.7,4,5,5,Tier 1 Alpha Asset,0,0.0,199.3616331210653,0.0
12948.0,16,9,2317.43,5,5,4,Tier 1 Alpha Asset,0,0.0,68.31556246691945,0.0
12946.0,437,1,324.45,1,1,2,Dormant Capital,1,1.0,0.0,0.0
12944.0,36,2,604.51,4,2,2,Dormant Capital,0,0.0,27.199914671289505,0.0
16613.0,70,1,618.59,3,1,3,Dormant Capital,0,0.0,0.0,0.0
16612.0,33,9,3245.4300000000003,4,5,5,Tier 1 Alpha Asset,0,0.0,71.57633063321668,0.0
16639.0,31,4,1747.98,4,4,4,Tier 1 Alpha Asset,0,0.0,56.968954378667824,0.0
16638.0,23,15,2430.53,4,5,4,Tier 1 Alpha Asset,0,0.0,160.42632918556254,0.0
16637.0,32,4,1154.47,4,4,3,Tier 1 Alpha Asset,0,0.0,73.40034685512424,0.0
16635.0,407,1,473.0,2,1,2,Dormant Capital,1,1.0,0.0,0.0
16633.0,17,6,2883.1,5,4,4,Tier 1 Alpha Asset,0,0.0,124.81555841328817,0.0
13969.0,7,35,13365.87,5,5,5,Tier 1 Alpha Asset,0,0.0,208.1838006834258,0.0
16630.0,407,1,106.8,2,1,1,Dormant Capital,1,1.0,0.0,0.0
16629.0,74,2,417.73,3,2,2,Dormant Capital,0,0.0,26.34163136422659,0.0
16628.0,30,7,2318.1,4,4,4,Tier 1 Alpha Asset,0,0.0,59.72769920593365,0.0
16627.0,79,1,322.8,3,1,2,Dormant Capital,0,0.0,0.0,0.0
16626.0,1,17,4413.1,5,5,5,Tier 1 Alpha Asset,0,0.0,428.56747836965155,0.0
16624.0,81,2,810.57,3,2,3,Dormant Capital,0,0.0,35.76112102894887,0.0
16622.0,544,1,225.4,1,1,1,Dormant Capital,1,1.0,0.0,0.0
16621.0,52,4,813.48,4,4,3,Tier 1 Alpha Asset,0,0.0,100.62615812103284,0.0
16620.0,4,6,1758.93,5,4,4,Tier 1 Alpha Asset,0,0.0,45.22499730143037,0.0
16618.0,31,5,2647.59,4,4,4,Tier 1 Alpha Asset,0,0.0,112.58183221551218,0.0
16662.0,394,1,163.8,2,1,1,Dormant Capital,1,1.0,0.0,0.0
16660.0,16,7,1879.55,5,4,4,Tier 1 Alpha Asset,0,0.0,229.82005740790586,0.0
16659.0,189,1,39.12,3,1,1,Dormant Capital,1,1.0,0.0,0.0
16657.0,10,4,933.62,5,4,3,Tier 1 Alpha Asset,0,0.0,21.03220427649621,0.0
16656.0,22,30,16833.170000000002,4,5,5,Tier 1 Alpha Asset,0,0.0,1498.2664695959666,0.0
16655.0,18,13,6548.37,5,5,5,Tier 1 Alpha Asset,0,0.0,63.184067623736084,0.0
16653.0,16,2,1212.66,5,2,3,Dormant Capital,0,0.0,78.38153757442066,0.0
16652.0,59,16,17550.39,4,5,5,Tier 1 Alpha Asset,0,0.0,479.08412401300905,0.0
16651.0,587,1,136.2,1,1,1,Dormant Capital,1,1.0,0.0,0.0
16650.0,72,7,1916.11,3,4,4,High-Yield Volatile,0,0.0,75.37335314179465,0.0
16649.0,520,1,306.58,1,1,2,Dormant Capital,1,1.0,0.0,0.0
16648.0,43,3,672.8,4,3,3,High-Yield Volatile,0,0.0,25.468701290680066,0.0
16646.0,449,1,678.8,1,1,3,Dormant Capital,1,1.0,0.0,0.0
16645.0,736,1,160.39,1,1,1,Dormant Capital,1,1.0,0.0,0.0
13968.0,423,1,123.66,1,1,1,Dormant Capital,1,1.0,0.0,0.0
16640.0,398,1,179.4,2,1,1,Dormant Capital,1,1.0,0.0,0.0
16663.0,729,1,165.0,1,2,1,Dormant Capital,1,1.0,0.0,0.0
12941.0,724,1,377.49,1,1,2,Dormant Capital,1,1.0,0.0,0.0
12940.0,55,2,913.54,4,2,3,Dormant Capital,0,0.0,37.97170935082119,0.0
12939.0,64,20,25264.8,3,5,5,High-Yield Volatile,0,0.0,2523.6016524133674,0.0
12938.0,26,1,114.14,4,1,1,Dormant Capital,0,0.0,0.0,0.0
12937.0,15,9,3097.61,5,5,5,Tier 1 Alpha Asset,0,0.0,53.07735249417261,0.0
12936.0,17,4,1063.9,5,3,3,High-Yield Volatile,0,0.0,159.54935141352536,0.0
12935.0,2,15,4243.86,5,5,5,Tier 1 Alpha Asset,0,0.0,124.93502509173302,0.0
12934.0,737,1,181.65,1,1,1,Dormant Capital,1,1.0,0.0,0.0
12933.0,24,8,1687.03,4,4,4,Tier 1 Alpha Asset,0,0.0,19.817816860218084,0.0
13995.0,15,14,3902.01,5,5,5,Tier 1 Alpha Asset,0,0.0,100.6017272539506,0.0
12931.0,22,57,92347.34,4,5,5,Tier 1 Alpha Asset,0,0.0,10103.935580900297,0.0
12930.0,78,2,415.8,3,2,2,Dormant Capital,0,0.0,38.98622509302302,0.0
12929.0,312,1,117.85,2,1,1,Dormant Capital,1,1.0,0.0,0.0
12928.0,35,12,4304.89,4,5,5,Tier 1 Alpha Asset,0,0.0,154.84631529511972,0.0
12927.0,395,1,197.31,2,1,1,Dormant Capital,1,1.0,0.0,0.0
16683.0,534,1,320.25,1,2,2,Dormant Capital,1,1.0,0.0,0.0
16682.0,5,5,1028.0,5,4,3,Tier 1 Alpha Asset,0,0.0,218.01288103925316,0.0
16681.0,73,7,1921.84,3,4,4,High-Yield Volatile,0,0.0,123.55754308926848,0.0
16680.0,43,3,821.45,4,3,3,High-Yield Volatile,0,0.0,42.0371630379384,0.0
16678.0,3,12,3109.99,5,5,5,Tier 1 Alpha Asset,0,0.0,221.73779228680547,0.0
16676.0,34,6,2361.9,4,4,4,Tier 1 Alpha Asset,0,0.0,71.49946827526165,0.0
16674.0,55,2,319.61,4,2,2,Dormant Capital,0,0.0,18.748960874383485,0.0
16673.0,679,1,188.83,1,2,1,Dormant Capital,1,1.0,0.0,0.0
16672.0,2,20,8134.94,5,5,5,Tier 1 Alpha Asset,0,0.0,1457.078081010143,0.0
16670.0,17,20,8030.150000000001,5,5,5,Tier 1 Alpha Asset,0,0.0,139.8862792012712,0.0
16669.0,24,3,1374.87,4,3,4,High-Yield Volatile,0,0.0,62.70443789667024,0.0
16668.0,15,13,862.42,5,5,3,Tier 1 Alpha Asset,0,0.0,101.33695400398632,0.0
16667.0,68,2,570.13,3,2,2,Dormant Capital,0,0.0,19.216063237231975,0.0
16666.0,19,2,225.94,5,2,1,Dormant Capital,0,0.0,5.549265309037784,0.0
16665.0,362,1,135.4,2,2,1,Dormant Capital,1,1.0,0.0,0.0
16664.0,569,1,109.2,1,2,1,Dormant Capital,1,1.0,0.0,0.0
16706.0,37,3,531.35,4,3,2,High-Yield Volatile,0,0.0,28.332550034379715,0.0
16705.0,1,42,43515.051,5,5,5,Tier 1 Alpha Asset,0,0.0,1122.343311507845,0.0
13994.0,4,6,2313.14,5,4,4,Tier 1 Alpha Asset,0,0.0,141.9253509145652,0.0
16701.0,9,26,9916.73,5,5,5,Tier 1 Alpha Asset,0,0.0,391.6044631523406,0.0
16700.0,9,25,9167.71,5,5,5,Tier 1 Alpha Asset,0,0.0,181.58249805560519,0.0
16697.0,241,1,112.75,2,2,1,Dormant Capital,1,1.0,0.0,0.0
14023.0,7,2,584.07,5,2,2,Dormant Capital,0,0.0,34.81684416191367,0.0
16694.0,723,1,98.3,1,2,1,Dormant Capital,1,0.99,0.0,0.0
16693.0,69,5,1199.46,3,4,3,High-Yield Volatile,0,0.0,16.222577270621464,0.0
14020.0,17,4,1249.01,5,3,4,High-Yield Volatile,0,0.0,36.99859097276122,0.0
16689.0,76,2,422.6,3,2,2,Dormant Capital,0,0.0,99.58704539244982,0.0
16688.0,1,4,1260.86,5,4,4,Tier 1 Alpha Asset,0,0.0,218.6721637608655,0.0
16687.0,391,1,157.63,2,2,1,Dormant Capital,1,1.0,0.0,0.0
16686.0,47,16,5070.92,4,5,5,Tier 1 Alpha Asset,0,0.0,31.585102215460786,0.0
16685.0,61,2,324.24,3,2,2,Dormant Capital,0,0.0,28.713024859817345,0.0
16684.0,4,55,147142.77,5,5,5,Tier 1 Alpha Asset,0,0.0,4777.897374356498,0.0
12925.0,5,3,729.33,5,3,3,High-Yield Volatile,0,0.0,20.8853536515688,0.0
14019.0,47,3,1421.61,4,3,4,High-Yield Volatile,0,0.0,96.07515250807049,0.0
12923.0,64,3,789.87,3,3,3,High-Yield Volatile,0,0.0,18.820450048482762,0.0
12922.0,161,1,405.38,3,1,2,Dormant Capital,1,1.0,0.0,0.0
12921.0,9,74,35921.04,5,5,5,Tier 1 Alpha Asset,0,0.0,731.2480010039452,0.0
12920.0,17,4,488.09,5,3,2,High-Yield Volatile,0,0.0,13.879343216283997,0.0
12919.0,8,6,1335.19,5,4,4,Tier 1 Alpha Asset,0,0.0,224.29509236729743,0.0
12918.0,626,1,10953.5,1,1,5,Dormant Capital,1,1.0,0.0,0.0
12914.0,401,1,223.98,2,1,1,Dormant Capital,1,1.0,0.0,0.0
12913.0,5,13,6700.86,5,5,5,Tier 1 Alpha Asset,0,0.0,371.4732902613614,0.0
12912.0,3,5,1662.3,5,4,4,Tier 1 Alpha Asset,0,0.0,1119.1073507265087,0.0
12911.0,552,1,1680.47,1,1,4,Dormant Capital,1,1.0,0.0,0.0
16711.0,3,9,2868.48,5,5,4,Tier 1 Alpha Asset,0,0.0,315.74442887128316,0.0
16710.0,19,22,6349.09,5,5,5,Tier 1 Alpha Asset,0,0.0,60.315892527170966,0.0
16709.0,85,14,9087.46,3,5,5,High-Yield Volatile,0,0.0,170.19650256874203,0.0
16708.0,46,1,656.63,4,2,3,Dormant Capital,0,0.0,0.0,0.0
16733.0,530,1,259.68,1,2,1,Dormant Capital,1,1.0,0.0,0.0
16732.0,32,4,4387.64,4,4,5,Tier 1 Alpha Asset,0,0.0,31.225250161782512,0.0
16731.0,648,1,174.05,1,2,1,Dormant Capital,1,1.0,0.0,0.0
16730.0,52,3,743.11,4,3,3,High-Yield Volatile,0,0.0,23.401126816941446,0.0
16729.0,38,21,7239.92,4,5,5,Tier 1 Alpha Asset,0,0.0,245.54642601805494,0.0
16728.0,46,4,1054.67,4,4,3,Tier 1 Alpha Asset,0,0.0,18.086663278479637,0.0
16726.0,26,7,2088.41,4,4,4,Tier 1 Alpha Asset,0,0.0,38.63893842625532,0.0
16724.0,405,1,147.35,2,2,1,Dormant Capital,1,1.0,0.0,0.0
16722.0,17,22,8989.08,5,5,5,Tier 1 Alpha Asset,0,0.0,197.42842176953727,0.0
16721.0,262,1,292.47,2,2,2,Dormant Capital,1,1.0,0.0,0.0
16720.0,26,3,795.48,4,3,3,High-Yield Volatile,0,0.0,7.142689858009176,0.0
16719.0,15,14,3973.3,5,5,5,Tier 1 Alpha Asset,0,0.0,53.41493836713204,0.0
16717.0,24,14,6986.2300000000005,4,5,5,Tier 1 Alpha Asset,0,0.0,111.46074563821468,0.0
14018.0,645,1,367.15,1,1,2,Dormant Capital,1,1.0,0.0,0.0
14017.0,571,1,229.75,1,1,1,Dormant Capital,1,0.99,0.0,0.0
16712.0,9,13,4266.99,5,5,5,Tier 1 Alpha Asset,0,0.0,76.64793879784455,0.0
16752.0,373,1,415.0,2,2,2,Dormant Capital,1,1.0,0.0,0.0
16751.0,31,1,1764.72,4,2,4,Dormant Capital,0,0.0,0.0,0.0
16750.0,45,5,623.93,4,4,3,Tier 1 Alpha Asset,0,0.0,38.07469475016301,0.0
16748.0,18,14,3637.33,5,5,5,Tier 1 Alpha Asset,0,0.0,128.91207485217726,0.0
16747.0,38,2,836.0600000000001,4,2,3,Dormant Capital,0,0.0,84.80574918539445,0.0
16746.0,5,42,18066.4,5,5,5,Tier 1 Alpha Asset,0,0.0,324.3772825279895,0.0
16745.0,87,17,7194.3,3,5,5,High-Yield Volatile,0,0.0,218.95048871072396,0.0
16744.0,11,7,1304.76,5,4,4,Tier 1 Alpha Asset,0,0.0,56.694179350578935,0.0
16743.0,29,14,4253.26,4,5,5,Tier 1 Alpha Asset,0,0.0,80.58390710047613,0.0
16742.0,47,14,2852.61,4,5,4,Tier 1 Alpha Asset,0,0.0,153.39873062759185,0.0
16741.0,625,1,173.06,1,2,1,Dormant Capital,1,1.0,0.0,0.0
16740.0,395,1,236.81,2,2,1,Dormant Capital,1,1.0,0.0,0.0
16738.0,298,1,3.75,2,2,1,Dormant Capital,1,1.0,0.0,0.0
16737.0,53,2,835.2,4,2,3,Dormant Capital,0,0.0,317.7800097972071,0.0
16735.0,79,14,6270.56,3,5,5,High-Yield Volatile,0,0.0,119.06019681824677,0.0
16734.0,52,3,650.51,4,3,3,High-Yield Volatile,0,0.0,64.36857445528915,0.0
16760.0,430,1,228.0,1,2,1,Dormant Capital,1,1.0,0.0,0.0
12910.0,23,13,5796.52,4,5,5,Tier 1 Alpha Asset,0,0.0,264.3880324545311,0.0
12909.0,40,8,3103.19,4,4,5,Tier 1 Alpha Asset,0,0.0,71.26238354529073,0.0
12906.0,12,5,2919.81,5,4,4,Tier 1 Alpha Asset,0,0.0,534.8285722562329,0.0
12904.0,18,2,509.58,5,2,2,Dormant Capital,0,0.0,21.676975797975796,0.0
12903.0,429,1,833.5300000000001,1,1,3,Dormant Capital,1,1.0,0.0,0.0
12902.0,265,1,138.68,2,1,1,Dormant Capital,1,1.0,0.0,0.0
12901.0,9,28,17654.54,5,5,5,Tier 1 Alpha Asset,0,0.0,4309.853389007505,0.0
12900.0,422,1,340.33000000000004,1,1,2,Dormant Capital,1,1.0,0.0,0.0
12899.0,414,1,366.4,1,1,2,Dormant Capital,1,1.0,0.0,0.0
12895.0,42,2,372.8,4,2,2,Dormant Capital,0,0.0,64.11516138256307,0.0
12894.0,575,1,157.35,1,1,1,Dormant Capital,1,1.0,0.0,0.0
16759.0,8,3,789.79,5,3,3,High-Yield Volatile,0,0.0,199.675619445992,0.0
16758.0,65,1,369.34,3,2,2,Dormant Capital,0,0.0,0.0,0.0
14015.0,53,1,917.34,4,1,3,Dormant Capital,0,0.0,0.0,0.0
16753.0,58,1,223.92,4,2,1,Dormant Capital,0,0.0,0.0,0.0
16783.0,437,1,391.95,1,2,2,Dormant Capital,1,1.0,0.0,0.0
16782.0,10,38,10438.41,5,5,5,Tier 1 Alpha Asset,0,0.0,90.36144526249993,0.0
16779.0,2,53,33268.24,5,5,5,Tier 1 Alpha Asset,0,0.0,706.6521345188349,0.0
16778.0,74,2,245.94,3,2,1,Dormant Capital,0,0.0,26.130431288211984,0.0
16777.0,80,5,1307.76,3,4,4,High-Yield Volatile,0,0.0,21.218669651700456,0.0
16776.0,60,2,619.85,3,2,3,Dormant Capital,0,0.0,7.81624261030339,0.0
16775.0,10,16,3056.89,5,5,5,Tier 1 Alpha Asset,0,0.0,117.49160180481637,0.0
14014.0,77,3,1948.21,3,3,4,High-Yield Volatile,0,0.0,35.48312280402945,0.0
16773.0,57,3,421.24,4,3,2,High-Yield Volatile,0,0.0,8.532610367895218,0.0
16771.0,33,10,3967.6,4,5,5,Tier 1 Alpha Asset,0,0.0,40.5327059028052,0.0
16770.0,58,9,1932.13,4,5,4,Tier 1 Alpha Asset,0,0.0,31.266576788071884,0.0
16768.0,48,9,1708.12,4,5,4,Tier 1 Alpha Asset,0,0.0,39.093045502852604,0.0
16767.0,31,15,8073.8,4,5,5,Tier 1 Alpha Asset,0,0.0,189.45225095513476,0.0
16764.0,4,13,2799.25,5,5,4,Tier 1 Alpha Asset,0,0.0,90.10202104232309,0.0
16762.0,20,3,1501.38,4,3,4,High-Yield Volatile,0,0.0,76.57408101636403,0.0
16761.0,97,1,316.62,3,2,2,Dormant Capital,1,1.0,0.0,0.0
12892.0,397,1,263.38,2,1,1,Dormant Capital,1,1.0,0.0,0.0
12890.0,24,2,717.27,4,2,3,Dormant Capital,0,0.0,9.12774220941581,0.0
12887.0,384,1,222.4,2,1,1,Dormant Capital,1,1.0,0.0,0.0
12886.0,68,2,1378.4,3,2,4,Dormant Capital,0,0.0,33.4295867058813,0.0
12885.0,63,3,1175.22,3,3,3,High-Yield Volatile,0,0.0,77.92471057210653,0.0
12884.0,88,1,309.05,3,1,2,Dormant Capital,0,0.0,0.0,0.0
12883.0,25,4,703.47,4,3,3,High-Yield Volatile,0,0.0,142.55048532284894,0.0
12882.0,9,2,1463.04,5,2,4,Dormant Capital,0,0.0,625.0125975488688,0.0
12881.0,276,1,298.0,2,1,2,Dormant Capital,1,1.0,0.0,0.0
12879.0,45,3,573.22,4,3,2,High-Yield Volatile,0,0.0,315.04527241007827,0.0
16791.0,29,15,4038.69,4,5,5,Tier 1 Alpha Asset,0,0.0,37.04130837693507,0.0
14012.0,278,1,328.8,2,1,2,Dormant Capital,1,1.0,0.0,0.0
16789.0,8,1,80.80000000000001,5,2,1,Dormant Capital,0,0.01,0.0,0.0
16786.0,394,1,51.84,2,2,1,Dormant Capital,1,1.0,0.0,0.0
16785.0,410,1,533.78,2,2,2,Dormant Capital,1,1.0,0.0,0.0
16784.0,20,5,896.53,4,4,3,Tier 1 Alpha Asset,0,0.0,14.339064695741563,0.0
14008.0,432,1,509.04,1,1,2,Dormant Capital,1,1.0,0.0,0.0
12876.0,58,4,4081.79,4,3,5,High-Yield Volatile,0,0.0,45.309867200960554,0.0
12871.0,84,3,744.02,3,3,3,High-Yield Volatile,0,0.0,70.72232097263776,0.0
12869.0,682,1,337.67,1,1,2,Dormant Capital,1,1.0,0.0,0.0
12867.0,26,13,7913.29,4,5,5,Tier 1 Alpha Asset,0,0.0,41.63511505025389,0.0
12865.0,26,4,3323.4700000000003,4,3,5,High-Yield Volatile,0,0.0,39.84274698546745,0.0
12863.0,52,6,2792.55,4,4,4,Tier 1 Alpha Asset,0,0.0,167.75474678124542,0.0
16804.0,23,3,536.99,4,3,2,High-Yield Volatile,0,0.0,26.904299598631287,0.0
16803.0,65,1,332.3,3,2,2,Dormant Capital,0,0.0,0.0,0.0
14007.0,513,1,79.48,1,1,1,Dormant Capital,1,1.0,0.0,0.0
16800.0,11,1,1201.49,5,2,3,Dormant Capital,0,0.0,0.0,0.0
14005.0,10,5,2874.72,5,4,4,Tier 1 Alpha Asset,0,0.0,194.87003783223764,0.0
16796.0,89,1,305.62,3,2,2,Dormant Capital,0,0.0,0.0,0.0
14004.0,43,11,6258.45,4,5,5,Tier 1 Alpha Asset,0,0.0,187.10490795900347,0.0
16793.0,57,1,243.84,4,2,1,Dormant Capital,0,0.0,0.0,0.0
12893.0,31,1,188.14,4,1,1,Dormant Capital,0,0.0,0.0,0.0
16831.0,565,1,91.8,1,2,1,Dormant Capital,1,1.0,0.0,0.0
16830.0,39,4,1207.5,4,4,3,Tier 1 Alpha Asset,0,0.0,25.729789904462894,0.0
16826.0,51,1,341.7,4,2,2,Dormant Capital,0,0.0,0.0,0.0
16825.0,39,5,1826.89,4,4,4,Tier 1 Alpha Asset,0,0.0,74.9653912554062,0.0
16824.0,16,3,686.24,5,3,3,High-Yield Volatile,0,0.0,35.57515547366399,0.0
16822.0,686,1,181.39,1,2,1,Dormant Capital,1,1.0,0.0,0.0
16821.0,382,1,113.35,2,2,1,Dormant Capital,1,1.0,0.0,0.0
16820.0,96,1,497.61,3,2,2,Dormant Capital,1,1.0,0.0,0.0
14003.0,733,1,209.41,1,1,1,Dormant Capital,1,1.0,0.0,0.0
16818.0,11,11,3349.57,5,5,5,Tier 1 Alpha Asset,0,0.0,244.7196978093314,0.0
16817.0,3,13,2804.9,5,5,4,Tier 1 Alpha Asset,0,0.0,162.76302867034295,0.0
16814.0,14,36,12499.71,5,5,5,Tier 1 Alpha Asset,0,0.0,281.24368532504127,0.0
16813.0,8,10,1692.98,5,5,4,Tier 1 Alpha Asset,0,0.0,50.9094243505249,0.0
14001.0,46,9,4530.09,4,5,5,Tier 1 Alpha Asset,0,0.0,210.87478969620008,0.0
16811.0,5,2,547.07,5,2,2,Dormant Capital,0,0.0,155.05458868781753,0.0
16809.0,23,9,1727.43,4,5,4,Tier 1 Alpha Asset,0,0.0,30.60490518548744,0.0
16856.0,15,3,358.49,5,3,2,High-Yield Volatile,0,0.0,34.300430752987225,0.0
16855.0,24,2,328.40000000000003,4,3,2,High-Yield Volatile,0,0.0,96.98803899506706,0.0
16852.0,10,2,144.91,5,3,1,High-Yield Volatile,0,0.0,40.11567616722621,0.0
16851.0,4,3,342.45,5,3,2,High-Yield Volatile,0,0.0,146.945665735403,0.0
16850.0,334,1,332.41,2,2,2,Dormant Capital,1,1.0,0.0,0.0
16849.0,187,1,124.57,3,2,1,Dormant Capital,1,1.0,0.0,0.0
16848.0,53,4,1411.62,4,4,4,Tier 1 Alpha Asset,0,0.0,42.056103193792886,0.0
16847.0,43,2,614.89,4,3,2,High-Yield Volatile,0,0.0,14.168309806655811,0.0
16846.0,50,3,842.41,4,3,3,High-Yield Volatile,0,0.0,23.31427314288338,0.0
16845.0,618,1,253.88,1,2,1,Dormant Capital,1,1.0,0.0,0.0
16843.0,43,35,19571.43,4,5,5,Tier 1 Alpha Asset,0,0.0,481.3825486055059,0.0
16841.0,37,12,4006.06,4,5,5,Tier 1 Alpha Asset,0,0.0,95.305059490051,0.0
16839.0,9,44,22310.49,5,5,5,Tier 1 Alpha Asset,0,0.0,1276.657224636439,0.0
13999.0,10,29,9502.26,5,5,5,Tier 1 Alpha Asset,0,0.0,248.86634557444327,0.0
16836.0,40,4,782.37,4,4,3,Tier 1 Alpha Asset,0,0.0,36.61266162747723,0.0
14033.0,555,1,109.44,1,1,1,Dormant Capital,1,1.0,0.0,0.0
16863.0,31,3,998.52,4,3,3,High-Yield Volatile,0,0.0,34.63893498396371,0.0
16861.0,60,5,946.59,3,4,3,High-Yield Volatile,0,0.0,53.37440474123086,0.0
16857.0,443,1,352.8,1,2,2,Dormant Capital,1,1.0,0.0,0.0
12861.0,620,1,68.25,1,1,1,Dormant Capital,1,1.0,0.0,0.0
12860.0,693,1,55.47,1,1,1,Dormant Capital,1,1.0,0.0,0.0
12859.0,459,1,575.1,1,1,2,Dormant Capital,1,1.0,0.0,0.0
12858.0,383,1,177.92,2,1,1,Dormant Capital,1,1.0,0.0,0.0
14032.0,2,16,4850.27,5,5,5,Tier 1 Alpha Asset,0,0.0,134.3149472146694,0.0
14031.0,7,44,40999.17,5,5,5,Tier 1 Alpha Asset,0,0.0,972.798211578189,0.0
12854.0,79,7,2994.02,3,4,5,High-Yield Volatile,0,0.0,32.73844624064526,0.0
12852.0,295,1,311.55,2,1,2,Dormant Capital,1,1.0,0.0,0.0
12850.0,446,1,330.0,1,1,2,Dormant Capital,1,1.0,0.0,0.0
12849.0,31,6,3090.56,4,4,5,Tier 1 Alpha Asset,0,0.0,61.445467302959976,0.0
12848.0,676,1,208.0,1,1,1,Dormant Capital,1,1.0,0.0,0.0
12847.0,22,2,1636.9,4,2,4,Dormant Capital,0,0.0,17.587872355286105,0.0
12846.0,682,1,15.58,1,1,1,Dormant Capital,1,1.0,0.0,0.0
13966.0,435,1,390.86,1,1,2,Dormant Capital,1,1.0,0.0,0.0
16882.0,67,3,705.12,3,3,3,High-Yield Volatile,0,0.0,43.04762862371747,0.0
16881.0,67,1,432.0,3,2,2,Dormant Capital,0,0.0,0.0,0.0
13961.0,392,1,538.4,2,1,2,Dormant Capital,1,1.0,0.0,0.0
16878.0,84,1,13.3,3,2,1,Dormant Capital,0,0.03,0.0,0.0
13960.0,21,2,230.22,4,2,1,Dormant Capital,0,0.0,82.89934755307432,0.0
16876.0,404,1,136.01,2,2,1,Dormant Capital,1,1.0,0.0,0.0
16875.0,67,11,4234.53,3,5,5,High-Yield Volatile,0,0.0,86.33395414137438,0.0
16874.0,379,1,217.74,2,2,1,Dormant Capital,1,1.0,0.0,0.0
16873.0,5,12,14617.39,5,5,5,Tier 1 Alpha Asset,0,0.0,154.48278015414542,0.0
16872.0,77,6,1213.13,3,4,3,High-Yield Volatile,0,0.0,238.13259912894085,0.0
16871.0,22,6,2812.34,4,4,4,Tier 1 Alpha Asset,0,0.0,119.31347225101389,0.0
16870.0,469,1,450.16,1,2,2,Dormant Capital,1,1.0,0.0,0.0
16869.0,23,4,825.4200000000001,4,4,3,Tier 1 Alpha Asset,0,0.0,38.035492635730265,0.0
16867.0,690,1,76.74000000000001,1,2,1,Dormant Capital,1,1.0,0.0,0.0
16865.0,402,1,130.95,2,2,1,Dormant Capital,1,1.0,0.0,0.0
16892.0,1,7,762.1,5,4,3,Tier 1 Alpha Asset,0,0.0,16.786256587600064,0.0
16891.0,2,11,2056.82,5,5,4,Tier 1 Alpha Asset,0,0.0,19.280164237389215,0.0
12844.0,29,4,648.6,4,3,3,High-Yield Volatile,0,0.0,13.31588481691579,0.0
12843.0,66,30,6588.41,3,5,5,High-Yield Volatile,0,0.0,369.3383811253592,0.0
12842.0,70,4,1917.99,3,3,4,High-Yield Volatile,0,0.0,60.32302426575764,0.0
12841.0,5,40,7540.68,5,5,5,Tier 1 Alpha Asset,0,0.0,250.5400897138328,0.0
12839.0,3,26,10071.73,5,5,5,Tier 1 Alpha Asset,0,0.0,191.93982785102583,0.0
12838.0,34,10,3398.48,4,5,5,Tier 1 Alpha Asset,0,0.0,41.246933995915896,0.0
12836.0,59,15,6585.62,4,5,5,Tier 1 Alpha Asset,0,0.0,98.43598977160065,0.0
13956.0,5,5,1026.42,5,4,3,Tier 1 Alpha Asset,0,0.0,35.05016108322876,0.0
12834.0,283,1,312.38,2,1,2,Dormant Capital,1,1.0,0.0,0.0
12833.0,145,1,417.38,3,1,2,Dormant Capital,1,1.0,0.0,0.0
12832.0,32,2,383.03,4,2,2,Dormant Capital,0,0.0,52.78115370996039,0.0
16887.0,35,3,660.72,4,3,3,High-Yield Volatile,0,0.0,8.50608788962034,0.0
16886.0,456,1,134.0,1,2,1,Dormant Capital,1,1.0,0.0,0.0
16885.0,15,4,710.74,5,4,3,Tier 1 Alpha Asset,0,0.0,16.203260496376917,0.0
16909.0,72,1,379.14,3,2,2,Dormant Capital,0,0.0,0.0,0.0
16908.0,722,1,252.59,1,2,1,Dormant Capital,1,1.0,0.0,0.0
16907.0,29,9,1707.9,4,5,4,Tier 1 Alpha Asset,0,0.0,34.83548588946859,0.0
16906.0,82,7,1448.8,3,4,4,High-Yield Volatile,0,0.0,23.842481933761906,0.0
16905.0,5,17,5034.15,5,5,5,Tier 1 Alpha Asset,0,0.0,105.74107573736195,0.0
16904.0,4,21,5132.37,5,5,5,Tier 1 Alpha Asset,0,0.0,79.72384049809817,0.0
16903.0,29,3,1062.28,4,3,3,High-Yield Volatile,0,0.0,12.725807855005023,0.0
16902.0,116,1,1706.88,3,2,4,Dormant Capital,1,0.99,0.0,0.0
16901.0,729,1,204.26,1,2,1,Dormant Capital,1,1.0,0.0,0.0
16900.0,17,3,887.11,5,3,3,High-Yield Volatile,0,0.0,89.77841733200611,0.0
16899.0,8,8,1721.02,5,5,4,Tier 1 Alpha Asset,0,0.0,56.209337882222854,0.0
16898.0,26,5,1016.37,4,4,3,Tier 1 Alpha Asset,0,0.0,10.220505166406763,0.0
16896.0,555,1,103.95,1,2,1,Dormant Capital,1,1.0,0.0,0.0
16895.0,65,5,1121.42,3,4,3,High-Yield Volatile,0,0.0,15.340975636204691,0.0
13954.0,2,2,439.92,5,2,2,Dormant Capital,0,0.0,80.03859386608363,0.0
13953.0,7,12,6640.68,5,5,5,Tier 1 Alpha Asset,0,0.0,1315.0516857202988,0.0
16930.0,26,3,380.55,4,3,2,High-Yield Volatile,0,0.0,57.22705887352104,0.0
16929.0,4,7,1295.39,5,4,4,Tier 1 Alpha Asset,0,0.0,179.91350568057868,0.0
16928.0,80,29,4113.23,3,5,5,High-Yield Volatile,0,0.0,152.58302138167883,0.0
16925.0,540,1,125.65,1,2,1,Dormant Capital,1,1.0,0.0,0.0
16924.0,21,3,846.75,4,3,3,High-Yield Volatile,0,0.0,69.70142740175073,0.0
16923.0,12,32,13378.36,5,5,5,Tier 1 Alpha Asset,0,0.0,172.25240726048855,0.0
16922.0,573,1,611.08,1,2,2,Dormant Capital,1,1.0,0.0,0.0
16921.0,61,3,446.67,3,3,2,High-Yield Volatile,0,0.0,7.98586491551753,0.0
16920.0,411,1,355.45,1,2,2,Dormant Capital,1,1.0,0.0,0.0
16918.0,50,16,3213.29,4,5,5,Tier 1 Alpha Asset,0,0.0,47.414532232419965,0.0
16916.0,24,4,1123.4,4,4,3,Tier 1 Alpha Asset,0,0.0,13.280083097905415,0.0
16915.0,9,11,1543.18,5,5,4,Tier 1 Alpha Asset,0,0.0,119.88587805162254,0.0
16914.0,36,1,208.46,4,2,1,Dormant Capital,0,0.0,0.0,0.0
16912.0,29,15,4480.31,4,5,5,Tier 1 Alpha Asset,0,0.0,161.80640623158774,0.0
14030.0,18,20,8262.29,5,5,5,Tier 1 Alpha Asset,0,0.0,81.19186437062308,0.0
16910.0,4,8,1510.06,5,5,4,Tier 1 Alpha Asset,0,0.0,55.95556051489227,0.0
12828.0,3,6,1018.71,5,4,3,Tier 1 Alpha Asset,0,0.0,188.6329342074995,0.0
12827.0,6,3,430.15,5,3,2,High-Yield Volatile,0,0.0,159.67279294848367,0.0
12826.0,3,12,2955.75,5,5,4,Tier 1 Alpha Asset,0,0.0,90.2334070776177,0.0
12824.0,60,1,397.12,3,1,2,Dormant Capital,0,0.0,0.0,0.0
12823.0,75,18,6501.5,3,5,5,High-Yield Volatile,0,0.0,2838.102417041764,0.0
12822.0,71,2,948.88,3,2,3,Dormant Capital,0,0.0,67.78497378886287,0.0
12820.0,3,11,2689.52,5,5,4,Tier 1 Alpha Asset,0,0.0,77.2888806746444,0.0
12819.0,458,1,540.52,1,1,2,Dormant Capital,1,1.0,0.0,0.0
12818.0,262,1,1542.08,2,1,4,Dormant Capital,1,1.0,0.0,0.0
12814.0,102,1,125.92,3,1,1,Dormant Capital,1,1.0,0.0,0.0
16937.0,499,1,202.1,1,2,1,Dormant Capital,1,1.0,0.0,0.0
16936.0,26,2,551.17,4,3,2,High-Yield Volatile,0,0.0,7.779536512131703,0.0
16934.0,55,6,2110.99,4,4,4,Tier 1 Alpha Asset,0,0.0,41.804702569226826,0.0
16933.0,1,9,3181.25,5,5,5,Tier 1 Alpha Asset,0,0.0,41.50277492736931,0.0
16932.0,53,3,440.71,4,3,2,High-Yield Volatile,0,0.0,6.193678647352221,0.0
16931.0,5,23,5233.62,5,5,5,Tier 1 Alpha Asset,0,0.0,89.97083257845566,0.0
16963.0,187,1,110.55,3,2,1,Dormant Capital,1,1.0,0.0,0.0
16962.0,410,1,251.04,2,2,1,Dormant Capital,1,1.0,0.0,0.0
14029.0,63,2,467.66,3,2,2,Dormant Capital,0,0.0,77.35067539048919,0.0
16959.0,87,1,117.35,3,2,1,Dormant Capital,0,0.01,0.0,0.0
16958.0,435,1,809.44,1,2,3,Dormant Capital,1,1.0,0.0,0.0
16956.0,18,1,308.74,5,2,2,Dormant Capital,0,0.0,0.0,0.0
16954.0,1,20,6081.88,5,5,5,Tier 1 Alpha Asset,0,0.0,261.7559938363459,0.0
16953.0,30,1,20.8,4,2,1,Dormant Capital,0,0.0,0.0,0.0
16950.0,57,10,3784.37,4,5,5,Tier 1 Alpha Asset,0,0.0,109.70295022506889,0.0
16949.0,4,6,1286.27,5,4,4,Tier 1 Alpha Asset,0,0.0,109.7103411381828,0.0
16945.0,22,33,8548.16,4,5,5,Tier 1 Alpha Asset,0,0.0,251.735048664724,0.0
16944.0,610,1,101.36,1,2,1,Dormant Capital,1,1.0,0.0,0.0
16942.0,13,9,1920.59,5,5,4,Tier 1 Alpha Asset,0,0.0,72.90897316087083,0.0
16941.0,612,1,33.0,1,2,1,Dormant Capital,1,1.0,0.0,0.0
16940.0,52,8,6427.66,4,5,5,Tier 1 Alpha Asset,0,0.0,34.12581580437489,0.0
16938.0,9,9,7043.18,5,5,5,Tier 1 Alpha Asset,0,0.0,35.33697273180593,0.0
16971.0,38,1,357.21,4,2,2,Dormant Capital,0,0.0,0.0,0.0
16970.0,626,1,71.4,1,2,1,Dormant Capital,1,1.0,0.0,0.0
12812.0,45,1,229.64,4,1,1,Dormant Capital,0,0.0,0.0,0.0
12808.0,37,5,906.1,4,4,3,Tier 1 Alpha Asset,0,0.0,51.01702736538696,0.0
12807.0,383,1,330.35,2,1,2,Dormant Capital,1,1.0,0.0,0.0
14027.0,61,1,104.82,3,1,1,Dormant Capital,0,0.0,0.0,0.0
12803.0,393,1,1092.81,2,1,3,Dormant Capital,1,1.0,0.0,0.0
12801.0,501,1,1071.82,1,1,3,Dormant Capital,1,1.0,0.0,0.0
12799.0,529,1,219.35,1,1,1,Dormant Capital,1,1.0,0.0,0.0
12798.0,10,4,8510.93,5,3,5,High-Yield Volatile,0,0.0,636.4119207594141,0.0
16969.0,39,3,650.41,4,3,3,High-Yield Volatile,0,0.0,56.459507065343125,0.0
16968.0,4,2,439.43,5,3,2,High-Yield Volatile,0,0.0,51.40940052065732,0.0
16967.0,189,1,319.02,3,2,2,Dormant Capital,1,1.0,0.0,0.0
16966.0,8,7,2154.97,5,4,4,Tier 1 Alpha Asset,0,0.0,573.1102143953653,0.0
16965.0,227,1,201.19,2,2,1,Dormant Capital,1,1.0,0.0,0.0
14056.0,1,23,8214.65,5,5,5,Tier 1 Alpha Asset,0,0.0,169.15006935565813,0.0
12794.0,53,2,860.41,4,2,3,Dormant Capital,0,0.0,64.203533810845,0.0
12789.0,65,3,273.35,3,3,1,High-Yield Volatile,0,0.0,39.54532236875103,0.0
12787.0,10,4,862.1800000000001,5,3,3,High-Yield Volatile,0,0.0,51.79977263739899,0.0
12786.0,610,1,728.5000000000001,1,1,3,Dormant Capital,1,1.0,0.0,0.0
12784.0,9,3,1804.75,5,3,4,High-Yield Volatile,0,0.0,21.989302656550798,0.0
12783.0,2,6,2225.91,5,4,4,Tier 1 Alpha Asset,0,0.0,389.10969328376075,0.0
12782.0,5,11,4618.24,5,5,5,Tier 1 Alpha Asset,0,0.0,127.23394242330201,0.0
16986.0,30,11,4888.75,4,5,5,Tier 1 Alpha Asset,0,0.0,137.57888382115078,0.0
16985.0,17,23,10923.16,5,5,5,Tier 1 Alpha Asset,0,0.0,435.0279788902633,0.0
16984.0,88,9,10754.8,3,5,5,High-Yield Volatile,0,0.0,39.90469107810198,0.0
16983.0,13,11,3710.22,5,5,5,Tier 1 Alpha Asset,0,0.0,106.95687325290187,0.0
16982.0,61,1,384.06,3,2,2,Dormant Capital,0,0.0,0.0,0.0
16979.0,4,9,2859.74,5,5,4,Tier 1 Alpha Asset,0,0.0,127.83862175254407,0.0
16978.0,78,3,768.88,3,3,3,High-Yield Volatile,0,0.0,14.993432904010328,0.0
16976.0,267,1,251.52,2,2,1,Dormant Capital,1,1.0,0.0,0.0
16973.0,386,1,127.0,2,2,1,Dormant Capital,1,1.0,0.0,0.0
17009.0,551,1,242.06,1,2,1,Dormant Capital,1,1.0,0.0,0.0
17008.0,429,1,81.36,1,2,1,Dormant Capital,1,1.0,0.0,0.0
17007.0,51,7,1120.1,4,4,3,Tier 1 Alpha Asset,0,0.0,75.81790463906002,0.0
17006.0,5,8,1636.32,5,5,4,Tier 1 Alpha Asset,0,0.0,47.150647660620244,0.0
17004.0,46,4,2425.16,4,4,4,Tier 1 Alpha Asset,0,0.0,86.678217425187,0.0
17002.0,86,7,2571.55,3,4,4,High-Yield Volatile,0,0.0,96.47033981767296,0.0
17001.0,1,19,6640.8,5,5,5,Tier 1 Alpha Asset,0,0.0,222.84859527974132,0.0
16999.0,23,2,484.82,4,3,2,High-Yield Volatile,0,0.0,88.20156193023237,0.0
16996.0,30,9,2123.61,4,5,4,Tier 1 Alpha Asset,0,0.0,172.56303493679752,0.0
16992.0,11,13,5476.5,5,5,5,Tier 1 Alpha Asset,0,0.0,113.49996727602709,0.0
16991.0,421,1,1041.21,1,2,3,Dormant Capital,1,1.0,0.0,0.0
16989.0,7,6,1133.25,5,4,3,Tier 1 Alpha Asset,0,0.0,852.1947380289972,0.0
16988.0,5,2,382.67,5,3,2,High-Yield Volatile,0,0.0,24.823618038284017,0.0
16987.0,3,11,2535.9,5,5,4,Tier 1 Alpha Asset,0,0.0,44.030234341598074,0.0
12796.0,628,1,381.0,1,1,2,Dormant Capital,1,1.0,0.0,0.0
12795.0,19,1,430.48,5,1,2,Dormant Capital,0,0.0,0.0,0.0
14054.0,65,1,92.46,3,1,1,Dormant Capital,0,0.0,0.0,0.0
17031.0,12,6,2773.85,5,4,4,Tier 1 Alpha Asset,0,0.0,163.16035347589843,0.0
17030.0,64,1,146.87,3,2,1,Dormant Capital,0,0.0,0.0,0.0
14052.0,20,2,480.81,4,2,2,Dormant Capital,0,0.0,7.6457759536192045,0.0
17025.0,61,5,1510.64,3,4,4,High-Yield Volatile,0,0.0,79.30815551992805,0.0
17024.0,45,3,95.85,4,3,1,High-Yield Volatile,0,0.0,127.02542478541416,0.0
17022.0,31,2,260.0,4,3,1,High-Yield Volatile,0,0.0,19.137173251711957,0.0
14050.0,32,2,746.36,4,2,3,Dormant Capital,0,0.0,49.30833050140717,0.0
17018.0,41,6,2287.7,4,4,4,Tier 1 Alpha Asset,0,0.0,145.84078319515373,0.0
17017.0,3,29,14110.61,5,5,5,Tier 1 Alpha Asset,0,0.0,405.1270086051244,0.0
17016.0,577,1,552.4,1,2,2,Dormant Capital,1,1.0,0.0,0.0
17015.0,29,3,1842.56,4,3,4,High-Yield Volatile,0,0.0,34.60258813752952,0.0
17014.0,8,3,586.33,5,3,2,High-Yield Volatile,0,0.0,65.17935852520476,0.0
17012.0,725,1,384.16,1,2,2,Dormant Capital,1,1.0,0.0,0.0
17011.0,30,3,671.7,4,3,3,High-Yield Volatile,0,0.0,30.138181297666137,0.0
17010.0,18,1,195.36,5,2,1,Dormant Capital,0,0.0,0.0,0.0
12767.0,376,1,949.82,2,1,3,Dormant Capital,1,1.0,0.0,0.0
12766.0,4,9,10068.28,5,5,5,Tier 1 Alpha Asset,0,0.0,139.1341221570107,0.0
17053.0,131,1,498.48,3,2,2,Dormant Capital,1,1.0,0.0,0.0
17052.0,28,1,413.75,4,2,2,Dormant Capital,0,0.0,0.0,0.0
17049.0,3,19,9947.48,5,5,5,Tier 1 Alpha Asset,0,0.0,159.71592427305623,0.0
17047.0,85,6,2289.23,3,4,4,High-Yield Volatile,0,0.0,38.99494130664472,0.0
17044.0,25,12,11962.3,4,5,5,Tier 1 Alpha Asset,0,0.0,395.0798325373336,0.0
17043.0,32,8,2616.55,4,5,4,Tier 1 Alpha Asset,0,0.0,42.43550897542418,0.0
17042.0,3,5,1044.38,5,4,3,Tier 1 Alpha Asset,0,0.0,57.3863201236084,0.0
17041.0,27,6,1686.28,4,4,4,Tier 1 Alpha Asset,0,0.0,38.656291807318084,0.0
17039.0,604,1,1954.99,1,2,4,Dormant Capital,1,1.0,0.0,0.0
17038.0,30,2,743.17,4,3,3,High-Yield Volatile,0,0.0,15.32877394907026,0.0
17037.0,88,1,1267.32,3,2,4,Dormant Capital,0,0.0,0.0,0.0
17036.0,383,1,176.9,2,2,1,Dormant Capital,1,1.0,0.0,0.0
17034.0,16,5,1283.92,5,4,4,Tier 1 Alpha Asset,0,0.0,60.00955510292156,0.0
17033.0,86,4,1332.79,3,4,4,High-Yield Volatile,0,0.0,86.9932935329664,0.0
17056.0,738,1,128.60000000000002,1,2,1,Dormant Capital,1,1.0,0.0,0.0
17055.0,446,1,239.55,1,2,1,Dormant Capital,1,1.0,0.0,0.0
17054.0,28,5,1356.33,4,4,4,Tier 1 Alpha Asset,0,0.0,85.55551569019232,0.0
14047.0,9,14,4255.03,5,5,5,Tier 1 Alpha Asset,0,0.0,162.58722172182146,0.0
12780.0,599,1,337.4,1,1,2,Dormant Capital,1,1.0,0.0,0.0
12779.0,38,14,6722.27,4,5,5,Tier 1 Alpha Asset,0,0.0,140.11738528321422,0.0
12778.0,20,9,1775.68,4,5,4,Tier 1 Alpha Asset,0,0.0,69.36427902046441,0.0
12777.0,458,1,519.45,1,1,2,Dormant Capital,1,1.0,0.0,0.0
12776.0,668,1,55.5,1,1,1,Dormant Capital,1,1.0,0.0,0.0
12775.0,17,7,1686.12,5,4,4,Tier 1 Alpha Asset,0,0.0,100.36559235023311,0.0
12774.0,536,1,98.7,1,1,1,Dormant Capital,1,1.0,0.0,0.0
12773.0,564,1,124.25,1,1,1,Dormant Capital,1,1.0,0.0,0.0
12772.0,60,1,892.47,3,1,3,Dormant Capital,0,0.0,0.0,0.0
12771.0,486,1,282.3,1,1,1,Dormant Capital,1,1.0,0.0,0.0
12769.0,239,1,1143.6,2,1,3,Dormant Capital,1,1.0,0.0,0.0
12768.0,451,1,168.69,1,1,1,Dormant Capital,1,1.0,0.0,0.0
17074.0,563,1,203.05,1,2,1,Dormant Capital,1,1.0,0.0,0.0
17073.0,18,4,1446.09,5,4,4,Tier 1 Alpha Asset,0,0.0,66.6065200485289,0.0
17072.0,625,1,282.05,1,2,1,Dormant Capital,1,1.0,0.0,0.0
17071.0,28,13,3801.2,4,5,5,Tier 1 Alpha Asset,0,0.0,103.3520596136989,0.0
17069.0,28,14,5794.28,4,5,5,Tier 1 Alpha Asset,0,0.0,113.84869121641688,0.0
17068.0,12,47,9161.08,5,5,5,Tier 1 Alpha Asset,0,0.0,208.35399949416697,0.0
14046.0,284,1,154.99,2,1,1,Dormant Capital,1,1.0,0.0,0.0
17066.0,726,1,228.34,1,2,1,Dormant Capital,1,1.0,0.0,0.0
14044.0,27,10,3123.1,4,5,5,Tier 1 Alpha Asset,0,0.0,17.40539068612216,0.0
17064.0,59,3,859.35,4,3,3,High-Yield Volatile,0,0.0,33.10827732329821,0.0
17063.0,21,13,3638.53,4,5,5,Tier 1 Alpha Asset,0,0.0,95.35807529031905,0.0
17061.0,74,11,5232.2300000000005,3,5,5,High-Yield Volatile,0,0.0,561.180797325008,0.0
17060.0,266,1,234.24,2,2,1,Dormant Capital,1,1.0,0.0,0.0
17059.0,30,9,5602.53,4,5,5,Tier 1 Alpha Asset,0,0.0,27.36746132470961,0.0
17058.0,82,3,1179.89,3,3,3,High-Yield Volatile,0,0.0,55.477790480102655,0.0
17057.0,596,1,294.74,1,2,2,Dormant Capital,1,1.0,0.0,0.0
17092.0,50,11,5594.96,4,5,5,Tier 1 Alpha Asset,0,0.0,69.34253234166921,0.0
17091.0,3,19,7811.1,5,5,5,Tier 1 Alpha Asset,0,0.0,133.40506193825573,0.0
17090.0,4,13,3149.48,5,5,5,Tier 1 Alpha Asset,0,0.0,257.76355273507437,0.0
17089.0,386,1,128.45,2,2,1,Dormant Capital,1,1.0,0.0,0.0
17088.0,28,4,1991.01,4,4,4,Tier 1 Alpha Asset,0,0.0,69.1656557492133,0.0
17087.0,738,1,221.53,1,2,1,Dormant Capital,1,1.0,0.0,0.0
17086.0,7,6,2050.08,5,4,4,Tier 1 Alpha Asset,0,0.0,343.3689191004563,0.0
17084.0,35,3,5202.97,4,3,5,High-Yield Volatile,0,0.0,35.424825202743875,0.0
17082.0,33,6,4732.03,4,4,5,Tier 1 Alpha Asset,0,0.0,67.40218760366959,0.0
17081.0,25,6,964.39,4,4,3,Tier 1 Alpha Asset,0,0.0,13.412533630508976,0.0
17080.0,22,7,957.53,4,4,3,Tier 1 Alpha Asset,0,0.0,110.94717573154091,0.0
17079.0,78,1,118.8,3,2,1,Dormant Capital,0,0.01,0.0,0.0
17078.0,36,2,378.2,4,3,2,High-Yield Volatile,0,0.0,80.05516456808863,0.0
17077.0,578,1,306.0,1,2,2,Dormant Capital,1,1.0,0.0,0.0
17076.0,36,6,1242.75,4,4,3,Tier 1 Alpha Asset,0,0.0,59.4935067073765,0.0
17075.0,18,10,2241.73,5,5,4,Tier 1 Alpha Asset,0,0.0,47.334503203190906,0.0
17112.0,503,1,205.17,1,2,1,Dormant Capital,1,1.0,0.0,0.0
17111.0,47,2,476.58,4,3,2,High-Yield Volatile,0,0.0,12.875397732675966,0.0
14042.0,725,1,431.98,1,1,2,Dormant Capital,1,1.0,0.0,0.0
17108.0,664,1,174.95,1,2,1,Dormant Capital,1,1.0,0.0,0.0
17107.0,33,10,16075.42,4,5,5,Tier 1 Alpha Asset,0,0.0,105.40762143963073,0.0
17106.0,389,1,491.23,2,2,2,Dormant Capital,1,1.0,0.0,0.0
17104.0,424,1,474.03,1,2,2,Dormant Capital,1,1.0,0.0,0.0
17103.0,722,1,424.3,1,2,2,Dormant Capital,1,1.0,0.0,0.0
17102.0,262,1,25.5,2,2,1,Dormant Capital,1,0.99,0.0,0.0
17101.0,10,7,2507.05,5,4,4,Tier 1 Alpha Asset,0,0.0,126.01514672440237,0.0
17100.0,18,2,971.74,5,3,3,High-Yield Volatile,0,0.0,116.72289868187319,0.0
17099.0,533,1,582.17,1,2,2,Dormant Capital,1,1.0,0.0,0.0
17097.0,2,9,1340.45,5,5,4,Tier 1 Alpha Asset,0,0.0,27.901630562723028,0.0
17096.0,15,11,3759.18,5,5,5,Tier 1 Alpha Asset,0,0.0,102.09671202376495,0.0
17095.0,23,7,2572.25,4,4,4,Tier 1 Alpha Asset,0,0.0,54.100637269048036,0.0
17093.0,593,1,235.88,1,2,1,Dormant Capital,1,1.0,0.0,0.0
17118.0,318,1,157.02,2,2,1,Dormant Capital,1,1.0,0.0,0.0
12764.0,317,1,1693.88,2,1,4,Dormant Capital,1,0.99,0.0,0.0
12762.0,8,2,1898.52,5,2,4,Dormant Capital,0,0.0,186.1485575763242,0.0
12760.0,456,1,347.8,1,1,2,Dormant Capital,1,1.0,0.0,0.0
12759.0,52,8,5020.74,4,4,5,Tier 1 Alpha Asset,0,0.0,54.23732301571334,0.0
12757.0,16,13,7857.1,5,5,5,Tier 1 Alpha Asset,0,0.0,337.1684615780445,0.0
12756.0,87,1,112.08,3,1,1,Dormant Capital,0,0.0,0.0,0.0
12753.0,23,6,21429.39,4,4,5,Tier 1 Alpha Asset,0,0.0,481.64923596745746,0.0
12752.0,81,1,4366.78,3,1,5,Dormant Capital,0,0.0,0.0,0.0
12751.0,445,1,268.27,1,1,1,Dormant Capital,1,1.0,0.0,0.0
12750.0,129,1,275.88,3,1,1,Dormant Capital,1,1.0,0.0,0.0
17117.0,288,1,116.2,2,2,1,Dormant Capital,1,1.0,0.0,0.0
17116.0,648,1,389.78,1,2,2,Dormant Capital,1,1.0,0.0,0.0
17115.0,8,7,2761.49,5,4,4,Tier 1 Alpha Asset,0,0.0,65.24509540223004,0.0
17114.0,6,8,808.62,5,5,3,Tier 1 Alpha Asset,0,0.0,44.15838911670535,0.0
14041.0,266,1,141.41,2,1,1,Dormant Capital,1,1.0,0.0,0.0
12747.0,2,26,9276.54,5,5,5,Tier 1 Alpha Asset,0,0.0,395.24714710792324,0.0
12746.0,541,1,254.55,1,1,1,Dormant Capital,1,1.0,0.0,0.0
12742.0,626,1,1201.52,1,1,3,Dormant Capital,1,1.0,0.0,0.0
12740.0,64,1,427.6,3,1,2,Dormant Capital,0,0.0,0.0,0.0
12739.0,78,4,2726.73,3,3,4,High-Yield Volatile,0,0.0,80.99677970295284,0.0
12738.0,372,1,310.7,2,1,2,Dormant Capital,1,1.0,0.0,0.0
12736.0,333,1,234.0,2,1,1,Dormant Capital,1,1.0,0.0,0.0
17133.0,16,12,14622.33,5,5,5,Tier 1 Alpha Asset,0,0.0,1477.3126145637011,0.0
17131.0,5,5,2463.17,5,4,4,Tier 1 Alpha Asset,0,0.0,222.3540196645932,0.0
17129.0,520,1,31.85,1,2,1,Dormant Capital,1,1.0,0.0,0.0
17128.0,335,1,157.09,2,2,1,Dormant Capital,1,1.0,0.0,0.0
17125.0,50,1,259.35,4,2,1,Dormant Capital,0,0.0,0.0,0.0
17124.0,185,1,298.89,3,2,2,Dormant Capital,1,1.0,0.0,0.0
17121.0,403,1,314.74,2,2,2,Dormant Capital,1,1.0,0.0,0.0
17120.0,233,1,307.46,2,2,2,Dormant Capital,1,1.0,0.0,0.0
17119.0,3,2,606.91,5,3,2,High-Yield Volatile,0,0.0,86.53685979486275,0.0
17157.0,8,19,5151.900000000001,5,5,5,Tier 1 Alpha Asset,0,0.0,289.4284734856244,0.0
17156.0,492,1,591.87,1,2,2,Dormant Capital,1,1.0,0.0,0.0
17155.0,18,7,892.46,5,4,3,Tier 1 Alpha Asset,0,0.0,35.243115242056724,0.0
17154.0,75,1,329.34,3,2,2,Dormant Capital,0,0.0,0.0,0.0
17153.0,24,1,213.78,4,2,1,Dormant Capital,0,0.0,0.0,0.0
17151.0,735,1,231.90000000000003,1,2,1,Dormant Capital,1,1.0,0.0,0.0
17149.0,451,1,143.10000000000002,1,2,1,Dormant Capital,1,1.0,0.0,0.0
17148.0,52,1,124.88,4,2,1,Dormant Capital,0,0.0,0.0,0.0
17147.0,23,9,3199.95,4,5,5,Tier 1 Alpha Asset,0,0.0,90.80191800907329,0.0
17144.0,1,2,984.57,5,3,3,High-Yield Volatile,0,0.0,81.97143596934768,0.0
17140.0,247,1,465.32,2,2,2,Dormant Capital,1,1.0,0.0,0.0
17139.0,16,25,19584.46,5,5,5,Tier 1 Alpha Asset,0,0.0,266.1888633084025,0.0
17136.0,662,1,231.68,1,2,1,Dormant Capital,1,1.0,0.0,0.0
17135.0,16,10,1954.16,5,5,4,Tier 1 Alpha Asset,0,0.0,63.32939377427895,0.0
12749.0,4,9,6897.36,5,5,5,Tier 1 Alpha Asset,0,0.0,103.36682565968867,0.0
12748.0,1,336,56599.39,5,5,5,Tier 1 Alpha Asset,0,0.0,1120.7136664754394,0.0
17178.0,731,1,436.71,1,2,2,Dormant Capital,1,1.0,0.0,0.0
17177.0,505,1,119.5,1,2,1,Dormant Capital,1,1.0,0.0,0.0
17175.0,44,4,1443.69,4,4,4,Tier 1 Alpha Asset,0,0.0,79.07080857509695,0.0
17174.0,218,1,59.9,2,2,1,Dormant Capital,1,1.0,0.0,0.0
17173.0,5,8,3766.6,5,5,5,Tier 1 Alpha Asset,0,0.0,600.6422810038994,0.0
17172.0,79,3,956.57,3,3,3,High-Yield Volatile,0,0.0,27.626236760948707,0.0
17169.0,58,3,1156.73,4,3,3,High-Yield Volatile,0,0.0,22.26074268290262,0.0
17168.0,499,1,400.2,1,2,2,Dormant Capital,1,1.0,0.0,0.0
14040.0,41,35,12645.57,4,5,5,Tier 1 Alpha Asset,0,0.0,232.04060845125383,0.0
17164.0,33,7,2467.35,4,4,4,Tier 1 Alpha Asset,0,0.0,116.47543445787531,0.0
17163.0,22,4,699.78,4,4,3,Tier 1 Alpha Asset,0,0.0,39.16867467825616,0.0
17162.0,29,10,1715.46,4,5,4,Tier 1 Alpha Asset,0,0.0,147.81838230748107,0.0
17161.0,444,1,856.01,1,2,3,Dormant Capital,1,1.0,0.0,0.0
17160.0,31,17,10209.16,4,5,5,Tier 1 Alpha Asset,0,0.0,111.17284923867386,0.0
17159.0,22,5,2099.59,4,4,4,Tier 1 Alpha Asset,0,0.0,36.60438660955476,0.0
17158.0,32,5,1980.0,4,4,4,Tier 1 Alpha Asset,0,0.0,39.66958543290069,0.0
17183.0,8,6,3347.31,5,4,5,Tier 1 Alpha Asset,0,0.0,537.4675018579471,0.0
12732.0,180,1,236.26,3,1,1,Dormant Capital,1,1.0,0.0,0.0
12730.0,522,1,829.25,1,1,3,Dormant Capital,1,1.0,0.0,0.0
12729.0,114,1,453.01,3,1,2,Dormant Capital,1,1.0,0.0,0.0
12728.0,71,5,1070.17,3,4,3,High-Yield Volatile,0,0.0,61.842587107783636,0.0
12727.0,11,10,5679.53,5,5,5,Tier 1 Alpha Asset,0,0.0,127.5873982585066,0.0
14039.0,33,2,267.28000000000003,4,2,1,Dormant Capital,0,0.0,22.830988737892675,0.0
12724.0,5,7,2317.52,5,4,4,Tier 1 Alpha Asset,0,0.0,68.60575126338516,0.0
12723.0,4,5,725.07,5,4,3,Tier 1 Alpha Asset,0,0.0,143.68114186762995,0.0
12722.0,85,4,997.63,3,3,3,High-Yield Volatile,0,0.0,97.98647072342787,0.0
12721.0,32,8,4013.08,4,4,5,Tier 1 Alpha Asset,0,0.0,82.18238796432242,0.0
12720.0,3,30,8260.67,5,5,5,Tier 1 Alpha Asset,0,0.0,288.5574967614569,0.0
12719.0,5,2,644.95,5,2,3,Dormant Capital,0,0.0,79.41770572216124,0.0
12718.0,71,1,238.25,3,1,1,Dormant Capital,0,0.0,0.0,0.0
17181.0,57,3,465.37,4,3,2,High-Yield Volatile,0,0.0,21.768871520371697,0.0
17180.0,56,11,2256.98,4,5,4,Tier 1 Alpha Asset,0,0.0,27.675570047037805,0.0
17205.0,54,3,999.35,4,3,3,High-Yield Volatile,0,0.0,40.313076496502,0.0
17203.0,36,10,5575.88,4,5,5,Tier 1 Alpha Asset,0,0.0,150.23249057387383,0.0
17202.0,421,1,160.65,1,2,1,Dormant Capital,1,1.0,0.0,0.0
14038.0,78,5,3069.88,3,4,5,High-Yield Volatile,0,0.0,40.81330270725412,0.0
17199.0,582,1,145.12,1,2,1,Dormant Capital,1,1.0,0.0,0.0
17198.0,24,3,1213.88,4,3,3,High-Yield Volatile,0,0.0,16.817606082002506,0.0
17197.0,30,1,1013.01,4,2,3,Dormant Capital,0,0.0,0.0,0.0
17196.0,428,1,352.9,1,2,2,Dormant Capital,1,1.0,0.0,0.0
17195.0,655,1,562.98,1,2,2,Dormant Capital,1,1.0,0.0,0.0
17193.0,36,9,2310.04,4,5,4,Tier 1 Alpha Asset,0,0.0,190.30945200925382,0.0
17192.0,536,1,77.83,1,2,1,Dormant Capital,1,1.0,0.0,0.0
17191.0,28,15,4836.05,4,5,5,Tier 1 Alpha Asset,0,0.0,53.06813306810273,0.0
17190.0,59,7,1743.04,4,4,4,Tier 1 Alpha Asset,0,0.0,29.431606929766737,0.0
17188.0,11,13,4592.93,5,5,5,Tier 1 Alpha Asset,0,0.0,144.36039490921112,0.0
17186.0,47,2,144.0,4,3,1,High-Yield Volatile,0,0.0,281.2996852713025,0.0
14036.0,285,1,626.65,2,1,3,Dormant Capital,1,1.0,0.0,0.0
17225.0,582,1,131.15,1,2,1,Dormant Capital,1,1.0,0.0,0.0
17224.0,501,1,100.86,1,2,1,Dormant Capital,1,1.0,0.0,0.0
17222.0,65,6,1605.01,3,4,4,High-Yield Volatile,0,0.0,36.21033716051988,0.0
17221.0,7,5,978.52,5,4,3,Tier 1 Alpha Asset,0,0.0,19.606671019843823,0.0
17220.0,24,21,4481.75,4,5,5,Tier 1 Alpha Asset,0,0.0,62.37038397990679,0.0
17219.0,32,2,259.13,4,3,1,High-Yield Volatile,0,0.0,8.5518062842935,0.0
17218.0,4,18,4192.68,5,5,5,Tier 1 Alpha Asset,0,0.0,65.28024093170633,0.0
17216.0,554,1,65.05,1,2,1,Dormant Capital,1,1.0,0.0,0.0
17215.0,464,1,186.15,1,2,1,Dormant Capital,1,1.0,0.0,0.0
17214.0,60,6,1069.12,3,4,3,High-Yield Volatile,0,0.0,48.30863057026029,0.0
17213.0,40,13,5182.3,4,5,5,Tier 1 Alpha Asset,0,0.0,100.49147579208334,0.0
17211.0,27,13,4046.65,4,5,5,Tier 1 Alpha Asset,0,0.0,59.15930231586103,0.0
17210.0,393,1,253.37,2,2,1,Dormant Capital,1,1.0,0.0,0.0
17208.0,396,1,115.35,2,2,1,Dormant Capital,1,1.0,0.0,0.0
17207.0,652,1,303.22,1,2,2,Dormant Capital,1,1.0,0.0,0.0
17206.0,53,1,204.24,4,2,1,Dormant Capital,0,0.0,0.0,0.0
17231.0,12,25,7197.04,5,5,5,Tier 1 Alpha Asset,0,0.0,62.38690704195913,0.0
12716.0,4,2,1053.49,5,2,3,Dormant Capital,0,0.0,47.38818014669399,0.0
12715.0,106,1,353.86,3,1,2,Dormant Capital,1,1.0,0.0,0.0
12714.0,9,12,14093.71,5,5,5,Tier 1 Alpha Asset,0,0.0,100.5472626504488,0.0
12713.0,1,1,848.55,5,1,3,Dormant Capital,0,0.0,0.0,0.0
12712.0,29,21,7193.66,4,5,5,Tier 1 Alpha Asset,0,0.0,229.46101236587134,0.0
12709.0,15,34,31093.34,5,5,5,Tier 1 Alpha Asset,0,0.0,893.461657857609,0.0
12708.0,30,18,5314.1,4,5,5,Tier 1 Alpha Asset,0,0.0,130.96708770248208,0.0
12707.0,292,1,603.42,2,1,2,Dormant Capital,1,1.0,0.0,0.0
12705.0,15,14,11762.1,5,5,5,Tier 1 Alpha Asset,0,0.0,153.11388073558777,0.0
12704.0,7,8,2340.84,5,4,4,Tier 1 Alpha Asset,0,0.0,303.0188748307136,0.0
12703.0,71,4,1006.53,3,3,3,High-Yield Volatile,0,0.0,23.102118470530236,0.0
12702.0,20,1,219.0,4,1,1,Dormant Capital,0,0.0,0.0,0.0
12701.0,80,6,2446.41,3,4,4,High-Yield Volatile,0,0.0,45.91749129347061,0.0
17228.0,16,13,3177.24,5,5,5,Tier 1 Alpha Asset,0,0.0,55.45462644079575,0.0
17227.0,19,12,2022.03,5,5,4,Tier 1 Alpha Asset,0,0.0,85.13796835437711,0.0
17254.0,5,3,470.73,5,3,2,High-Yield Volatile,0,0.0,8.785737425758198,0.0
17253.0,18,1,178.26,5,2,1,Dormant Capital,0,0.0,0.0,0.0
17250.0,4,2,384.52,5,3,2,High-Yield Volatile,0,0.0,15.243649527294334,0.0
17249.0,429,1,68.03,1,2,1,Dormant Capital,1,1.0,0.0,0.0
17247.0,15,1,282.19,5,2,1,Dormant Capital,0,0.0,0.0,0.0
17244.0,53,5,1826.04,4,4,4,Tier 1 Alpha Asset,0,0.0,30.578527228252135,0.0
17243.0,1,69,20889.86,5,5,5,Tier 1 Alpha Asset,0,0.0,537.047069197392,0.0
14035.0,29,9,2856.72,4,5,4,Tier 1 Alpha Asset,0,0.0,82.49131820073073,0.0
17240.0,596,1,130.60000000000002,1,2,1,Dormant Capital,1,1.0,0.0,0.0
17238.0,3,32,7783.1,5,5,5,Tier 1 Alpha Asset,0,0.0,85.8524977829769,0.0
17237.0,11,4,1002.08,5,4,3,Tier 1 Alpha Asset,0,0.0,36.483393696284175,0.0
17236.0,13,12,1929.26,5,5,4,Tier 1 Alpha Asset,0,0.0,69.40357260991925,0.0
14034.0,22,3,651.8199999999999,4,3,3,High-Yield Volatile,0,0.0,34.75781616885074,0.0
17234.0,183,1,149.89,3,2,1,Dormant Capital,1,1.0,0.0,0.0
17233.0,35,3,560.86,4,3,2,High-Yield Volatile,0,0.0,12.050053383622705,0.0
17232.0,3,2,421.52,5,3,2,High-Yield Volatile,0,0.0,105.13411181708528,0.0
12698.0,590,1,339.75,1,1,2,Dormant Capital,1,1.0,0.0,0.0
12697.0,29,3,957.59,4,3,3,High-Yield Volatile,0,0.0,91.42287311677096,0.0
12695.0,7,7,1407.12,5,4,4,Tier 1 Alpha Asset,0,0.0,74.1235379957393,0.0
12694.0,70,3,1843.35,3,3,4,High-Yield Volatile,0,0.0,40.96587438023763,0.0
12692.0,637,1,110.95,1,1,1,Dormant Capital,1,1.0,0.0,0.0
12691.0,28,7,1170.4,4,4,3,Tier 1 Alpha Asset,0,0.0,139.57793595761856,0.0
12690.0,206,1,389.01,2,1,2,Dormant Capital,1,1.0,0.0,0.0
12689.0,26,2,1247.61,4,2,3,Dormant Capital,0,0.0,52.88029761168435,0.0
12688.0,114,1,4873.81,3,1,5,Dormant Capital,1,1.0,0.0,0.0
12686.0,372,1,178.28,2,1,1,Dormant Capital,1,1.0,0.0,0.0
12685.0,28,6,2863.08,4,4,4,Tier 1 Alpha Asset,0,0.0,227.66919531416173,0.0
17262.0,52,11,2757.62,4,5,4,Tier 1 Alpha Asset,0,0.0,592.6530098620875,0.0
17261.0,510,1,230.44,1,2,1,Dormant Capital,1,1.0,0.0,0.0
17260.0,411,1,120.95,1,2,1,Dormant Capital,1,1.0,0.0,0.0
14064.0,29,15,3332.42,4,5,5,Tier 1 Alpha Asset,0,0.0,91.07307582653921,0.0
17255.0,41,4,799.13,4,4,3,Tier 1 Alpha Asset,0,0.0,12.30089631788524,0.0
17284.0,60,8,2793.16,3,5,4,High-Yield Volatile,0,0.0,39.40067960489247,0.0
17283.0,379,1,188.46,2,2,1,Dormant Capital,1,1.0,0.0,0.0
17280.0,438,1,118.86,1,2,1,Dormant Capital,1,1.0,0.0,0.0
17279.0,58,1,187.83,4,2,1,Dormant Capital,0,0.0,0.0,0.0
17276.0,402,1,508.39,2,2,2,Dormant Capital,1,1.0,0.0,0.0
17275.0,383,1,114.52,2,2,1,Dormant Capital,1,1.0,0.0,0.0
17274.0,35,2,577.38,4,3,2,High-Yield Volatile,0,0.0,11.182823294762951,0.0
17273.0,424,1,141.12,1,2,1,Dormant Capital,1,1.0,0.0,0.0
17272.0,42,4,2148.63,4,4,4,Tier 1 Alpha Asset,0,0.0,72.35585017251658,0.0
17271.0,736,1,210.39,1,2,1,Dormant Capital,1,1.0,0.0,0.0
17269.0,386,1,537.46,2,2,2,Dormant Capital,1,1.0,0.0,0.0
13950.0,11,4,745.0600000000001,5,3,3,High-Yield Volatile,0,0.0,86.61746452662184,0.0
17264.0,424,1,279.59,1,2,1,Dormant Capital,1,1.0,0.0,0.0
17263.0,208,1,63.440000000000005,2,2,1,Dormant Capital,1,1.0,0.0,0.0
12700.0,8,4,4939.99,5,3,5,High-Yield Volatile,0,0.0,84.61717087104809,0.0
12699.0,418,1,638.11,1,1,3,Dormant Capital,1,1.0,0.0,0.0
17303.0,361,1,250.04,2,2,1,Dormant Capital,1,1.0,0.0,0.0
13949.0,3,6,2427.32,5,4,4,Tier 1 Alpha Asset,0,0.0,195.73517633154464,0.0
17301.0,21,2,330.43,4,3,2,High-Yield Volatile,0,0.0,4.253504925692067,0.0
17299.0,12,6,1016.08,5,4,3,Tier 1 Alpha Asset,0,0.0,31.427890481026925,0.0
17297.0,17,1,131.78,5,2,1,Dormant Capital,0,0.0,0.0,0.0
17296.0,730,1,338.13,1,2,2,Dormant Capital,1,1.0,0.0,0.0
17295.0,29,3,556.95,4,3,2,High-Yield Volatile,0,0.0,64.92896629588904,0.0
13947.0,65,1,90.6,3,1,1,Dormant Capital,0,0.0,0.0,0.0
17293.0,8,17,3774.23,5,5,5,Tier 1 Alpha Asset,0,0.0,109.58665501994041,0.0
17291.0,308,1,550.8000000000001,2,2,2,Dormant Capital,1,1.0,0.0,0.0
17290.0,4,8,1501.44,5,5,4,Tier 1 Alpha Asset,0,0.0,25.428653958165352,0.0
17289.0,32,9,2079.39,4,5,4,Tier 1 Alpha Asset,0,0.0,32.19998886073422,0.0
17288.0,9,11,2499.98,5,5,4,Tier 1 Alpha Asset,0,0.0,69.1554830789938,0.0
17287.0,26,21,4111.96,4,5,5,Tier 1 Alpha Asset,0,0.0,73.58855489545536,0.0
17286.0,22,3,395.48,4,3,2,High-Yield Volatile,0,0.0,10.723808216925624,0.0
13946.0,79,6,1876.23,3,4,4,High-Yield Volatile,0,0.0,79.11134791142662,0.0
12684.0,8,7,2283.63,5,4,4,Tier 1 Alpha Asset,0,0.0,181.49305425039768,0.0
12683.0,4,21,12696.78,5,5,5,Tier 1 Alpha Asset,0,0.0,208.8549244605367,0.0
12682.0,4,52,24033.91,5,5,5,Tier 1 Alpha Asset,0,0.0,506.3863929914979,0.0
12681.0,15,45,30868.28,5,5,5,Tier 1 Alpha Asset,0,0.0,404.8278919584262,0.0
12680.0,1,4,880.81,5,3,3,High-Yield Volatile,0,0.0,124.00476839358745,0.0
12679.0,59,4,1113.02,4,3,3,High-Yield Volatile,0,0.0,82.05664853900852,0.0
12678.0,42,21,34281.18,4,5,5,Tier 1 Alpha Asset,0,0.0,827.6751687405504,0.0
12676.0,25,11,2843.09,4,5,4,Tier 1 Alpha Asset,0,0.0,175.94919270911282,0.0
13944.0,653,1,200.43,1,1,1,Dormant Capital,1,1.0,0.0,0.0
12674.0,39,4,1970.6,4,3,4,High-Yield Volatile,0,0.0,108.72051534503744,0.0
12673.0,5,3,1230.02,5,3,3,High-Yield Volatile,0,0.0,33.2636778471034,0.0
12671.0,606,1,2622.481,1,1,4,Dormant Capital,1,1.0,0.0,0.0
12670.0,10,7,3760.29,5,4,5,Tier 1 Alpha Asset,0,0.0,100.68807382267498,0.0
17306.0,11,21,9782.35,5,5,5,Tier 1 Alpha Asset,0,0.0,2040.2142401182282,0.0
17305.0,649,1,2135.46,1,2,4,Dormant Capital,1,1.0,0.0,0.0
17304.0,534,1,111.5,1,2,1,Dormant Capital,1,1.0,0.0,0.0
13943.0,578,1,246.54,1,1,1,Dormant Capital,1,1.0,0.0,0.0
17331.0,124,1,175.2,3,2,1,Dormant Capital,1,1.0,0.0,0.0
17330.0,23,4,423.8,4,4,2,Tier 1 Alpha Asset,0,0.0,90.1589143939962,0.0
17329.0,14,5,1004.43,5,4,3,Tier 1 Alpha Asset,0,0.0,19.850950182854966,0.0
17328.0,673,1,104.7,1,2,1,Dormant Capital,1,1.0,0.0,0.0
17324.0,18,12,2301.87,5,5,4,Tier 1 Alpha Asset,0,0.0,76.9455605503851,0.0
17323.0,15,12,1565.59,5,5,4,Tier 1 Alpha Asset,0,0.0,25.419665402564632,0.0
17321.0,8,6,1741.18,5,4,4,Tier 1 Alpha Asset,0,0.0,19.1483397411387,0.0
17319.0,669,1,29.1,1,2,1,Dormant Capital,1,1.0,0.0,0.0
17318.0,725,1,164.28,1,2,1,Dormant Capital,1,1.0,0.0,0.0
17317.0,46,3,2600.34,4,3,4,High-Yield Volatile,0,0.0,1562.9050553228133,0.0
17316.0,420,1,124.45,1,2,1,Dormant Capital,1,1.0,0.0,0.0
17315.0,2,43,9650.6,5,5,5,Tier 1 Alpha Asset,0,0.0,370.1641940880313,0.0
17314.0,25,17,4904.43,4,5,5,Tier 1 Alpha Asset,0,0.0,135.46386856488476,0.0
17313.0,31,1,2328.84,4,2,4,Dormant Capital,0,0.0,0.0,0.0
17311.0,78,6,3566.56,3,4,5,High-Yield Volatile,0,0.0,72.01710611988361,0.0
12667.0,58,1,620.13,4,1,3,Dormant Capital,0,0.0,0.0,0.0
12666.0,394,1,1248.42,2,1,3,Dormant Capital,1,1.0,0.0,0.0
12664.0,8,11,6070.04,5,5,5,Tier 1 Alpha Asset,0,0.0,611.2023674892546,0.0
12662.0,1,20,6988.02,5,5,5,Tier 1 Alpha Asset,0,0.0,169.58785469510187,0.0
12661.0,436,1,162.0,1,1,1,Dormant Capital,1,1.0,0.0,0.0
12660.0,11,1,245.1,5,1,1,Dormant Capital,0,0.0,0.0,0.0
12659.0,30,1,91.68,4,1,1,Dormant Capital,0,0.0,0.0,0.0
12658.0,19,1,686.05,5,1,3,Dormant Capital,0,0.0,0.0,0.0
12657.0,11,4,1643.18,5,3,4,High-Yield Volatile,0,0.0,314.6986959140247,0.0
12656.0,17,8,6407.83,5,4,5,Tier 1 Alpha Asset,0,0.0,107.66185347832055,0.0
12655.0,424,1,261.35,1,1,1,Dormant Capital,1,1.0,0.0,0.0
12654.0,11,5,601.98,5,4,2,Tier 1 Alpha Asset,0,0.0,71.7543231536193,0.0
13942.0,535,1,320.0,1,1,2,Dormant Capital,1,1.0,0.0,0.0
17338.0,17,17,12142.57,5,5,5,Tier 1 Alpha Asset,0,0.0,72.8482055792939,0.0
17336.0,472,1,81.12,1,2,1,Dormant Capital,1,1.0,0.0,0.0
17333.0,86,1,494.25,3,2,2,Dormant Capital,0,0.0,0.0,0.0
17364.0,1,28,12070.42,5,5,5,Tier 1 Alpha Asset,0,0.0,155.8033410292318,0.0
17361.0,49,5,880.64,4,4,3,Tier 1 Alpha Asset,0,0.0,32.932832533340274,0.0
17360.0,17,6,1231.38,5,4,3,Tier 1 Alpha Asset,0,0.0,21.764572759401492,0.0
17359.0,11,2,284.46,5,3,1,High-Yield Volatile,0,0.0,7.387874522127952,0.0
17357.0,24,2,388.14,4,3,2,High-Yield Volatile,0,0.0,68.65572083893322,0.0
17355.0,386,1,285.11,2,2,1,Dormant Capital,1,1.0,0.0,0.0
17354.0,51,4,3143.46,4,4,5,Tier 1 Alpha Asset,0,0.0,75.25057220940505,0.0
17352.0,696,1,36.25,1,2,1,Dormant Capital,1,1.0,0.0,0.0
17351.0,36,12,1988.23,4,5,4,Tier 1 Alpha Asset,0,0.0,143.237953638257,0.0
17350.0,8,7,1906.041,5,4,4,Tier 1 Alpha Asset,0,0.0,40.69705742748286,0.0
17348.0,15,9,2476.41,5,5,4,Tier 1 Alpha Asset,0,0.0,23.763786118831366,0.0
17347.0,86,1,228.96,3,2,1,Dormant Capital,0,0.0,0.0,0.0
17346.0,4,26,5323.0,5,5,5,Tier 1 Alpha Asset,0,0.0,70.71562699991593,0.0
17345.0,15,10,1604.68,5,5,4,Tier 1 Alpha Asset,0,0.0,31.82106412771706,0.0
17344.0,46,2,468.11,4,3,2,High-Yield Volatile,0,0.0,6.15546673573692,0.0
12668.0,12,10,11444.68,5,5,5,Tier 1 Alpha Asset,0,0.0,94.29948871934837,0.0
17384.0,19,3,507.55,5,3,2,High-Yield Volatile,0,0.0,43.00012317612472,0.0
17383.0,4,2,309.99,5,3,2,High-Yield Volatile,0,0.0,8.659644627780303,0.0
17382.0,65,8,902.28,3,5,3,High-Yield Volatile,0,0.0,201.81171579147386,0.0
17381.0,9,38,40002.37,5,5,5,Tier 1 Alpha Asset,0,0.0,4807.534284760083,0.0
17379.0,11,1,404.66,5,2,2,Dormant Capital,0,0.01,0.0,0.0
17378.0,374,1,10.95,2,2,1,Dormant Capital,1,0.99,0.0,0.0
17377.0,24,78,18319.41,4,5,5,Tier 1 Alpha Asset,0,0.0,337.55974661382595,0.0
17376.0,71,4,453.64,3,4,2,High-Yield Volatile,0,0.0,18.707973448528985,0.0
17373.0,40,7,1167.5,4,4,3,Tier 1 Alpha Asset,0,0.0,41.36583726356128,0.0
17372.0,41,28,4377.56,4,5,5,Tier 1 Alpha Asset,0,0.0,78.42288280401748,0.0
17371.0,17,6,662.55,5,4,3,Tier 1 Alpha Asset,0,0.0,12.193728988654406,0.0
17370.0,73,4,446.18,3,4,2,High-Yield Volatile,0,0.0,70.4666629623921,0.0
17369.0,456,1,979.2,1,2,3,Dormant Capital,1,1.0,0.0,0.0
17368.0,23,14,2826.14,4,5,4,Tier 1 Alpha Asset,0,0.0,70.02192670935146,0.0
17367.0,238,1,168.4,2,2,1,Dormant Capital,1,1.0,0.0,0.0
17365.0,13,15,8224.98,5,5,5,Tier 1 Alpha Asset,0,0.0,70.13812406283544,0.0
17394.0,219,1,203.87,2,2,1,Dormant Capital,1,1.0,0.0,0.0
12650.0,3,1,314.44,5,1,2,Dormant Capital,0,0.0,0.0,0.0
12647.0,22,36,17924.35,4,5,5,Tier 1 Alpha Asset,0,0.0,518.8912723343153,0.0
12646.0,5,2,1346.97,5,2,4,Dormant Capital,0,0.0,154.2873462445535,0.0
12645.0,34,8,3539.3,4,4,5,Tier 1 Alpha Asset,0,0.0,78.48545968446479,0.0
12642.0,25,3,1013.26,4,3,3,High-Yield Volatile,0,0.0,116.22094182879732,0.0
12641.0,115,1,185.9,3,1,1,Dormant Capital,1,1.0,0.0,0.0
12640.0,24,3,1174.58,4,3,3,High-Yield Volatile,0,0.0,141.551743770657,0.0
12638.0,33,2,921.49,4,2,3,Dormant Capital,0,0.0,15.544453771708724,0.0
12637.0,67,12,8340.31,3,5,5,High-Yield Volatile,0,0.0,85.40030960489395,0.0
17390.0,421,1,149.3,1,2,1,Dormant Capital,1,1.0,0.0,0.0
17389.0,1,61,57224.68,5,5,5,Tier 1 Alpha Asset,0,0.0,3419.9411718674883,0.0
17388.0,78,11,2691.57,3,5,4,High-Yield Volatile,0,0.0,211.31212741683697,0.0
17387.0,20,2,784.11,4,3,3,High-Yield Volatile,0,0.0,69.61107856266436,0.0
17386.0,8,7,2812.77,5,4,4,Tier 1 Alpha Asset,0,0.0,370.0890582300703,0.0
17385.0,15,1,261.11,5,2,1,Dormant Capital,0,0.0,0.0,0.0
17417.0,549,1,164.18,1,2,1,Dormant Capital,1,1.0,0.0,0.0
17416.0,30,22,17298.45,4,5,5,Tier 1 Alpha Asset,0,0.0,269.30954709414164,0.0
17415.0,80,1,507.84,3,2,2,Dormant Capital,0,0.0,0.0,0.0
17414.0,44,6,2249.52,4,4,4,Tier 1 Alpha Asset,0,0.0,251.13459938276685,0.0
17412.0,3,16,4417.52,5,5,5,Tier 1 Alpha Asset,0,0.0,124.80898309691665,0.0
17411.0,12,5,1425.38,5,4,4,Tier 1 Alpha Asset,0,0.0,37.86323485750715,0.0
17410.0,16,5,1214.72,5,4,3,Tier 1 Alpha Asset,0,0.0,110.23265030366927,0.0
17407.0,412,1,552.9,1,2,2,Dormant Capital,1,1.0,0.0,0.0
17405.0,1,3,1031.41,5,3,3,High-Yield Volatile,0,0.0,57.75191623184112,0.0
17404.0,4,23,47781.12,5,5,5,Tier 1 Alpha Asset,0,0.0,1638.6943208976743,0.0
13941.0,22,15,11122.3,4,5,5,Tier 1 Alpha Asset,0,0.0,664.8906798462071,0.0
17402.0,5,23,5096.18,5,5,5,Tier 1 Alpha Asset,0,0.0,245.85512420166685,0.0
17401.0,541,1,114.85,1,2,1,Dormant Capital,1,1.0,0.0,0.0
17397.0,22,3,1233.18,4,3,3,High-Yield Volatile,0,0.0,18.616554390204904,0.0
17396.0,39,14,8807.1,4,5,5,Tier 1 Alpha Asset,0,0.0,1598.9856535373922,0.0
17395.0,508,1,97.5,1,2,1,Dormant Capital,1,0.99,0.0,0.0
17425.0,19,2,759.1700000000001,5,3,3,High-Yield Volatile,0,0.0,84.73987059491465,0.0
12636.0,739,1,141.0,1,1,1,Dormant Capital,1,1.0,0.0,0.0
13940.0,17,4,839.14,5,3,3,High-Yield Volatile,0,0.0,106.48544445812514,0.0
12633.0,59,7,5678.16,4,4,5,Tier 1 Alpha Asset,0,0.0,71.07545016544786,0.0
12631.0,57,6,3481.57,4,4,5,Tier 1 Alpha Asset,0,0.0,48.349058128406824,0.0
12630.0,10,2,1270.88,5,2,4,Dormant Capital,0,0.0,111.96634056056223,0.0
12628.0,4,3,786.46,5,3,3,High-Yield Volatile,0,0.0,145.03051696080365,0.0
12627.0,11,7,4478.53,5,4,5,Tier 1 Alpha Asset,0,0.0,223.73284825924003,0.0
12626.0,23,9,6620.4800000000005,4,5,5,Tier 1 Alpha Asset,0,0.0,170.57603459178472,0.0
12622.0,232,1,180.1,2,1,1,Dormant Capital,1,1.0,0.0,0.0
12621.0,2,35,24775.81,5,5,5,Tier 1 Alpha Asset,0,0.0,517.6295276810645,0.0
17423.0,46,3,1118.95,4,3,3,High-Yield Volatile,0,0.0,50.72070590590538,0.0
17422.0,16,11,3594.76,5,5,5,Tier 1 Alpha Asset,0,0.0,106.77402982905129,0.0
17420.0,50,6,1084.43,4,4,3,Tier 1 Alpha Asset,0,0.0,78.82322100063946,0.0
17419.0,11,18,6500.52,5,5,5,Tier 1 Alpha Asset,0,0.0,164.59953774396038,0.0
17418.0,42,3,670.0600000000001,4,3,3,High-Yield Volatile,0,0.0,32.79508253021756,0.0
17447.0,40,2,541.53,4,3,2,High-Yield Volatile,0,0.0,64.5070435931597,0.0
17443.0,220,1,534.24,2,2,2,Dormant Capital,1,1.0,0.0,0.0
17442.0,37,15,4620.3,4,5,5,Tier 1 Alpha Asset,0,0.0,112.16504865371704,0.0
17441.0,732,1,293.35,1,2,2,Dormant Capital,1,1.0,0.0,0.0
17439.0,656,1,325.74,1,2,2,Dormant Capital,1,1.0,0.0,0.0
17437.0,530,1,373.17,1,2,2,Dormant Capital,1,1.0,0.0,0.0
13939.0,23,7,1560.96,4,4,4,Tier 1 Alpha Asset,0,0.0,48.13347493288268,0.0
17435.0,411,1,331.35,1,2,2,Dormant Capital,1,1.0,0.0,0.0
17434.0,2,7,2373.82,5,4,4,Tier 1 Alpha Asset,0,0.0,286.7249085437838,0.0
17433.0,88,2,569.96,3,3,2,High-Yield Volatile,0,0.0,9.93253762798633,0.0
17432.0,18,9,1751.39,5,5,4,Tier 1 Alpha Asset,0,0.0,24.32098674531963,0.0
17431.0,313,1,403.3,2,2,2,Dormant Capital,1,1.0,0.0,0.0
17430.0,33,4,735.17,4,4,3,Tier 1 Alpha Asset,0,0.0,40.56817162561471,0.0
17428.0,1,45,31819.76,5,5,5,Tier 1 Alpha Asset,0,0.0,826.0928720164088,0.0
17427.0,72,1,100.8,3,2,1,Dormant Capital,0,0.0,0.0,0.0
17426.0,8,13,8077.77,5,5,5,Tier 1 Alpha Asset,0,0.0,112.90663134712078,0.0
17470.0,45,11,2804.87,4,5,4,Tier 1 Alpha Asset,0,0.0,107.11555985084387,0.0
17469.0,16,17,5051.25,5,5,5,Tier 1 Alpha Asset,0,0.0,136.360422334666,0.0
13938.0,35,1,71.66,4,1,1,Dormant Capital,0,0.01,0.0,0.0
17467.0,395,1,102.6,2,2,1,Dormant Capital,1,1.0,0.0,0.0
17466.0,10,2,763.28,5,3,3,High-Yield Volatile,0,0.0,77.98481843251444,0.0
17463.0,16,7,2557.91,5,4,4,Tier 1 Alpha Asset,0,0.0,28.61584959356081,0.0
17462.0,60,2,675.69,3,3,3,High-Yield Volatile,0,0.0,38.97351053234449,0.0
17461.0,23,3,757.46,4,3,3,High-Yield Volatile,0,0.0,79.81230537387515,0.0
14062.0,10,24,25604.2,5,5,5,Tier 1 Alpha Asset,0,0.0,754.2680073461929,0.0
17458.0,15,2,529.58,5,3,2,High-Yield Volatile,0,0.0,10.35463882909701,0.0
17455.0,204,1,131.7,2,2,1,Dormant Capital,1,1.0,0.0,0.0
17453.0,18,2,486.72,5,3,2,High-Yield Volatile,0,0.0,114.55712250606611,0.0
17451.0,1,7,1721.4,5,4,4,Tier 1 Alpha Asset,0,0.0,242.06954764958692,0.0
17450.0,8,51,246973.09,5,5,5,Tier 1 Alpha Asset,0,0.0,20037.763760689755,0.0
17449.0,2,13,4951.15,5,5,5,Tier 1 Alpha Asset,0,0.0,45.866626793289186,0.0
14060.0,5,30,9519.08,5,5,5,Tier 1 Alpha Asset,0,0.0,505.90879182137434,0.0
12620.0,15,3,1339.41,5,3,4,High-Yield Volatile,0,0.0,51.51582128282306,0.0
12619.0,16,10,3781.38,5,5,5,Tier 1 Alpha Asset,0,0.0,198.16439105731789,0.0
12618.0,22,1,177.31,4,1,1,Dormant Capital,0,0.0,0.0,0.0
12617.0,29,1,355.53000000000003,4,1,2,Dormant Capital,0,0.0,0.0,0.0
12615.0,2,8,5740.9800000000005,5,4,5,Tier 1 Alpha Asset,0,0.0,80.00142449770176,0.0
12614.0,278,1,315.6,2,1,2,Dormant Capital,1,1.0,0.0,0.0
12613.0,57,10,6835.07,4,5,5,Tier 1 Alpha Asset,0,0.0,86.56795118887715,0.0
12612.0,74,1,704.04,3,1,3,Dormant Capital,0,0.0,0.0,0.0
12611.0,52,1,1193.32,4,1,3,Dormant Capital,0,0.0,0.0,0.0
12610.0,23,5,2099.54,4,4,4,Tier 1 Alpha Asset,0,0.0,170.00356540660252,0.0
12609.0,78,9,3435.86,3,5,5,High-Yield Volatile,0,0.0,73.22747860290752,0.0
12608.0,405,1,415.79,2,1,2,Dormant Capital,1,1.0,0.0,0.0
12607.0,60,1,1579.51,3,1,4,Dormant Capital,0,0.0,0.0,0.0
12606.0,682,1,21.0,1,1,1,Dormant Capital,1,0.99,0.0,0.0
17474.0,600,1,1047.0,1,2,3,Dormant Capital,1,1.0,0.0,0.0
17471.0,475,1,321.65000000000003,1,2,2,Dormant Capital,1,1.0,0.0,0.0
17500.0,17,3,1138.0,5,3,3,High-Yield Volatile,0,0.0,2213.713666208859,0.0
17498.0,76,1,272.22,3,2,1,Dormant Capital,0,0.0,0.0,0.0
17495.0,8,3,806.72,5,3,3,High-Yield Volatile,0,0.0,34.408846383580915,0.0
17494.0,502,1,54.7,1,2,1,Dormant Capital,1,1.0,0.0,0.0
17493.0,385,1,100.91,2,2,1,Dormant Capital,1,1.0,0.0,0.0
17491.0,1,17,5981.07,5,5,5,Tier 1 Alpha Asset,0,0.0,284.33768994795724,0.0
17490.0,1,9,2750.5,5,5,4,Tier 1 Alpha Asset,0,0.0,110.44067400888889,0.0
17489.0,59,2,376.64,4,3,2,High-Yield Volatile,0,0.0,27.97665197292539,0.0
17488.0,641,1,336.5,1,2,2,Dormant Capital,1,1.0,0.0,0.0
17487.0,728,1,160.55,1,2,1,Dormant Capital,1,1.0,0.0,0.0
17486.0,261,1,396.87,2,2,2,Dormant Capital,1,0.99,0.0,0.0
17483.0,65,4,591.73,3,4,2,High-Yield Volatile,0,0.0,54.570479727938654,0.0
17481.0,4,4,1255.59,5,4,4,Tier 1 Alpha Asset,0,0.0,129.4602420125638,0.0
17480.0,78,2,902.03,3,3,3,High-Yield Volatile,0,0.0,18.785808364208957,0.0
17479.0,633,1,389.2600000000001,1,2,2,Dormant Capital,1,1.0,0.0,0.0
17475.0,79,1,194.37,3,2,1,Dormant Capital,0,0.0,0.0,0.0
17510.0,25,2,514.56,4,3,2,High-Yield Volatile,0,0.0,18.091828707896884,0.0
17509.0,58,8,6115.14,4,5,5,Tier 1 Alpha Asset,0,0.0,98.58073250001017,0.0
12604.0,79,2,254.18,3,2,1,Dormant Capital,0,0.0,27.67378517901684,0.0
12603.0,22,1,739.1999999999999,4,1,3,Dormant Capital,0,0.0,0.0,0.0
12602.0,59,1,153.12,4,1,1,Dormant Capital,0,0.0,0.0,0.0
12600.0,29,21,5043.92,4,5,5,Tier 1 Alpha Asset,0,0.0,335.38471414046234,0.0
12599.0,29,13,2296.72,4,5,4,Tier 1 Alpha Asset,0,0.0,116.0928802639161,0.0
12598.0,10,11,4534.09,5,5,5,Tier 1 Alpha Asset,0,0.0,112.09616934523488,0.0
12597.0,19,4,3811.22,5,3,5,High-Yield Volatile,0,0.0,70.72711881277127,0.0
12596.0,51,2,618.27,4,2,3,Dormant Capital,0,0.0,41.15948382586031,0.0
12595.0,505,1,299.02,1,1,2,Dormant Capital,1,1.0,0.0,0.0
12594.0,38,15,5090.110000000001,4,5,5,Tier 1 Alpha Asset,0,0.0,178.74375328705602,0.0
14059.0,267,1,183.6,2,1,1,Dormant Capital,1,1.0,0.0,0.0
17506.0,76,1,302.2,3,2,2,Dormant Capital,0,0.0,0.0,0.0
17503.0,3,2,558.96,5,3,2,High-Yield Volatile,0,0.0,92.81356337945577,0.0
17502.0,9,4,689.1,5,4,3,Tier 1 Alpha Asset,0,0.0,361.8968161089252,0.0
17532.0,386,1,65.34,2,2,1,Dormant Capital,1,1.0,0.0,0.0
17530.0,1,12,3141.51,5,5,5,Tier 1 Alpha Asset,0,0.0,29.13659065038806,0.0
17528.0,1,8,3628.5,5,5,5,Tier 1 Alpha Asset,0,0.0,299.34787545633947,0.0
17527.0,54,4,939.37,4,4,3,Tier 1 Alpha Asset,0,0.0,87.9678244756924,0.0
17526.0,5,12,4166.04,5,5,5,Tier 1 Alpha Asset,0,0.0,215.54563894928827,0.0
14057.0,24,22,8408.84,4,5,5,Tier 1 Alpha Asset,0,0.0,170.477330122488,0.0
17522.0,2,5,1070.71,5,4,3,Tier 1 Alpha Asset,0,0.0,85.70815393652325,0.0
17521.0,30,5,1278.06,4,4,4,Tier 1 Alpha Asset,0,0.0,52.77953103163046,0.0
17520.0,54,1,546.81,4,2,2,Dormant Capital,0,0.0,0.0,0.0
17519.0,17,15,5109.47,5,5,5,Tier 1 Alpha Asset,0,0.0,142.7626155119662,0.0
17517.0,309,1,153.94,2,2,1,Dormant Capital,1,1.0,0.0,0.0
17516.0,15,6,957.55,5,4,3,Tier 1 Alpha Asset,0,0.0,23.524359253215795,0.0
17515.0,31,9,1617.46,4,5,4,Tier 1 Alpha Asset,0,0.0,44.22518272731955,0.0
17513.0,72,3,1158.8,3,3,3,High-Yield Volatile,0,0.0,101.41152291784894,0.0
17512.0,29,18,5467.820000000001,4,5,5,Tier 1 Alpha Asset,0,0.0,209.36179965790024,0.0
17511.0,3,60,175603.55,5,5,5,Tier 1 Alpha Asset,0,0.0,2321.910028333882,0.0
12587.0,8,1,144.0,5,1,1,Dormant Capital,0,0.0,0.0,0.0
12586.0,17,4,2062.67,5,3,4,High-Yield Volatile,0,0.0,34.75828437245271,0.0
12584.0,4,9,2338.15,5,5,4,Tier 1 Alpha Asset,0,0.0,211.25540387443107,0.0
12583.0,3,27,14447.44,5,5,5,Tier 1 Alpha Asset,0,0.0,351.9835823502174,0.0
12581.0,40,1,197.71,4,1,1,Dormant Capital,0,0.0,0.0,0.0
12579.0,78,1,440.42,3,1,2,Dormant Capital,0,0.0,0.0,0.0
12578.0,21,4,4642.45,4,3,5,High-Yield Volatile,0,0.0,65.81888947337505,0.0
12577.0,35,8,1653.75,4,4,4,Tier 1 Alpha Asset,0,0.0,18.904227863468876,0.0
12576.0,36,8,2142.7200000000003,4,4,4,Tier 1 Alpha Asset,0,0.0,67.19789674375649,0.0
12574.0,316,1,218.45,2,1,1,Dormant Capital,1,1.0,0.0,0.0
14086.0,463,1,39.95,1,1,1,Dormant Capital,1,1.0,0.0,0.0
17538.0,26,1,98.42,4,2,1,Dormant Capital,0,0.0,0.0,0.0
17537.0,30,2,897.62,4,3,3,High-Yield Volatile,0,0.0,20.260642681033847,0.0
17535.0,280,1,164.4,2,2,1,Dormant Capital,1,1.0,0.0,0.0
17534.0,54,5,1668.83,4,4,4,Tier 1 Alpha Asset,0,0.0,40.29232221844869,0.0
17533.0,435,1,34.8,1,2,1,Dormant Capital,1,0.99,0.0,0.0
17562.0,14,7,1122.38,5,4,3,Tier 1 Alpha Asset,0,0.0,175.2020888569567,0.0
17561.0,19,4,722.34,5,4,3,Tier 1 Alpha Asset,0,0.0,6.918016858452245,0.0
17559.0,513,1,167.62,1,2,1,Dormant Capital,1,1.0,0.0,0.0
17558.0,393,1,259.17,2,2,1,Dormant Capital,1,1.0,0.0,0.0
17557.0,14,4,575.46,5,4,2,Tier 1 Alpha Asset,0,0.0,26.126920404119822,0.0
17555.0,20,5,1057.74,4,4,3,Tier 1 Alpha Asset,0,0.0,11.078170623006718,0.0
17554.0,1,5,1952.45,5,4,4,Tier 1 Alpha Asset,0,0.0,171.45147174478208,0.0
17552.0,60,12,3085.29,3,5,5,High-Yield Volatile,0,0.0,112.48595409949134,0.0
17551.0,359,1,306.84,2,2,2,Dormant Capital,1,1.0,0.0,0.0
17549.0,24,2,148.86,4,3,1,High-Yield Volatile,0,0.0,121.51033029908021,0.0
17545.0,43,6,1448.54,4,4,4,Tier 1 Alpha Asset,0,0.0,17.029600676374585,0.0
14085.0,2,33,10104.97,5,5,5,Tier 1 Alpha Asset,0,0.0,133.1401891177503,0.0
17543.0,550,1,120.05,1,2,1,Dormant Capital,1,1.0,0.0,0.0
17541.0,510,1,124.46,1,2,1,Dormant Capital,1,1.0,0.0,0.0
17540.0,25,6,1590.6,4,4,4,Tier 1 Alpha Asset,0,0.0,71.86446768086131,0.0
12588.0,39,4,958.78,4,3,3,High-Yield Volatile,0,0.0,39.24601625388997,0.0
17579.0,5,4,753.28,5,4,3,Tier 1 Alpha Asset,0,0.0,16.888325426023858,0.0
14084.0,512,1,150.5,1,1,1,Dormant Capital,1,1.0,0.0,0.0
17576.0,8,41,9056.81,5,5,5,Tier 1 Alpha Asset,0,0.0,169.52459347761575,0.0
17575.0,667,1,171.7,1,2,1,Dormant Capital,1,1.0,0.0,0.0
17574.0,243,1,185.65,2,2,1,Dormant Capital,1,1.0,0.0,0.0
17573.0,29,3,380.6,4,3,2,High-Yield Volatile,0,0.0,91.69305467545888,0.0
14083.0,4,11,1407.26,5,5,4,Tier 1 Alpha Asset,0,0.0,26.597678627449724,0.0
17571.0,50,5,1703.75,4,4,4,Tier 1 Alpha Asset,0,0.0,14.152538556041867,0.0
17570.0,382,1,100.0,2,2,1,Dormant Capital,1,1.0,0.0,0.0
17569.0,332,1,344.14,2,2,2,Dormant Capital,1,1.0,0.0,0.0
17568.0,633,1,382.79,1,2,2,Dormant Capital,1,1.0,0.0,0.0
17567.0,7,9,5356.03,5,5,5,Tier 1 Alpha Asset,0,0.0,140.4400464751527,0.0
17566.0,8,2,901.21,5,3,3,High-Yield Volatile,0,0.0,55.56560422351469,0.0
17565.0,587,1,131.83,1,2,1,Dormant Capital,1,1.0,0.0,0.0
17564.0,24,3,454.01,4,3,2,High-Yield Volatile,0,0.0,65.75584471364533,0.0
14080.0,33,5,1115.68,4,4,3,Tier 1 Alpha Asset,0,0.0,27.170076950993202,0.0
17600.0,18,1,161.67000000000002,5,2,1,Dormant Capital,0,0.0,0.0,0.0
17599.0,478,1,52.05,1,2,1,Dormant Capital,1,1.0,0.0,0.0
17598.0,381,1,409.98,2,2,2,Dormant Capital,1,1.0,0.0,0.0
17596.0,23,13,4920.67,4,5,5,Tier 1 Alpha Asset,0,0.0,49.10047542975702,0.0
17595.0,12,2,388.79,5,3,2,High-Yield Volatile,0,0.0,41.14733054788023,0.0
17594.0,85,4,2497.88,3,4,4,High-Yield Volatile,0,0.0,44.03622642534946,0.0
17593.0,4,11,8095.8,5,5,5,Tier 1 Alpha Asset,0,0.0,90.07231685684386,0.0
17592.0,739,1,148.3,1,2,1,Dormant Capital,1,1.0,0.0,0.0
17591.0,73,8,2776.67,3,5,4,High-Yield Volatile,0,0.0,36.241043822137875,0.0
17590.0,2,3,1479.22,5,3,4,High-Yield Volatile,0,0.0,79.81860114899911,0.0
17589.0,60,18,14049.87,3,5,5,High-Yield Volatile,0,0.0,88.7145694137339,0.0
17587.0,628,1,181.66,1,2,1,Dormant Capital,1,1.0,0.0,0.0
17586.0,619,1,167.4,1,2,1,Dormant Capital,1,1.0,0.0,0.0
17584.0,7,6,5309.42,5,4,5,Tier 1 Alpha Asset,0,0.0,108.87167567182665,0.0
17583.0,560,1,135.95,1,2,1,Dormant Capital,1,1.0,0.0,0.0
17581.0,1,43,18757.75,5,5,5,Tier 1 Alpha Asset,0,0.0,400.08397527320005,0.0
12558.0,8,1,269.96,5,1,1,Dormant Capital,0,0.0,0.0,0.0
17620.0,60,1,81.44,3,2,1,Dormant Capital,0,0.0,0.0,0.0
17619.0,312,1,218.52,2,2,1,Dormant Capital,1,1.0,0.0,0.0
17618.0,6,11,4073.24,5,5,5,Tier 1 Alpha Asset,0,0.0,53.44813552437254,0.0
17617.0,559,1,395.33,1,2,2,Dormant Capital,1,1.0,0.0,0.0
17614.0,57,1,390.07,4,2,2,Dormant Capital,0,0.0,0.0,0.0
17613.0,23,14,4559.150000000001,4,5,5,Tier 1 Alpha Asset,0,0.0,185.55834029075947,0.0
17612.0,53,18,5394.86,4,5,5,Tier 1 Alpha Asset,0,0.0,120.46578040806772,0.0
17611.0,7,28,8371.98,5,5,5,Tier 1 Alpha Asset,0,0.0,88.33975840686288,0.0
14077.0,41,6,615.08,4,4,2,Tier 1 Alpha Asset,0,0.0,47.36653027810863,0.0
14076.0,129,1,122.47,3,1,1,Dormant Capital,1,1.0,0.0,0.0
17607.0,376,1,333.81,2,2,2,Dormant Capital,1,1.0,0.0,0.0
17606.0,737,1,87.30000000000001,1,2,1,Dormant Capital,1,1.0,0.0,0.0
17605.0,590,1,160.75,1,2,1,Dormant Capital,1,1.0,0.0,0.0
17603.0,78,4,1793.48,3,4,4,High-Yield Volatile,0,0.0,26.456765064870414,0.0
17602.0,2,14,7451.13,5,5,5,Tier 1 Alpha Asset,0,0.0,55.894601726958854,0.0
17624.0,15,4,1568.63,5,4,4,Tier 1 Alpha Asset,0,0.0,26.149983920137913,0.0
17623.0,33,7,2383.67,4,4,4,Tier 1 Alpha Asset,0,0.0,35.53729534348638,0.0
17621.0,21,6,3175.12,4,4,5,Tier 1 Alpha Asset,0,0.0,184.50772739062805,0.0
12572.0,9,2,1020.42,5,2,3,Dormant Capital,0,0.0,90.89566658495629,0.0
12571.0,40,2,519.61,4,2,2,Dormant Capital,0,0.0,48.23486064293984,0.0
12570.0,682,1,77.52,1,1,1,Dormant Capital,1,0.99,0.0,0.0
12569.0,2,32,4124.6900000000005,5,5,5,Tier 1 Alpha Asset,0,0.0,761.0417296189075,0.0
12568.0,645,1,70.0,1,1,1,Dormant Capital,1,1.0,0.0,0.0
12567.0,23,15,13709.86,4,5,5,Tier 1 Alpha Asset,0,0.0,146.28670989698935,0.0
12566.0,86,1,351.65,3,1,2,Dormant Capital,0,0.0,0.0,0.0
12565.0,289,1,145.92000000000002,2,1,1,Dormant Capital,1,1.0,0.0,0.0
12564.0,261,1,456.9,2,1,2,Dormant Capital,1,1.0,0.0,0.0
12563.0,409,1,249.24,2,1,1,Dormant Capital,1,1.0,0.0,0.0
12562.0,8,9,4966.92,5,5,5,Tier 1 Alpha Asset,0,0.0,142.30430954124074,0.0
12561.0,303,1,238.85,2,1,1,Dormant Capital,1,1.0,0.0,0.0
12560.0,5,3,2134.01,5,3,4,High-Yield Volatile,0,0.0,92.16400455355611,0.0
17651.0,12,16,5703.52,5,5,5,Tier 1 Alpha Asset,0,0.0,155.69244650413378,0.0
17650.0,21,1,166.07999999999998,4,2,1,Dormant Capital,0,0.0,0.0,0.0
17648.0,61,5,2216.37,3,4,4,High-Yield Volatile,0,0.0,62.6532326588641,0.0
14075.0,5,6,1734.87,5,4,4,Tier 1 Alpha Asset,0,0.0,68.508031569064,0.0
17644.0,1,20,6028.6,5,5,5,Tier 1 Alpha Asset,0,0.0,170.3957832336894,0.0
17640.0,87,6,3168.94,3,4,5,High-Yield Volatile,0,0.0,130.04584025033742,0.0
17637.0,31,2,547.0600000000001,4,3,2,High-Yield Volatile,0,0.0,51.76157385877066,0.0
17636.0,19,1,285.56,5,2,1,Dormant Capital,0,0.0,0.0,0.0
17634.0,36,9,2361.9700000000003,4,5,4,Tier 1 Alpha Asset,0,0.0,60.15212232283716,0.0
17633.0,31,7,2057.39,4,4,4,Tier 1 Alpha Asset,0,0.0,102.26463359428375,0.0
17631.0,2,7,998.49,5,4,3,Tier 1 Alpha Asset,0,0.0,41.87946055084538,0.0
17629.0,6,10,2455.52,5,5,4,Tier 1 Alpha Asset,0,0.0,108.07071217964632,0.0
17628.0,81,1,75.75,3,2,1,Dormant Capital,0,0.0,0.0,0.0
17627.0,479,1,296.36,1,2,2,Dormant Capital,1,1.0,0.0,0.0
17626.0,603,1,254.0,1,2,1,Dormant Capital,1,1.0,0.0,0.0
17625.0,18,8,6067.8,5,5,5,Tier 1 Alpha Asset,0,0.0,29.41359199589046,0.0
17670.0,228,1,205.7,2,2,1,Dormant Capital,1,1.0,0.0,0.0
17669.0,43,10,6142.35,4,5,5,Tier 1 Alpha Asset,0,0.0,203.47843780903594,0.0
17668.0,1,2,347.75,5,3,2,High-Yield Volatile,0,0.0,138.59322988122503,0.0
17667.0,66,9,3950.7,3,5,5,High-Yield Volatile,0,0.0,70.11441020604495,0.0
17666.0,4,5,2047.8,5,4,4,Tier 1 Alpha Asset,0,0.0,122.86436421670693,0.0
17665.0,493,1,563.1,1,2,2,Dormant Capital,1,1.0,0.0,0.0
17664.0,19,4,1166.23,5,4,3,Tier 1 Alpha Asset,0,0.0,27.217984862765828,0.0
17663.0,26,17,5175.83,4,5,5,Tier 1 Alpha Asset,0,0.0,173.34244169377212,0.0
17659.0,17,14,3834.79,5,5,5,Tier 1 Alpha Asset,0,0.0,195.48598526374533,0.0
17658.0,26,2,595.42,4,3,2,High-Yield Volatile,0,0.0,61.73411578024554,0.0
17657.0,430,1,126.0,1,2,1,Dormant Capital,1,1.0,0.0,0.0
17656.0,73,5,1674.69,3,4,4,High-Yield Volatile,0,0.0,146.5168788677435,0.0
17655.0,11,9,3652.48,5,5,5,Tier 1 Alpha Asset,0,0.0,186.60822848865666,0.0
17654.0,277,1,117.55,2,2,1,Dormant Capital,1,1.0,0.0,0.0
17653.0,37,4,1207.56,4,4,3,Tier 1 Alpha Asset,0,0.0,185.46791761467833,0.0
17652.0,25,12,4867.72,4,5,5,Tier 1 Alpha Asset,0,0.0,217.81198975762698,0.0
17688.0,394,1,304.2,2,2,2,Dormant Capital,1,1.0,0.0,0.0
17687.0,421,1,432.68,1,2,2,Dormant Capital,1,1.0,0.0,0.0
17686.0,7,9,8296.81,5,5,5,Tier 1 Alpha Asset,0,0.0,95.85893660151059,0.0
17685.0,17,12,5943.17,5,5,5,Tier 1 Alpha Asset,0,0.0,151.21636298352612,0.0
17684.0,44,1,239.41,4,2,1,Dormant Capital,0,0.0,0.0,0.0
17682.0,10,11,4456.78,5,5,5,Tier 1 Alpha Asset,0,0.0,96.5590004329706,0.0
14074.0,623,1,219.4,1,1,1,Dormant Capital,1,1.0,0.0,0.0
17680.0,24,3,497.4500000000001,4,3,2,High-Yield Volatile,0,0.0,38.911508695477636,0.0
17679.0,53,7,3577.61,4,4,5,Tier 1 Alpha Asset,0,0.0,122.98248599283474,0.0
17677.0,2,54,36692.91,5,5,5,Tier 1 Alpha Asset,0,0.0,1192.7488132770247,0.0
17676.0,4,10,2765.84,5,5,4,Tier 1 Alpha Asset,0,0.0,81.62101808820721,0.0
17675.0,1,70,38259.6,5,5,5,Tier 1 Alpha Asset,0,0.0,1013.6311135462765,0.0
17674.0,74,2,851.7,3,3,3,High-Yield Volatile,0,0.0,28.339815066384926,0.0
17673.0,2,13,4233.58,5,5,5,Tier 1 Alpha Asset,0,0.0,51.69728864732073,0.0
17672.0,50,7,5778.63,4,4,5,Tier 1 Alpha Asset,0,0.0,84.37431429988033,0.0
17671.0,16,5,2403.34,5,4,4,Tier 1 Alpha Asset,0,0.0,94.21464194725273,0.0
17693.0,137,1,200.47,3,2,1,Dormant Capital,1,1.0,0.0,0.0
17690.0,30,20,7448.1,4,5,5,Tier 1 Alpha Asset,0,0.0,175.94237936142497,0.0
12556.0,50,2,603.71,4,2,2,Dormant Capital,0,0.0,18.34352367391955,0.0
12555.0,682,1,129.23,1,1,1,Dormant Capital,1,1.0,0.0,0.0
12554.0,449,1,468.5,1,1,2,Dormant Capital,1,1.0,0.0,0.0
12553.0,8,12,4608.75,5,5,5,Tier 1 Alpha Asset,0,0.0,159.00727777714116,0.0
12552.0,39,2,437.82,4,2,2,Dormant Capital,0,0.0,113.17617713423027,0.0
12551.0,358,1,168.0,2,1,1,Dormant Capital,1,1.0,0.0,0.0
12550.0,79,1,964.83,3,1,3,Dormant Capital,0,0.0,0.0,0.0
14073.0,32,1,151.04,4,1,1,Dormant Capital,0,0.0,0.0,0.0
12548.0,166,1,95.2,3,1,1,Dormant Capital,1,1.0,0.0,0.0
12546.0,47,2,1161.5,4,2,3,Dormant Capital,0,0.0,66.71786133858612,0.0
12545.0,75,2,1000.39,3,2,3,Dormant Capital,0,0.0,33.95229268642757,0.0
12544.0,36,1,372.7,4,1,2,Dormant Capital,0,0.0,0.0,0.0
12543.0,448,1,980.25,1,1,3,Dormant Capital,1,1.0,0.0,0.0
12541.0,30,3,981.18,4,3,3,High-Yield Volatile,0,0.0,50.305620818991436,0.0
17720.0,26,10,2768.91,4,5,4,Tier 1 Alpha Asset,0,0.0,106.47340231345487,0.0
17719.0,38,15,5396.04,4,5,5,Tier 1 Alpha Asset,0,0.0,303.49293918161516,0.0
17717.0,421,1,376.92,1,2,2,Dormant Capital,1,1.0,0.0,0.0
17716.0,23,24,15956.97,4,5,5,Tier 1 Alpha Asset,0,0.0,265.982706717793,0.0
17712.0,45,1,522.91,4,2,2,Dormant Capital,0,0.0,0.0,0.0
17711.0,11,2,385.1,5,3,2,High-Yield Volatile,0,0.0,27.848744898214466,0.0
17710.0,424,1,293.5,1,2,2,Dormant Capital,1,1.0,0.0,0.0
17706.0,4,31,20749.98,5,5,5,Tier 1 Alpha Asset,0,0.0,375.2315014080789,0.0
17705.0,3,11,2083.9,5,5,4,Tier 1 Alpha Asset,0,0.0,98.94203632005801,0.0
17703.0,35,4,1094.84,4,4,3,Tier 1 Alpha Asset,0,0.0,37.25487788988032,0.0
17702.0,30,6,3144.04,4,4,5,Tier 1 Alpha Asset,0,0.0,85.44237749457933,0.0
17701.0,253,1,417.95,2,2,2,Dormant Capital,1,1.0,0.0,0.0
17700.0,17,14,6679.97,5,5,5,Tier 1 Alpha Asset,0,0.0,107.5381121959087,0.0
17698.0,261,1,154.95,2,2,1,Dormant Capital,1,1.0,0.0,0.0
17697.0,236,1,338.95,2,2,2,Dormant Capital,1,1.0,0.0,0.0
17696.0,38,27,7679.59,4,5,5,Tier 1 Alpha Asset,0,0.0,239.16497482992946,0.0
17725.0,16,11,3439.08,5,5,5,Tier 1 Alpha Asset,0,0.0,199.1102874581703,0.0
17724.0,71,3,1033.0,3,3,3,High-Yield Volatile,0,0.0,108.55756929747736,0.0
17721.0,659,1,307.21000000000004,1,2,2,Dormant Capital,1,1.0,0.0,0.0
12540.0,20,33,22254.49,4,5,5,Tier 1 Alpha Asset,0,0.0,401.73029462932766,0.0
14072.0,667,1,390.85,1,1,2,Dormant Capital,1,1.0,0.0,0.0
14071.0,4,8,1438.82,5,4,4,Tier 1 Alpha Asset,0,0.0,38.65556172642118,0.0
12537.0,409,1,732.94,2,1,3,Dormant Capital,1,1.0,0.0,0.0
12536.0,43,3,12601.830000000002,4,3,5,High-Yield Volatile,0,0.0,331.4616355271159,0.0
12534.0,131,1,1089.18,3,1,3,Dormant Capital,1,1.0,0.0,0.0
12532.0,30,1,349.83000000000004,4,1,2,Dormant Capital,0,0.0,0.0,0.0
12531.0,15,2,1933.2,5,2,4,Dormant Capital,0,0.0,12.055173440503161,0.0
12530.0,60,9,3759.26,3,5,5,High-Yield Volatile,0,0.0,98.43650845129633,0.0
12529.0,528,1,316.48,1,1,2,Dormant Capital,1,1.0,0.0,0.0
12528.0,9,6,1933.48,5,4,4,Tier 1 Alpha Asset,0,0.0,108.65080231591085,0.0
12527.0,82,5,735.51,3,4,3,High-Yield Volatile,0,0.0,60.60939432431211,0.0
12526.0,1,3,1316.66,5,3,4,High-Yield Volatile,0,0.0,113.17294610466483,0.0
17747.0,113,1,71.4,3,2,1,Dormant Capital,1,0.99,0.0,0.0
17744.0,4,7,2649.14,5,4,4,Tier 1 Alpha Asset,0,0.0,90.6633123845922,0.0
17743.0,448,1,229.2,1,2,1,Dormant Capital,1,1.0,0.0,0.0
17739.0,12,18,7730.59,5,5,5,Tier 1 Alpha Asset,0,0.0,389.05297616703547,0.0
17738.0,19,13,4183.56,5,5,5,Tier 1 Alpha Asset,0,0.0,113.01471944189575,0.0
17737.0,9,2,168.24,5,3,1,High-Yield Volatile,0,0.0,85.23718853577238,0.0
17736.0,9,3,377.44,5,3,2,High-Yield Volatile,0,0.0,82.65122826729792,0.0
17735.0,2,26,17244.93,5,5,5,Tier 1 Alpha Asset,0,0.0,301.2117359665829,0.0
17734.0,54,6,1442.32,4,4,4,Tier 1 Alpha Asset,0,0.0,45.93395180605139,0.0
17201.0,54,4,1242.04,4,4,3,Tier 1 Alpha Asset,0,0.0,12.531285080481998,0.0
14070.0,685,1,326.55,1,1,2,Dormant Capital,1,1.0,0.0,0.0
17731.0,79,6,1708.99,3,4,4,High-Yield Volatile,0,0.0,45.25117996180344,0.0
17730.0,3,20,7773.8,5,5,5,Tier 1 Alpha Asset,0,0.0,253.64857513969042,0.0
17729.0,596,1,438.65,1,2,2,Dormant Capital,1,1.0,0.0,0.0
17728.0,4,5,4238.76,5,4,5,Tier 1 Alpha Asset,0,0.0,54.13232931625504,0.0
17727.0,15,1,1060.25,5,2,3,Dormant Capital,0,0.0,0.0,0.0
17769.0,13,17,7103.08,5,5,5,Tier 1 Alpha Asset,0,0.0,91.03772218235953,0.0
17768.0,8,7,3509.51,5,4,5,Tier 1 Alpha Asset,0,0.0,52.46765077518812,0.0
14067.0,64,2,374.7,3,2,2,Dormant Capital,0,0.0,29.231330269876548,0.0
17764.0,51,5,1623.64,4,4,4,Tier 1 Alpha Asset,0,0.0,20.987689368065944,0.0
17762.0,456,1,129.75,1,2,1,Dormant Capital,1,1.0,0.0,0.0
17761.0,33,1,712.78,4,2,3,Dormant Capital,0,0.0,0.0,0.0
17760.0,22,6,918.93,4,4,3,Tier 1 Alpha Asset,0,0.0,33.383641599998555,0.0
17759.0,17,5,1276.91,5,4,4,Tier 1 Alpha Asset,0,0.0,23.79531305742111,0.0
17758.0,19,12,5012.53,5,5,5,Tier 1 Alpha Asset,0,0.0,59.815119867544134,0.0
17757.0,1,56,9422.45,5,5,5,Tier 1 Alpha Asset,0,0.0,180.63629376852575,0.0
14066.0,267,1,152.55,2,1,1,Dormant Capital,1,1.0,0.0,0.0
17754.0,1,13,4577.53,5,5,5,Tier 1 Alpha Asset,0,0.0,109.43566280258622,0.0
17752.0,359,1,80.64,2,2,1,Dormant Capital,1,1.0,0.0,0.0
17751.0,421,1,157.86,1,2,1,Dormant Capital,1,1.0,0.0,0.0
17750.0,5,9,1797.57,5,5,4,Tier 1 Alpha Asset,0,0.0,126.87340828153253,0.0
17748.0,527,1,358.15,1,2,2,Dormant Capital,1,1.0,0.0,0.0
17772.0,11,3,384.77,5,3,2,High-Yield Volatile,0,0.0,9.825500741946472,0.0
13934.0,264,1,922.1,2,1,3,Dormant Capital,1,1.0,0.0,0.0
12524.0,9,17,11126.11,5,5,5,Tier 1 Alpha Asset,0,0.0,357.0665106794825,0.0
12523.0,19,23,4372.15,5,5,5,Tier 1 Alpha Asset,0,0.0,169.42494741451173,0.0
12522.0,39,2,192.72,4,2,1,Dormant Capital,0,0.0,80.15339930854716,0.0
12521.0,143,1,599.68,3,1,2,Dormant Capital,1,1.0,0.0,0.0
12520.0,79,5,2634.26,3,4,4,High-Yield Volatile,0,0.0,79.62666004409937,0.0
12519.0,64,2,726.54,3,2,3,Dormant Capital,0,0.0,19.099846757849612,0.0
12518.0,1,5,2056.89,5,4,4,Tier 1 Alpha Asset,0,0.0,159.99316860181997,0.0
12517.0,28,5,2502.84,4,4,4,Tier 1 Alpha Asset,0,0.0,58.610860069618646,0.0
12516.0,78,4,2648.62,3,3,4,High-Yield Volatile,0,0.0,65.39497135737675,0.0
12515.0,353,1,383.7,2,1,2,Dormant Capital,1,1.0,0.0,0.0
12513.0,113,1,612.29,3,1,2,Dormant Capital,1,1.0,0.0,0.0
12512.0,66,2,138.03,3,2,1,Dormant Capital,0,0.0,23.252452265915124,0.0
12511.0,429,1,3084.02,1,1,5,Dormant Capital,1,1.0,0.0,0.0
12509.0,284,1,176.5,2,1,1,Dormant Capital,1,1.0,0.0,0.0
17796.0,40,7,1361.99,4,4,4,Tier 1 Alpha Asset,0,0.0,30.039416337973798,0.0
13932.0,295,1,307.4,2,1,2,Dormant Capital,1,1.0,0.0,0.0
17793.0,25,1,323.04,4,2,2,Dormant Capital,0,0.0,0.0,0.0
13928.0,11,4,464.57,5,3,2,High-Yield Volatile,0,0.0,113.72977073480858,0.0
17791.0,30,1,106.1,4,2,1,Dormant Capital,0,0.0,0.0,0.0
17790.0,27,20,2783.61,4,5,4,Tier 1 Alpha Asset,0,0.0,101.70595716302456,0.0
17788.0,74,2,1117.9,3,3,3,High-Yield Volatile,0,0.0,527.6314413103864,0.0
17786.0,85,2,278.74,3,3,1,High-Yield Volatile,0,0.0,8.841611171008601,0.0
13927.0,75,2,708.26,3,2,3,Dormant Capital,0,0.0,19.657921182983404,0.0
17784.0,550,1,112.86,1,2,1,Dormant Capital,1,1.0,0.0,0.0
17783.0,72,3,379.91,3,3,2,High-Yield Volatile,0,0.0,8.327191823957914,0.0
13926.0,23,1,223.85,4,1,1,Dormant Capital,0,0.0,0.0,0.0
17779.0,21,3,658.57,4,3,3,High-Yield Volatile,0,0.0,39.92676370392394,0.0
17778.0,662,1,197.7,1,2,1,Dormant Capital,1,1.0,0.0,0.0
17777.0,25,3,665.86,4,3,3,High-Yield Volatile,0,0.0,26.6799159440224,0.0
17775.0,255,1,56.4,2,2,1,Dormant Capital,1,1.0,0.0,0.0
13924.0,2,6,1838.85,5,4,4,Tier 1 Alpha Asset,0,0.0,240.2516921678138,0.0
17815.0,393,1,591.96,2,2,2,Dormant Capital,1,1.0,0.0,0.0
17813.0,14,5,1770.88,5,4,4,Tier 1 Alpha Asset,0,0.0,66.74622515406,0.0
17812.0,13,7,1165.89,5,4,3,Tier 1 Alpha Asset,0,0.0,20.711021644460057,0.0
17811.0,4,47,9609.8,5,5,5,Tier 1 Alpha Asset,0,0.0,255.90700012625103,0.0
13923.0,54,1,351.13,4,1,2,Dormant Capital,0,0.0,0.0,0.0
17809.0,16,20,11337.39,5,5,5,Tier 1 Alpha Asset,0,0.0,839.3844398646025,0.0
13919.0,59,4,1360.68,4,3,4,High-Yield Volatile,0,0.0,36.58424171535217,0.0
17806.0,11,1,546.04,5,2,2,Dormant Capital,0,0.0,0.0,0.0
17805.0,74,2,927.03,3,3,3,High-Yield Volatile,0,0.0,62.63940939539168,0.0
17803.0,392,1,184.66,2,2,1,Dormant Capital,1,1.0,0.0,0.0
17802.0,82,10,5053.12,3,5,5,High-Yield Volatile,0,0.0,39.27355804786616,0.0
14094.0,440,1,335.22,1,1,2,Dormant Capital,1,1.0,0.0,0.0
17799.0,22,20,6341.89,4,5,5,Tier 1 Alpha Asset,0,0.0,58.87464054386587,0.0
17798.0,582,1,183.09,1,2,1,Dormant Capital,1,1.0,0.0,0.0
17797.0,22,8,1985.87,4,5,4,Tier 1 Alpha Asset,0,0.0,24.874312839638375,0.0
17819.0,72,12,6612.52,3,5,5,High-Yield Volatile,0,0.0,322.1801524730149,0.0
17818.0,738,1,130.18,1,2,1,Dormant Capital,1,1.0,0.0,0.0
12508.0,26,2,398.27,4,2,2,Dormant Capital,0,0.0,48.587176603541764,0.0
12506.0,233,1,73.5,2,1,1,Dormant Capital,1,1.0,0.0,0.0
12505.0,409,1,955.2,2,1,3,Dormant Capital,1,1.0,0.0,0.0
12504.0,18,4,779.05,5,3,3,High-Yield Volatile,0,0.0,72.01175915476321,0.0
12503.0,584,1,1126.0,1,1,3,Dormant Capital,1,1.0,0.0,0.0
12501.0,337,1,2169.39,2,1,4,Dormant Capital,1,1.0,0.0,0.0
12500.0,23,19,5955.21,4,5,5,Tier 1 Alpha Asset,0,0.0,349.58938541672563,0.0
12499.0,560,1,393.72,1,1,2,Dormant Capital,1,1.0,0.0,0.0
14093.0,12,1,442.85,5,1,2,Dormant Capital,0,0.0,0.0,0.0
12497.0,82,3,6248.5,3,3,5,High-Yield Volatile,0,0.0,130.91955875866836,0.0
14092.0,8,24,7229.45,5,5,5,Tier 1 Alpha Asset,0,0.0,198.4586795392103,0.0
12495.0,641,1,357.4,1,1,2,Dormant Capital,1,1.0,0.0,0.0
12494.0,16,9,1872.87,5,5,4,Tier 1 Alpha Asset,0,0.0,78.22992670536662,0.0
17817.0,4,6,807.85,5,4,3,Tier 1 Alpha Asset,0,0.0,25.213146101952404,0.0
17839.0,42,1,338.8,4,2,2,Dormant Capital,0,0.0,0.0,0.0
17838.0,27,13,6722.900000000001,4,5,5,Tier 1 Alpha Asset,0,0.0,135.1308639493848,0.0
17837.0,42,8,1593.38,4,5,4,Tier 1 Alpha Asset,0,0.0,109.76209864456484,0.0
17836.0,47,1,110.21,4,2,1,Dormant Capital,0,0.0,0.0,0.0
17835.0,3,3,350.64,5,3,2,High-Yield Volatile,0,0.0,80.49195531422966,0.0
17833.0,723,1,342.36,1,2,2,Dormant Capital,1,1.0,0.0,0.0
17832.0,50,1,155.37,4,2,1,Dormant Capital,0,0.0,0.0,0.0
17831.0,33,1,35.400000000000006,4,2,1,Dormant Capital,0,0.02,0.0,0.0
17830.0,2,3,398.7,5,3,2,High-Yield Volatile,0,0.0,45.90982720662134,0.0
17828.0,23,4,1820.09,4,4,4,Tier 1 Alpha Asset,0,0.0,136.7430234298732,0.0
17827.0,5,6,2388.05,5,4,4,Tier 1 Alpha Asset,0,0.0,24.447545127539243,0.0
17826.0,374,1,134.59,2,2,1,Dormant Capital,1,1.0,0.0,0.0
17824.0,51,1,298.4,4,2,2,Dormant Capital,0,0.0,0.0,0.0
14090.0,325,1,76.32000000000001,2,1,1,Dormant Capital,1,1.0,0.0,0.0
17821.0,406,1,334.62,2,2,2,Dormant Capital,1,1.0,0.0,0.0
17820.0,374,1,183.56,2,2,1,Dormant Capital,1,1.0,0.0,0.0
17863.0,59,12,5745.2,4,5,5,Tier 1 Alpha Asset,0,0.0,114.25409746413659,0.0
17861.0,3,18,5127.69,5,5,5,Tier 1 Alpha Asset,0,0.0,69.20626700399205,0.0
17859.0,305,1,148.21,2,2,1,Dormant Capital,1,1.0,0.0,0.0
17858.0,6,30,12797.65,5,5,5,Tier 1 Alpha Asset,0,0.0,409.652722906225,0.0
17857.0,4,24,28682.24,5,5,5,Tier 1 Alpha Asset,0,0.0,5425.916387808615,0.0
17856.0,2,4,1418.03,5,4,4,Tier 1 Alpha Asset,0,0.0,332.76707962151005,0.0
17855.0,373,1,417.94,2,2,2,Dormant Capital,1,1.0,0.0,0.0
17852.0,12,5,663.21,5,4,3,Tier 1 Alpha Asset,0,0.0,13.174370227812002,0.0
14089.0,57,1,161.0,4,1,1,Dormant Capital,0,0.0,0.0,0.0
17848.0,81,30,3650.9,3,5,5,High-Yield Volatile,0,0.0,260.88074405327285,0.0
17846.0,85,1,2033.1,3,2,4,Dormant Capital,0,0.0,0.0,0.0
14088.0,10,16,64036.8,5,5,5,Tier 1 Alpha Asset,0,0.0,1029.4713821603752,0.0
17844.0,107,1,51.56,3,2,1,Dormant Capital,1,1.0,0.0,0.0
17842.0,602,1,430.69,1,2,2,Dormant Capital,1,1.0,0.0,0.0
17841.0,2,211,70884.07,5,5,5,Tier 1 Alpha Asset,0,0.0,493.2944388045497,0.0
17840.0,444,1,185.72,1,2,1,Dormant Capital,1,1.0,0.0,0.0
12490.0,5,21,9823.64,5,5,5,Tier 1 Alpha Asset,0,0.0,186.48352411171587,0.0
12489.0,336,1,334.93,2,1,2,Dormant Capital,1,1.0,0.0,0.0
12488.0,10,3,1298.66,5,3,4,High-Yield Volatile,0,0.0,159.92437606055776,0.0
12487.0,731,1,285.3,1,1,1,Dormant Capital,1,1.0,0.0,0.0
12486.0,432,1,1037.28,1,1,3,Dormant Capital,1,1.0,0.0,0.0
12485.0,529,1,708.1,1,1,3,Dormant Capital,1,1.0,0.0,0.0
12484.0,33,12,6370.15,4,5,5,Tier 1 Alpha Asset,0,0.0,71.8412666986626,0.0
12483.0,17,19,5120.58,5,5,5,Tier 1 Alpha Asset,0,0.0,314.472004254063,0.0
14087.0,3,3,846.22,5,3,3,High-Yield Volatile,0,0.0,5.772946842989257,0.0
12481.0,23,15,12361.39,4,5,5,Tier 1 Alpha Asset,0,0.0,234.16168094301423,0.0
12480.0,28,7,5464.85,4,4,5,Tier 1 Alpha Asset,0,0.0,89.62619014892584,0.0
12479.0,11,1,527.2,5,1,2,Dormant Capital,0,0.0,0.0,0.0
12478.0,4,1,680.99,5,1,3,Dormant Capital,0,0.0,0.0,0.0
12477.0,23,9,20276.37,4,5,5,Tier 1 Alpha Asset,0,0.0,153.0905191386846,0.0
17865.0,31,46,26374.39,4,5,5,Tier 1 Alpha Asset,0,0.0,497.5161468953877,0.0
17864.0,13,5,924.32,5,4,3,Tier 1 Alpha Asset,0,0.0,22.45966547050336,0.0
17885.0,12,1,190.19,5,2,1,Dormant Capital,0,0.0,0.0,0.0
14118.0,429,1,458.45,1,1,2,Dormant Capital,1,1.0,0.0,0.0
17883.0,3,7,995.85,5,4,3,Tier 1 Alpha Asset,0,0.0,19.195296167437984,0.0
14117.0,144,1,90.0,3,1,1,Dormant Capital,1,1.0,0.0,0.0
17881.0,304,1,133.35,2,2,1,Dormant Capital,1,1.0,0.0,0.0
17879.0,174,1,178.52,3,2,1,Dormant Capital,1,1.0,0.0,0.0
17878.0,44,3,1412.33,4,3,4,High-Yield Volatile,0,0.0,33.42468537730108,0.0
17877.0,170,1,237.61,3,2,1,Dormant Capital,1,1.0,0.0,0.0
17875.0,688,1,167.1,1,2,1,Dormant Capital,1,1.0,0.0,0.0
17873.0,80,18,6515.88,3,5,5,High-Yield Volatile,0,0.0,271.0770406832836,0.0
17872.0,382,1,235.87,2,2,1,Dormant Capital,1,1.0,0.0,0.0
17870.0,2,13,3108.15,5,5,5,Tier 1 Alpha Asset,0,0.0,108.66955815896992,0.0
17868.0,386,1,234.65,2,2,1,Dormant Capital,1,1.0,0.0,0.0
14116.0,20,5,1382.74,4,4,4,Tier 1 Alpha Asset,0,0.0,169.05837955927493,0.0
12492.0,63,3,715.21,3,3,3,High-Yield Volatile,0,0.0,33.38340676359813,0.0
12491.0,39,1,460.4,4,1,2,Dormant Capital,0,0.0,0.0,0.0
17905.0,71,13,2383.52,3,5,4,High-Yield Volatile,0,0.0,80.2055659339087,0.0
17904.0,21,1,191.67,4,2,1,Dormant Capital,0,0.0,0.0,0.0
17903.0,394,1,381.09,2,2,2,Dormant Capital,1,1.0,0.0,0.0
17902.0,547,1,216.4,1,2,1,Dormant Capital,1,1.0,0.0,0.0
17901.0,29,3,260.08,4,3,1,High-Yield Volatile,0,0.0,19.35250357278062,0.0
17899.0,159,1,155.8,3,2,1,Dormant Capital,1,1.0,0.0,0.0
14113.0,4,16,7092.610000000001,5,5,5,Tier 1 Alpha Asset,0,0.0,387.0251940254234,0.0
17896.0,23,1,256.32,4,2,1,Dormant Capital,0,0.0,0.0,0.0
17895.0,44,1,98.0,4,2,1,Dormant Capital,0,0.0,0.0,0.0
14112.0,23,13,5834.59,4,5,5,Tier 1 Alpha Asset,0,0.0,107.58920374029962,0.0
17893.0,225,1,112.25,2,2,1,Dormant Capital,1,1.0,0.0,0.0
14111.0,14,4,692.85,5,3,3,High-Yield Volatile,0,0.0,276.7082843391149,0.0
17891.0,162,1,203.86,3,2,1,Dormant Capital,1,1.0,0.0,0.0
14110.0,4,33,12987.95,5,5,5,Tier 1 Alpha Asset,0,0.0,449.9355034378267,0.0
17887.0,129,1,111.35,3,2,1,Dormant Capital,1,1.0,0.0,0.0
17886.0,32,6,1608.38,4,4,4,Tier 1 Alpha Asset,0,0.0,28.12247401345648,0.0
17922.0,543,1,170.4,1,2,1,Dormant Capital,1,1.0,0.0,0.0
14109.0,73,1,144.2,3,1,1,Dormant Capital,0,0.0,0.0,0.0
17920.0,4,54,24516.46,5,5,5,Tier 1 Alpha Asset,0,0.0,311.6909605329818,0.0
17919.0,88,2,1840.32,3,3,4,High-Yield Volatile,0,0.0,46.694751473316586,0.0
14108.0,31,4,1044.96,4,3,3,High-Yield Volatile,0,0.0,31.313295212081783,0.0
17917.0,45,3,341.28,4,3,2,High-Yield Volatile,0,0.0,10.350800618593459,0.0
14107.0,52,11,4877.3,4,5,5,Tier 1 Alpha Asset,0,0.0,93.9326645467732,0.0
17915.0,551,1,242.13,1,2,1,Dormant Capital,1,1.0,0.0,0.0
17914.0,4,1,336.43,5,2,2,Dormant Capital,0,0.0,0.0,0.0
17913.0,59,14,3479.64,4,5,5,Tier 1 Alpha Asset,0,0.0,43.057371916242914,0.0
14106.0,737,1,214.8,1,1,1,Dormant Capital,1,1.0,0.0,0.0
17911.0,9,1,366.23,5,2,2,Dormant Capital,0,0.0,0.0,0.0
17910.0,726,1,261.7,1,2,1,Dormant Capital,1,1.0,0.0,0.0
17909.0,737,1,132.55,1,2,1,Dormant Capital,1,1.0,0.0,0.0
17907.0,641,1,291.76,1,2,2,Dormant Capital,1,1.0,0.0,0.0
17906.0,247,1,72.9,2,2,1,Dormant Capital,1,1.0,0.0,0.0
17944.0,423,1,75.41,1,2,1,Dormant Capital,1,1.0,0.0,0.0
17942.0,8,1,77.50000000000001,5,2,1,Dormant Capital,0,0.01,0.0,0.0
17940.0,49,16,30393.19,4,5,5,Tier 1 Alpha Asset,0,0.0,5524.054874187466,0.0
17939.0,160,1,99.14,3,2,1,Dormant Capital,1,1.0,0.0,0.0
17938.0,420,1,144.29,1,2,1,Dormant Capital,1,1.0,0.0,0.0
17937.0,9,7,4301.22,5,4,5,Tier 1 Alpha Asset,0,0.0,526.5141265152179,0.0
17936.0,5,1,389.84,5,2,2,Dormant Capital,0,0.0,0.0,0.0
17934.0,52,3,1049.15,4,3,3,High-Yield Volatile,0,0.0,48.45510558602288,0.0
17933.0,632,1,114.69,1,2,1,Dormant Capital,1,1.0,0.0,0.0
17932.0,29,3,1331.57,4,3,4,High-Yield Volatile,0,0.0,50.7576539080804,0.0
17930.0,36,13,4275.22,4,5,5,Tier 1 Alpha Asset,0,0.0,295.1600839060604,0.0
17929.0,11,12,3082.1,5,5,5,Tier 1 Alpha Asset,0,0.0,1013.1725864109083,0.0
17928.0,45,3,341.24,4,3,2,High-Yield Volatile,0,0.0,18.877966383804235,0.0
17927.0,722,1,294.0,1,2,2,Dormant Capital,1,1.0,0.0,0.0
17925.0,373,1,488.16,2,2,2,Dormant Capital,1,1.0,0.0,0.0
17924.0,12,8,3536.7000000000003,5,5,5,Tier 1 Alpha Asset,0,0.0,543.9461728875998,0.0
17948.0,147,1,358.56000000000006,3,2,2,Dormant Capital,1,1.0,0.0,0.0
17947.0,37,1,176.68,4,2,1,Dormant Capital,0,0.0,0.0,0.0
12476.0,16,23,14115.41,5,5,5,Tier 1 Alpha Asset,0,0.0,372.9153770099468,0.0
12475.0,54,2,1149.64,4,2,3,Dormant Capital,0,0.0,22.54702286430752,0.0
12474.0,17,31,12424.45,5,5,5,Tier 1 Alpha Asset,0,0.0,249.8077303670885,0.0
12473.0,29,5,3938.55,4,4,5,Tier 1 Alpha Asset,0,0.0,146.4114448430498,0.0
12472.0,32,19,17880.59,4,5,5,Tier 1 Alpha Asset,0,0.0,157.33097404330806,0.0
12471.0,2,79,39963.79,5,5,5,Tier 1 Alpha Asset,0,0.0,1179.897893711605,0.0
12470.0,690,1,211.95,1,1,1,Dormant Capital,1,1.0,0.0,0.0
12467.0,423,1,132.8,1,1,1,Dormant Capital,1,1.0,0.0,0.0
12466.0,682,1,56.73,1,1,1,Dormant Capital,1,1.0,0.0,0.0
12465.0,17,2,742.19,5,2,3,Dormant Capital,0,0.0,40.51539534091494,0.0
12464.0,10,8,1212.05,5,4,3,Tier 1 Alpha Asset,0,0.0,292.3198034727362,0.0
12463.0,53,4,1344.78,4,3,4,High-Yield Volatile,0,0.0,66.5835104367061,0.0
12462.0,19,2,1189.59,5,2,3,Dormant Capital,0,0.0,30.02180606449212,0.0
14102.0,5,5,1360.28,5,4,4,Tier 1 Alpha Asset,0,0.0,275.41220212439794,0.0
17972.0,242,1,136.04,2,2,1,Dormant Capital,1,1.0,0.0,0.0
17971.0,548,1,161.94,1,2,1,Dormant Capital,1,1.0,0.0,0.0
17970.0,211,1,582.59,2,2,2,Dormant Capital,1,1.0,0.0,0.0
14100.0,138,1,194.9,3,1,1,Dormant Capital,1,1.0,0.0,0.0
17966.0,38,10,1974.42,4,5,4,Tier 1 Alpha Asset,0,0.0,75.5920032419205,0.0
17965.0,38,29,7240.98,4,5,5,Tier 1 Alpha Asset,0,0.0,104.84918084375518,0.0
17964.0,32,2,733.46,4,3,3,High-Yield Volatile,0,0.0,9.54450409758858,0.0
17961.0,21,100,2995.54,4,5,5,Tier 1 Alpha Asset,0,0.0,191.36686087712798,0.0
17959.0,592,1,140.75,1,2,1,Dormant Capital,1,1.0,0.0,0.0
17957.0,66,1,111.68,3,2,1,Dormant Capital,0,0.0,0.0,0.0
17956.0,249,1,12.75,2,2,1,Dormant Capital,1,0.99,0.0,0.0
17954.0,5,19,3966.05,5,5,5,Tier 1 Alpha Asset,0,0.0,42.25186803456245,0.0
17953.0,540,1,160.82,1,2,1,Dormant Capital,1,1.0,0.0,0.0
17951.0,40,4,1636.0800000000002,4,4,4,Tier 1 Alpha Asset,0,0.0,128.431774472848,0.0
17950.0,72,7,1432.81,3,4,4,High-Yield Volatile,0,0.0,21.401426443403714,0.0
17949.0,1,118,118628.08,5,5,5,Tier 1 Alpha Asset,0,0.0,37684.93126425534,0.0
12445.0,22,2,434.98,4,2,2,Dormant Capital,0,0.0,21.561478002617307,0.0
17993.0,617,1,235.19,1,2,1,Dormant Capital,1,1.0,0.0,0.0
17992.0,389,1,254.13,2,2,1,Dormant Capital,1,1.0,0.0,0.0
17989.0,379,1,228.83,2,2,1,Dormant Capital,1,1.0,0.0,0.0
14099.0,16,20,5765.71,5,5,5,Tier 1 Alpha Asset,0,0.0,93.15112838602548,0.0
17986.0,56,1,20.8,4,2,1,Dormant Capital,0,0.0,0.0,0.0
17985.0,22,1,634.95,4,2,3,Dormant Capital,0,0.0,0.0,0.0
17983.0,395,1,171.71,2,2,1,Dormant Capital,1,1.0,0.0,0.0
17982.0,681,1,138.18,1,2,1,Dormant Capital,1,1.0,0.0,0.0
17981.0,411,1,239.12,1,2,1,Dormant Capital,1,1.0,0.0,0.0
17979.0,36,4,757.71,4,4,3,Tier 1 Alpha Asset,0,0.0,23.07293907783856,0.0
17977.0,29,2,1565.63,4,3,4,High-Yield Volatile,0,0.0,18.670894959713266,0.0
17976.0,372,1,706.38,2,2,3,Dormant Capital,1,1.0,0.0,0.0
17975.0,15,24,7028.83,5,5,5,Tier 1 Alpha Asset,0,0.0,214.00060161688683,0.0
17974.0,25,6,1858.06,4,4,4,Tier 1 Alpha Asset,0,0.0,20.9656146764705,0.0
17973.0,52,1,337.04,4,2,2,Dormant Capital,0,0.0,0.0,0.0
17999.0,37,3,730.9,4,3,3,High-Yield Volatile,0,0.0,11.024213751901309,0.0
17997.0,74,8,1970.67,3,5,4,High-Yield Volatile,0,0.0,113.05624763876972,0.0
12460.0,456,1,326.65,1,1,2,Dormant Capital,1,1.0,0.0,0.0
12459.0,605,1,454.36,1,1,2,Dormant Capital,1,1.0,0.0,0.0
14098.0,37,1,147.35,4,1,1,Dormant Capital,0,0.0,0.0,0.0
12457.0,66,8,2995.91,3,4,5,High-Yield Volatile,0,0.0,182.43199223577193,0.0
12456.0,44,3,3181.04,4,3,5,High-Yield Volatile,0,0.0,71.39671353119456,0.0
12455.0,73,10,5879.95,3,5,5,High-Yield Volatile,0,0.0,106.90236351856603,0.0
12454.0,56,5,16679.78,4,4,5,Tier 1 Alpha Asset,0,0.0,1309.395948648344,0.0
12453.0,134,1,707.09,3,1,3,Dormant Capital,1,0.99,0.0,0.0
12452.0,17,2,430.5700000000001,5,2,2,Dormant Capital,0,0.0,149.009140757326,0.0
14095.0,723,1,2.95,1,1,1,Dormant Capital,1,1.0,0.0,0.0
12449.0,22,6,4835.89,4,4,5,Tier 1 Alpha Asset,0,0.0,92.17025100405979,0.0
12448.0,44,1,449.45,4,1,2,Dormant Capital,0,0.0,0.0,0.0
12447.0,243,1,476.49,2,1,2,Dormant Capital,1,1.0,0.0,0.0
12446.0,58,1,1002.31,4,1,3,Dormant Capital,0,0.0,0.0,0.0
18020.0,544,1,190.48,1,2,1,Dormant Capital,1,1.0,0.0,0.0
18019.0,52,1,38.45,4,2,1,Dormant Capital,0,0.01,0.0,0.0
18017.0,81,4,688.0,3,4,3,High-Yield Volatile,0,0.0,409.1735391438651,0.0
18016.0,32,7,1960.46,4,4,4,Tier 1 Alpha Asset,0,0.0,35.78039617741514,0.0
18015.0,4,1,120.03,5,2,1,Dormant Capital,0,0.0,0.0,0.0
18014.0,28,1,166.42,4,2,1,Dormant Capital,0,0.0,0.0,0.0
18012.0,723,1,115.3,1,2,1,Dormant Capital,1,1.0,0.0,0.0
18010.0,257,1,174.8,2,2,1,Dormant Capital,1,1.0,0.0,0.0
18008.0,70,23,19787.13,3,5,5,High-Yield Volatile,0,0.0,1893.030769659167,0.0
18007.0,393,1,220.32,2,2,1,Dormant Capital,1,1.0,0.0,0.0
18006.0,23,4,997.86,4,4,3,Tier 1 Alpha Asset,0,0.0,24.78765812557792,0.0
18005.0,4,2,249.72,5,3,1,High-Yield Volatile,0,0.0,35.23539106590555,0.0
18004.0,362,1,169.47,2,2,1,Dormant Capital,1,1.0,0.0,0.0
18003.0,376,1,358.61,2,2,2,Dormant Capital,1,1.0,0.0,0.0
18001.0,12,6,953.84,5,4,3,Tier 1 Alpha Asset,0,0.0,17.441242657743032,0.0
18000.0,564,1,124.25,1,2,1,Dormant Capital,1,1.0,0.0,0.0
18042.0,54,2,281.15,4,3,1,High-Yield Volatile,0,0.0,16.653865965361323,0.0
18041.0,12,38,8752.38,5,5,5,Tier 1 Alpha Asset,0,0.0,154.74059135345692,0.0
18040.0,19,2,357.20000000000005,5,3,2,High-Yield Volatile,0,0.0,34.98780977369756,0.0
18038.0,556,1,149.41,1,2,1,Dormant Capital,1,1.0,0.0,0.0
18036.0,32,11,1563.64,4,5,4,Tier 1 Alpha Asset,0,0.0,22.837254981430565,0.0
18035.0,36,5,1276.74,4,4,4,Tier 1 Alpha Asset,0,0.0,74.11852618598856,0.0
18034.0,22,3,793.7,4,3,3,High-Yield Volatile,0,0.0,9.917465535077731,0.0
18033.0,65,1,97.97,3,2,1,Dormant Capital,0,0.0,0.0,0.0
18032.0,334,1,73.5,2,2,1,Dormant Capital,1,1.0,0.0,0.0
18031.0,379,1,462.1,2,2,2,Dormant Capital,1,1.0,0.0,0.0
18030.0,4,2,230.65,5,3,1,High-Yield Volatile,0,0.0,144.46732192455073,0.0
18029.0,642,1,433.77,1,2,2,Dormant Capital,1,1.0,0.0,0.0
18028.0,583,1,192.05,1,2,1,Dormant Capital,1,1.0,0.0,0.0
18027.0,99,1,115.31,3,2,1,Dormant Capital,1,1.0,0.0,0.0
18022.0,36,5,1651.79,4,4,4,Tier 1 Alpha Asset,0,0.0,10.378869297410871,0.0
14143.0,134,1,115.8,3,1,1,Dormant Capital,1,1.0,0.0,0.0
12444.0,21,5,5005.46,4,4,5,Tier 1 Alpha Asset,0,0.0,193.78525991755058,0.0
12443.0,732,1,485.31,1,1,2,Dormant Capital,1,1.0,0.0,0.0
12442.0,3,1,172.06,5,1,1,Dormant Capital,0,0.0,0.0,0.0
12441.0,367,1,347.1,2,1,2,Dormant Capital,1,1.0,0.0,0.0
14141.0,3,4,915.13,5,3,3,High-Yield Volatile,0,0.0,176.1384503989359,0.0
14140.0,4,2,935.05,5,2,3,Dormant Capital,0,0.0,97.31669199714757,0.0
12437.0,2,39,12683.4,5,5,5,Tier 1 Alpha Asset,0,0.0,370.1085158528949,0.0
12436.0,100,1,509.01,3,1,2,Dormant Capital,1,1.0,0.0,0.0
12435.0,80,6,13925.93,3,4,5,High-Yield Volatile,0,0.0,289.1456862100938,0.0
12434.0,85,3,1103.43,3,3,3,High-Yield Volatile,0,0.0,32.333109433349584,0.0
12433.0,1,10,20581.26,5,5,5,Tier 1 Alpha Asset,0,0.0,177.4116063330366,0.0
12432.0,43,5,5059.32,4,4,5,Tier 1 Alpha Asset,0,0.0,308.50838622035747,0.0
12431.0,36,27,10857.97,4,5,5,Tier 1 Alpha Asset,0,0.0,318.70232614224966,0.0
12430.0,43,1,256.4,4,1,1,Dormant Capital,0,0.0,0.0,0.0
12429.0,9,8,7485.91,5,4,5,Tier 1 Alpha Asset,0,0.0,183.5729312597146,0.0
18043.0,25,3,875.97,4,3,3,High-Yield Volatile,0,0.0,12.39189040186448,0.0
18068.0,289,1,101.7,2,2,1,Dormant Capital,1,1.0,0.0,0.0
18067.0,40,1,396.33,4,2,2,Dormant Capital,0,0.0,0.0,0.0
18066.0,75,3,1440.4,3,3,4,High-Yield Volatile,0,0.0,49.91907257746043,0.0
18065.0,6,29,5866.63,5,5,5,Tier 1 Alpha Asset,0,0.0,232.67527080822472,0.0
18061.0,22,28,6488.97,4,5,5,Tier 1 Alpha Asset,0,0.0,593.1481954329338,0.0
14139.0,46,4,1086.8,4,3,3,High-Yield Volatile,0,0.0,32.8245800354552,0.0
18058.0,10,3,774.06,5,3,3,High-Yield Volatile,0,0.0,57.714143123948276,0.0
18055.0,7,14,11195.57,5,5,5,Tier 1 Alpha Asset,0,0.0,188.34464371335886,0.0
18054.0,393,1,176.5,2,2,1,Dormant Capital,1,1.0,0.0,0.0
18053.0,71,3,571.07,3,3,2,High-Yield Volatile,0,0.0,27.465807724076328,0.0
18052.0,565,1,10877.18,1,2,5,Dormant Capital,1,1.0,0.0,0.0
14138.0,2,2,982.38,5,2,3,Dormant Capital,0,0.0,98.28582643143618,0.0
14137.0,696,1,332.7,1,1,2,Dormant Capital,1,1.0,0.0,0.0
18046.0,650,1,189.63,1,2,1,Dormant Capital,1,1.0,0.0,0.0
18045.0,45,1,189.4,4,2,1,Dormant Capital,0,0.0,0.0,0.0
18044.0,4,18,3505.61,5,5,5,Tier 1 Alpha Asset,0,0.0,169.6651243289088,0.0
18077.0,8,18,4338.56,5,5,5,Tier 1 Alpha Asset,0,0.0,87.44857569614067,0.0
18076.0,380,1,151.49,2,2,1,Dormant Capital,1,1.0,0.0,0.0
12428.0,26,9,7956.46,4,5,5,Tier 1 Alpha Asset,0,0.0,229.72624746622705,0.0
12427.0,22,3,1129.3,4,3,3,High-Yield Volatile,0,0.0,56.63608095225881,0.0
12425.0,78,2,1741.41,3,2,4,Dormant Capital,0,0.0,20.9630392133312,0.0
12423.0,1,10,2622.39,5,5,4,Tier 1 Alpha Asset,0,0.0,99.77077450635969,0.0
12421.0,16,6,1098.6,5,4,3,Tier 1 Alpha Asset,0,0.0,57.87795282802549,0.0
12420.0,64,1,600.39,3,1,2,Dormant Capital,0,0.0,0.0,0.0
12417.0,3,20,6816.91,5,5,5,Tier 1 Alpha Asset,0,0.0,154.74972951778568,0.0
12416.0,657,1,202.56,1,1,1,Dormant Capital,1,1.0,0.0,0.0
12415.0,24,28,144458.37,4,5,5,Tier 1 Alpha Asset,0,0.0,2464.4638708771417,0.0
12413.0,67,4,999.45,3,3,3,High-Yield Volatile,0,0.0,52.18114365290272,0.0
18075.0,23,20,5783.29,4,5,5,Tier 1 Alpha Asset,0,0.0,213.13882667703254,0.0
18072.0,186,1,247.44,3,2,1,Dormant Capital,1,1.0,0.0,0.0
18070.0,669,1,314.1,1,2,2,Dormant Capital,1,1.0,0.0,0.0
18069.0,26,11,4540.56,4,5,5,Tier 1 Alpha Asset,0,0.0,24.40983348131285,0.0
18098.0,396,1,550.84,2,2,2,Dormant Capital,1,1.0,0.0,0.0
18097.0,8,11,4663.32,5,5,5,Tier 1 Alpha Asset,0,0.0,135.5898275358101,0.0
18096.0,12,6,1805.28,5,4,4,Tier 1 Alpha Asset,0,0.0,15.527434142311495,0.0
18094.0,82,13,6391.52,3,5,5,High-Yield Volatile,0,0.0,278.48168273055677,0.0
18092.0,2,18,16179.44,5,5,5,Tier 1 Alpha Asset,0,0.0,805.0801747248347,0.0
18091.0,593,1,360.85,1,2,2,Dormant Capital,1,1.0,0.0,0.0
18090.0,422,1,349.4,1,2,2,Dormant Capital,1,1.0,0.0,0.0
18089.0,447,1,428.45,1,2,2,Dormant Capital,1,1.0,0.0,0.0
18088.0,61,1,167.67000000000002,3,2,1,Dormant Capital,0,0.0,0.0,0.0
18086.0,274,1,101.34,2,2,1,Dormant Capital,1,1.0,0.0,0.0
18084.0,16,3,812.9300000000001,5,3,3,High-Yield Volatile,0,0.0,193.14595499397362,0.0
18083.0,398,1,470.73,2,2,2,Dormant Capital,1,1.0,0.0,0.0
18082.0,26,1,703.37,4,2,3,Dormant Capital,0,0.0,0.0,0.0
18081.0,36,3,343.45,4,3,2,High-Yield Volatile,0,0.0,93.55670094324063,0.0
18080.0,19,2,1231.5,5,3,3,High-Yield Volatile,0,0.0,991.6715235142962,0.0
18079.0,45,5,4242.75,4,4,5,Tier 1 Alpha Asset,0,0.0,85.35068363182421,0.0
18116.0,68,13,2154.3,3,5,4,High-Yield Volatile,0,0.0,35.06469948329398,0.0
18115.0,698,1,9.7,1,2,1,Dormant Capital,1,1.0,0.0,0.0
18114.0,290,1,220.1,2,2,1,Dormant Capital,1,1.0,0.0,0.0
18113.0,369,1,152.64,2,2,1,Dormant Capital,1,1.0,0.0,0.0
18112.0,12,4,775.96,5,4,3,Tier 1 Alpha Asset,0,0.0,25.904706203250374,0.0
18111.0,589,1,405.85,1,2,2,Dormant Capital,1,1.0,0.0,0.0
18110.0,20,2,435.43,4,3,2,High-Yield Volatile,0,0.0,8.700249463541391,0.0
18109.0,2,38,9893.96,5,5,5,Tier 1 Alpha Asset,0,0.0,321.0755071431882,0.0
18107.0,442,1,167.13,1,2,1,Dormant Capital,1,1.0,0.0,0.0
18105.0,38,1,113.48000000000002,4,2,1,Dormant Capital,0,0.0,0.0,0.0
18104.0,37,1,754.64,4,2,3,Dormant Capital,0,0.0,0.0,0.0
18103.0,549,1,105.8,1,2,1,Dormant Capital,1,1.0,0.0,0.0
18102.0,1,145,608821.65,5,5,5,Tier 1 Alpha Asset,0,0.0,35253.544126248074,0.0
18101.0,11,5,629.16,5,4,3,Tier 1 Alpha Asset,0,0.0,13.34527428692288,0.0
18100.0,550,1,451.56,1,2,2,Dormant Capital,1,1.0,0.0,0.0
18099.0,127,1,168.31,3,2,1,Dormant Capital,1,1.0,0.0,0.0
18133.0,212,1,931.5,2,2,3,Dormant Capital,1,1.0,0.0,0.0
18132.0,504,1,226.9,1,2,1,Dormant Capital,1,1.0,0.0,0.0
18131.0,632,1,222.96,1,2,1,Dormant Capital,1,1.0,0.0,0.0
18130.0,15,3,1059.39,5,3,3,High-Yield Volatile,0,0.0,123.5121085719086,0.0
18129.0,243,1,112.55,2,2,1,Dormant Capital,1,1.0,0.0,0.0
18128.0,537,1,420.04,1,2,2,Dormant Capital,1,1.0,0.0,0.0
18127.0,19,4,561.53,5,4,2,Tier 1 Alpha Asset,0,0.0,23.558317703648715,0.0
18126.0,61,1,206.83,3,2,1,Dormant Capital,0,0.0,0.0,0.0
18125.0,30,4,1142.99,4,4,3,Tier 1 Alpha Asset,0,0.0,21.699466303445153,0.0
18124.0,472,1,111.53,1,2,1,Dormant Capital,1,1.0,0.0,0.0
18123.0,24,3,684.59,4,3,3,High-Yield Volatile,0,0.0,19.322508523635022,0.0
18122.0,8,6,1826.21,5,4,4,Tier 1 Alpha Asset,0,0.0,50.77374202920086,0.0
18120.0,214,1,111.15,2,2,1,Dormant Capital,1,1.0,0.0,0.0
18119.0,368,1,362.24,2,2,2,Dormant Capital,1,1.0,0.0,0.0
18118.0,11,29,6733.22,5,5,5,Tier 1 Alpha Asset,0,0.0,96.88478612937756,0.0
18117.0,26,1,320.72,4,2,2,Dormant Capital,0,0.0,0.0,0.0
12411.0,410,1,346.9,2,1,2,Dormant Capital,1,1.0,0.0,0.0
14135.0,2,24,9643.92,5,5,5,Tier 1 Alpha Asset,0,0.0,377.3528236779178,0.0
12408.0,33,8,4340.77,4,4,5,Tier 1 Alpha Asset,0,0.0,126.04555714050392,0.0
12407.0,50,5,1708.12,4,4,4,Tier 1 Alpha Asset,0,0.0,106.72203574600543,0.0
12406.0,22,5,6390.36,4,4,5,Tier 1 Alpha Asset,0,0.0,78.98832331535948,0.0
12405.0,149,1,1710.39,3,1,4,Dormant Capital,1,0.98,0.0,0.0
12404.0,682,1,63.24,1,1,1,Dormant Capital,1,1.0,0.0,0.0
12403.0,50,2,1019.36,4,2,3,Dormant Capital,0,0.0,96.40989920519446,0.0
12401.0,303,1,84.3,2,1,1,Dormant Capital,1,1.0,0.0,0.0
12400.0,414,1,205.25,1,1,1,Dormant Capital,1,1.0,0.0,0.0
12398.0,46,1,1635.66,4,1,4,Dormant Capital,0,0.0,0.0,0.0
12397.0,36,2,2409.9,4,2,4,Dormant Capital,0,0.0,54.84209449827805,0.0
18138.0,295,1,152.65,2,2,1,Dormant Capital,1,1.0,0.0,0.0
14132.0,2,11,3586.03,5,5,5,Tier 1 Alpha Asset,0,0.0,269.97117939101776,0.0
18136.0,63,5,1631.36,3,4,4,High-Yield Volatile,0,0.0,56.998742743383936,0.0
18135.0,29,10,1249.62,4,5,4,Tier 1 Alpha Asset,0,0.0,157.93708085790166,0.0
18159.0,301,1,530.15,2,2,2,Dormant Capital,1,1.0,0.0,0.0
18158.0,9,2,453.4,5,3,2,High-Yield Volatile,0,0.0,55.112038002973335,0.0
18157.0,571,1,215.35,1,2,1,Dormant Capital,1,1.0,0.0,0.0
18156.0,13,2,941.17,5,3,3,High-Yield Volatile,0,0.0,9.144886214760783,0.0
18155.0,75,3,371.62,3,3,2,High-Yield Volatile,0,0.0,38.285731782328455,0.0
18154.0,3,5,932.6,5,4,3,Tier 1 Alpha Asset,0,0.0,57.22116864808277,0.0
18153.0,659,1,246.22,1,2,1,Dormant Capital,1,1.0,0.0,0.0
18152.0,646,1,426.69,1,2,2,Dormant Capital,1,1.0,0.0,0.0
18150.0,32,3,566.58,4,3,2,High-Yield Volatile,0,0.0,54.02826508269238,0.0
18149.0,51,7,1624.71,4,4,4,Tier 1 Alpha Asset,0,0.0,54.91661182448752,0.0
18148.0,647,1,114.1,1,2,1,Dormant Capital,1,1.0,0.0,0.0
18147.0,46,2,179.34,4,3,1,High-Yield Volatile,0,0.0,79.737965192028,0.0
18145.0,13,11,5617.79,5,5,5,Tier 1 Alpha Asset,0,0.0,63.731480925675925,0.0
18144.0,8,19,5058.0,5,5,5,Tier 1 Alpha Asset,0,0.0,466.7507686235207,0.0
18140.0,474,1,536.41,1,2,2,Dormant Capital,1,1.0,0.0,0.0
14131.0,649,1,187.87,1,1,1,Dormant Capital,1,1.0,0.0,0.0
18176.0,358,1,476.35,2,2,2,Dormant Capital,1,1.0,0.0,0.0
18175.0,676,1,176.10000000000002,1,2,1,Dormant Capital,1,1.0,0.0,0.0
18174.0,7,2,162.5,5,3,1,High-Yield Volatile,0,0.0,62.019631214811405,0.0
18173.0,87,5,2696.36,3,4,4,High-Yield Volatile,0,0.0,135.53356139288462,0.0
18172.0,15,52,17479.84,5,5,5,Tier 1 Alpha Asset,0,0.0,811.8181644111397,0.0
18171.0,59,9,2437.31,4,5,4,Tier 1 Alpha Asset,0,0.0,100.62017091023976,0.0
18170.0,33,9,2878.0,4,5,4,Tier 1 Alpha Asset,0,0.0,87.83855296822719,0.0
18169.0,61,1,202.65,3,2,1,Dormant Capital,0,0.0,0.0,0.0
18167.0,23,3,1384.86,4,3,4,High-Yield Volatile,0,0.0,198.61279080335686,0.0
18166.0,624,1,175.5,1,2,1,Dormant Capital,1,1.0,0.0,0.0
18165.0,177,1,302.46,3,2,2,Dormant Capital,1,1.0,0.0,0.0
18164.0,37,1,399.65,4,2,2,Dormant Capital,0,0.0,0.0,0.0
18163.0,584,1,728.84,1,2,3,Dormant Capital,1,1.0,0.0,0.0
18162.0,732,1,379.16,1,2,2,Dormant Capital,1,1.0,0.0,0.0
18161.0,15,6,1803.1,5,4,4,Tier 1 Alpha Asset,0,0.0,85.163118476806,0.0
18160.0,57,3,1003.88,4,3,3,High-Yield Volatile,0,0.0,31.752137748960006,0.0
18199.0,684,1,344.75,1,2,2,Dormant Capital,1,1.0,0.0,0.0
18198.0,4,17,5425.56,5,5,5,Tier 1 Alpha Asset,0,0.0,487.13284304334803,0.0
18197.0,576,1,230.1,1,2,1,Dormant Capital,1,1.0,0.0,0.0
18195.0,387,1,101.16,2,2,1,Dormant Capital,1,1.0,0.0,0.0
18192.0,72,1,957.97,3,2,3,Dormant Capital,0,0.0,0.0,0.0
18189.0,78,3,1403.73,3,3,4,High-Yield Volatile,0,0.0,21.719177681826206,0.0
18188.0,15,6,3280.59,5,4,5,Tier 1 Alpha Asset,0,0.0,68.91891857936017,0.0
18187.0,632,1,724.89,1,2,3,Dormant Capital,1,1.0,0.0,0.0
18186.0,723,1,329.58000000000004,1,2,2,Dormant Capital,1,1.0,0.0,0.0
18185.0,249,1,304.25,2,2,2,Dormant Capital,1,1.0,0.0,0.0
18184.0,15,1,49.8,5,2,1,Dormant Capital,0,0.01,0.0,0.0
18182.0,463,1,291.13,1,2,1,Dormant Capital,1,1.0,0.0,0.0
18181.0,24,5,1205.94,4,4,3,Tier 1 Alpha Asset,0,0.0,14.229743654612435,0.0
18180.0,5,6,1843.75,5,4,4,Tier 1 Alpha Asset,0,0.0,150.7176131871678,0.0
18179.0,9,8,2547.55,5,5,4,Tier 1 Alpha Asset,0,0.0,83.80156084711794,0.0
14129.0,2,9,2591.34,5,5,4,Tier 1 Alpha Asset,0,0.0,109.1592521592969,0.0
18219.0,3,17,3562.89,5,5,5,Tier 1 Alpha Asset,0,0.0,125.3620318937994,0.0
18217.0,29,4,945.04,4,4,3,Tier 1 Alpha Asset,0,0.0,49.739864883269014,0.0
18216.0,31,1,481.75,4,2,2,Dormant Capital,0,0.0,0.0,0.0
14128.0,61,3,924.21,3,3,3,High-Yield Volatile,0,0.0,21.578542667928883,0.0
14126.0,8,4,1172.46,5,3,3,High-Yield Volatile,0,0.0,66.65007800440824,0.0
18213.0,237,1,232.48,2,2,1,Dormant Capital,1,1.0,0.0,0.0
18211.0,26,5,600.07,4,4,2,Tier 1 Alpha Asset,0,0.0,67.79314387549195,0.0
18210.0,2,7,2768.83,5,4,4,Tier 1 Alpha Asset,0,0.0,98.68925986102498,0.0
18209.0,29,1,139.10000000000002,4,2,1,Dormant Capital,0,0.0,0.0,0.0
18208.0,566,1,360.08,1,2,2,Dormant Capital,1,1.0,0.0,0.0
18207.0,499,1,544.47,1,2,2,Dormant Capital,1,1.0,0.0,0.0
18206.0,553,1,314.66,1,2,2,Dormant Capital,1,1.0,0.0,0.0
18205.0,36,2,517.36,4,3,2,High-Yield Volatile,0,0.0,67.84118227259398,0.0
18204.0,71,3,1993.7,3,3,4,High-Yield Volatile,0,0.0,37.06592269888119,0.0
18201.0,723,1,447.53,1,2,2,Dormant Capital,1,1.0,0.0,0.0
18200.0,106,1,163.8,3,2,1,Dormant Capital,1,1.0,0.0,0.0
18223.0,5,26,14000.85,5,5,5,Tier 1 Alpha Asset,0,0.0,265.1774267729017,0.0
18222.0,93,1,443.0,3,2,2,Dormant Capital,1,0.97,0.0,0.0
18221.0,22,6,1424.94,4,4,4,Tier 1 Alpha Asset,0,0.0,72.88161906775434,0.0
12396.0,674,1,931.43,1,1,3,Dormant Capital,1,1.0,0.0,0.0
12395.0,19,15,5067.27,5,5,5,Tier 1 Alpha Asset,0,0.0,149.37037443183408,0.0
12394.0,64,2,1272.48,3,2,4,Dormant Capital,0,0.0,85.24123498426877,0.0
12393.0,72,6,2399.45,3,4,4,High-Yield Volatile,0,0.0,86.61917800744607,0.0
12392.0,591,1,234.75000000000003,1,1,1,Dormant Capital,1,1.0,0.0,0.0
12391.0,22,6,2773.42,4,4,4,Tier 1 Alpha Asset,0,0.0,27.071457856378178,0.0
12390.0,80,1,549.84,3,1,2,Dormant Capital,0,0.0,0.0,0.0
12388.0,16,8,3901.11,5,4,5,Tier 1 Alpha Asset,0,0.0,107.57346188782174,0.0
12387.0,415,1,143.94,1,1,1,Dormant Capital,1,1.0,0.0,0.0
12385.0,379,1,1938.4,2,1,4,Dormant Capital,1,1.0,0.0,0.0
12384.0,29,2,585.27,4,2,2,Dormant Capital,0,0.0,65.90979075777156,0.0
12381.0,5,5,1845.31,5,4,4,Tier 1 Alpha Asset,0,0.0,190.38371808910233,0.0
12380.0,22,11,9676.3,4,5,5,Tier 1 Alpha Asset,0,0.0,173.21678255637534,0.0
18242.0,72,8,3605.21,3,5,5,High-Yield Volatile,0,0.0,86.98518581753466,0.0
18241.0,10,21,2986.99,5,5,5,Tier 1 Alpha Asset,0,0.0,194.1241678487959,0.0
18240.0,46,1,422.58,4,2,2,Dormant Capital,0,0.0,0.0,0.0
18238.0,515,1,270.92,1,2,1,Dormant Capital,1,1.0,0.0,0.0
18237.0,3,5,987.1,5,4,3,Tier 1 Alpha Asset,0,0.0,136.08555773768242,0.0
18236.0,30,12,1795.35,4,5,4,Tier 1 Alpha Asset,0,0.0,109.09905972175784,0.0
18235.0,72,3,1796.48,3,3,4,High-Yield Volatile,0,0.0,55.26555330956636,0.0
18234.0,552,1,179.6,1,2,1,Dormant Capital,1,1.0,0.0,0.0
18233.0,326,1,440.0,2,2,2,Dormant Capital,1,1.0,0.0,0.0
18232.0,82,4,592.97,3,4,2,High-Yield Volatile,0,0.0,73.86704493350601,0.0
18230.0,9,9,4291.06,5,5,5,Tier 1 Alpha Asset,0,0.0,152.78895700470375,0.0
18229.0,12,28,10803.71,5,5,5,Tier 1 Alpha Asset,0,0.0,600.1521713507333,0.0
18228.0,57,2,779.9,4,3,3,High-Yield Volatile,0,0.0,91.911325760336,0.0
18226.0,44,26,11878.88,4,5,5,Tier 1 Alpha Asset,0,0.0,274.2599850395953,0.0
18225.0,3,26,13054.26,5,5,5,Tier 1 Alpha Asset,0,0.0,246.43106666205497,0.0
18224.0,264,1,158.95000000000002,2,2,1,Dormant Capital,1,1.0,0.0,0.0
18287.0,43,7,4182.99,4,4,5,Tier 1 Alpha Asset,0,0.0,95.42943230990545,0.0
18273.0,2,4,357.0,5,4,2,Tier 1 Alpha Asset,0,0.0,164.35349565717235,0.0
18272.0,3,9,4385.9800000000005,5,5,5,Tier 1 Alpha Asset,0,0.0,81.02502220523259,0.0
18270.0,38,3,444.55,4,3,2,High-Yield Volatile,0,0.0,47.059794090912376,0.0
18269.0,366,1,337.20000000000005,2,2,2,Dormant Capital,1,1.0,0.0,0.0
12362.0,3,11,5356.2300000000005,5,5,5,Tier 1 Alpha Asset,0,0.0,90.80755301377658,0.0
12360.0,52,8,4252.89,4,4,5,Tier 1 Alpha Asset,0,0.0,70.74442303872254,0.0
12359.0,58,10,8935.94,4,5,5,Tier 1 Alpha Asset,0,0.0,99.98327643522839,0.0
12358.0,2,5,3887.07,5,4,5,Tier 1 Alpha Asset,0,0.0,98.73356913060655,0.0
12357.0,33,3,18287.66,4,3,5,High-Yield Volatile,0,0.0,118.07833254828137,0.0
12356.0,23,6,6373.68,4,4,5,Tier 1 Alpha Asset,0,0.0,173.5246805200378,0.0
12354.0,232,1,1079.4,2,1,3,Dormant Capital,1,1.0,0.0,0.0
12352.0,36,10,2849.84,4,5,4,Tier 1 Alpha Asset,0,0.0,198.11863353720463,0.0
12351.0,375,1,300.93,2,1,2,Dormant Capital,1,1.0,0.0,0.0
12350.0,310,1,334.40000000000003,2,1,2,Dormant Capital,1,1.0,0.0,0.0
18274.0,30,1,175.92,4,2,1,Dormant Capital,0,0.0,0.0,0.0
18243.0,414,1,515.78,1,2,2,Dormant Capital,1,1.0,0.0,0.0
12379.0,82,4,1620.22,3,3,4,High-Yield Volatile,0,0.0,41.291999385281244,0.0
12375.0,11,2,457.5,5,2,2,Dormant Capital,0,0.0,94.20362189710075,0.0
12374.0,25,4,2989.2200000000003,4,3,5,High-Yield Volatile,0,0.0,67.59212781309388,0.0
12372.0,72,3,1298.04,3,3,4,High-Yield Volatile,0,0.0,61.01541575127667,0.0
12371.0,45,5,4067.38,4,4,5,Tier 1 Alpha Asset,0,0.0,54.11914438891595,0.0
12370.0,51,7,4320.31,4,4,5,Tier 1 Alpha Asset,0,0.0,65.84675324066912,0.0
12368.0,628,1,917.7,1,1,3,Dormant Capital,1,1.0,0.0,0.0
12367.0,4,1,168.9,5,1,1,Dormant Capital,0,0.0,0.0,0.0
12366.0,634,1,500.24,1,1,2,Dormant Capital,1,1.0,0.0,0.0
12364.0,8,4,1313.1,5,3,4,High-Yield Volatile,0,0.0,116.01171754951436,0.0
18250.0,310,1,349.27,2,2,2,Dormant Capital,1,1.0,0.0,0.0
18249.0,17,1,95.34,5,2,1,Dormant Capital,0,0.0,0.0,0.0
18246.0,24,3,758.8199999999999,4,3,3,High-Yield Volatile,0,0.0,191.9738183119935,0.0
18245.0,7,20,6324.9800000000005,5,5,5,Tier 1 Alpha Asset,0,0.0,131.79685959264307,0.0
18252.0,51,7,1542.09,4,4,4,Tier 1 Alpha Asset,0,0.0,32.85634538029077,0.0
